phuong,thanh_pho,search_query,video_id,author,video_url,title,snippet
Ba Đình,Hà Nội,quán ăn ở Ba Đình Hà Nội,7504614488549625095,laciana20,https://www.tiktok.com/@laciana20/video/7504614488549625095,Phần 9 | Food tour các quận ở Hà Nội - BA ĐÌNH #suonnuong #goixoai #ocnuong #monnhau #foodtourhanoi #badinh #foodontiktok #xuhuong | TikTok,"1279 Likes, 21 Comments. TikTok video from Laciana 🌷 (@laciana20): “Phần 9 | Food tour các quận ở Hà Nội - BA ĐÌNH #suonnuong #goixoai #ocnuong #monnhau #foodtourhanoi #badinh #foodontiktok #xuhuong”. original sound - Laciana 🌷."
Ba Đình,Hà Nội,quán ăn ở Ba Đình Hà Nội,7229325640971996421,dicafekhum,https://www.tiktok.com/@dicafekhum/video/7229325640971996421,"Top 5 Quán Cà Phê Đẹp Nhất Quận Ba Đình, Hà Nội #cafe #dicafekhum #hanoi #tiktok #trending #checkin | TikTok",TikTok video from Ăn Chơi Khum (@dicafekhum)
Ba Đình,Hà Nội,quán ăn ở Ba Đình Hà Nội,7319851586186939650,vivuhanoii_,https://www.tiktok.com/@vivuhanoii_/video/7319851586186939650,"Sau khi thẩm hết 7749 quán gà lá é ở Hà Nội thì Tre Xanh Quán vẫn là chân ái trong lòng tôi!! 📍 109 D6 Giảng Võ, Ba Đình, HN. Mọi người nhớ đặt bàn trước nhé vì quán rất rất đông (kể cả ngày thường). #vivuhanoi #laugalaedalat #trexanhquan #laugalae #ancungtiktok #fyp #hanoi #LearnOnTiktok #hanoifood #laugalaehanoi #laugalaetrexanhquan #xuhuong | TikTok","1106 Likes, 96 Comments. TikTok video from Vi vu Hà Nội (@vivuhanoii_): “Sau khi thẩm hết 7749 quán gà lá é ở Hà Nội thì Tre Xanh Quán vẫn là chân ái trong lòng tôi!! 📍 109 D6 Giảng Võ, Ba Đình, HN."
Ba Đình,Hà Nội,quán ăn ở Ba Đình Hà Nội,7387647777565625608,lthivanh,https://www.tiktok.com/@lthivanh/video/7387647777565625608,Một quán cafe sân vườn viber Nhật Bản ngay tại Ba Đình #hanoi #imvanh💙 #cafehanoi #cafesongaohanoi #reviewcafe #xuhuong #lulicoffee | TikTok,"12.7K Likes, 300 Comments. TikTok video from Vân Anh đi chill 🌻 (@lthivanh): “Một quán cafe sân vườn viber Nhật Bản ngay tại Ba Đình #hanoi #imvanh💙 #cafehanoi #cafesongaohanoi #reviewcafe #xuhuong #lulicoffee”. cf Ba Đình오리지널 사운드 - Harryan_Yoonsoan."
Ba Đình,Hà Nội,quán ăn ở Ba Đình Hà Nội,7382585380471573777,quannayodau,https://www.tiktok.com/@quannayodau/video/7382585380471573777,"CAFE + HOA + MÈO ☕️ Nhà Của Mậu 📍 7 Ng. Núi Trúc, Kim Mã, Ba Đình ⏰ 7:30 - 22:00 Tiệm có không gian xinh ạ, đi chill, tránh nóng, thả hồn vào cây cối okela nè 🥰 Tự trải nghiệm - Tự review #quannayodau #review #cafe #coffee #nhacuamau #maudich #tiemhoamaudich #hoa #flowers #vibes #xuhuong #coffeetiktok #meow | TikTok","99 Likes, TikTok video from Quán này ở đâu? (@quannayodau): “CAFE + HOA + MÈO ☕️ Nhà Của Mậu 📍 7 Ng. Núi Trúc, Kim Mã, Ba Đình ⏰ 7:30 - 22:00 Tiệm có không gian xinh ạ, đi chill, tránh nóng, thả hồn vào cây cối okela nè 🥰 Tự trải nghiệm - Tự review #quannayodau #review #cafe #coffee #nhacuamau #maudich #tiemhoamaudich #hoa #flowers #vibes #xuhuong #coffeetiktok #meow”. Nhà của Mậunhạc nền - Quán này ở đâu?."
Ba Đình,Hà Nội,quán ăn ở Ba Đình Hà Nội,7443799324716420360,habunbun,https://www.tiktok.com/@habunbun/video/7443799324716420360,"Luli Coffee Artspace 📍11 ngõ 290 Kim Mã, Ba Đình, Hà Nội Mách các bạn khung giờ vắng nhất để sống ảo tại chiếc cafe decor Noel nổi nhất quận Ba Đình #habunreview #habuncafe #fypシ゚ #trending #xuhuong #xh #coffeehanoi #reviewcafe #lulicoffeeartspace #lulicoffee | TikTok",TikTok video from 🧸HaBun🎀 (@habunbun)
Ba Đình,Hà Nội,quán ăn ở Ba Đình Hà Nội,7402233420006296849,nhandian,https://www.tiktok.com/@nhandian/video/7402233420006296849,Tổng hợp vài quán ruột của tui trên đường Bùi Đình Tuý (Bình Thạnh) 😗 #foodtour #binhthanh #ancungtiktok #nhandian #comganhatrang #banhcanhcua #tauhu #banhtrangtron #xuhuong #fyp | TikTok,TikTok video from NHÂN ĐI ĂN 😙 (@nhandian): “Tổng hợp vài quán ruột của tui trên đường Bùi Đình Tuý (Bình Thạnh) 😗 #foodtour #binhthanh #ancungtiktok #nhandian #comganhatrang #banhcanhcua #tauhu #banhtrangtron ...
Ba Đình,Hà Nội,quán ăn ở Ba Đình Hà Nội,7271276669787245829,ninhtito,https://www.tiktok.com/@ninhtito/video/7271276669787245829,Top 15 Địa Điểm Ăn Tối Ngon Ở Hà Nội Cho Bạn,"Bánh cuốn ruốc tôm - 15 Kim Mã, Ba Đình, HN 18. Xôi Hiệp Hòa - 415 Đê La Thành, Đống Đa, HN (còn tiếp) #ninheating #ancungtiktok #ninhtito #FoodTour #review #anhtraisayhi #anhtraivuotnganchonggai #atsh #atvncg ..."
Ba Đình,Hà Nội,quán ăn ở Ba Đình Hà Nội,7328234856033422594,sonharryy,https://www.tiktok.com/@sonharryy/video/7328234856033422594,10 điểm cho quán Nầm Núng Nính siêu ngon ở Hà Nội #thanhthoiluottet #LearnOnTikTok #ancungtiktok #reviewanngon #boxstudio #sonharryy #hellohanoi | TikTok,"Khám phá được thêm 1 quán ngon “ Ẩm Thực 3 Miền” ngon đáng thử ở Hà Nội - Bánh Xèo rất mê ạ. 📍Bánh Xèo Nón Lá / 221 Tô Hiệu, Phường Nghĩa Đô, Hà Nội #banhxeononla #LearnOnTikTok #ancungtiktok ..."
Ba Đình,Hà Nội,quán ăn ở Ba Đình Hà Nội,7493546709595720967,tebefood,https://www.tiktok.com/@tebefood/video/7493546709595720967,"Tổng hợp 4 quán nên ăn trên đường Hai Bà Trưng quận 1, ngay cung đường duyệt binh #tebefood #AnCungTikTok #LearnOnTikTok #vtmgr #HappyVietNam | TikTok","3302 Likes, 20 Comments. TikTok video from Tebefood (@tebefood): “Tổng hợp 4 quán nên ăn trên đường Hai Bà Trưng quận 1, ngay cung đường duyệt binh #tebefood #AnCungTikTok #LearnOnTikTok #vtmgr #HappyVietNam”. nhạc nền - Tebefood."
Ba Đình,Hà Nội,quán ăn ở Ba Đình Hà Nội,7482788660547423496,chensach.hanoi,https://www.tiktok.com/@chensach.hanoi/video/7482788660547423496,Quán nem nướng có sốt chấm đỉnh nhất lòng tôi này ae! | TikTok,Hai Bà Trưng District · Hanoi · Chén Sạch Hà Nội · 2025-3-17 · Quán nem nướng có sốt chấm đỉnh nhất lòng tôi này ae! more · See translation · 00:13 / 01:01 · 1720 · 61 · 763 · 640 · Comments · You may like ·
Ba Đình,Hà Nội,quán ăn ở Ba Đình Hà Nội,7520994657434684680,chaugiathucpho,https://www.tiktok.com/@chaugiathucpho/video/7520994657434684680,"Quán cơm gia đình người Hoa, giá bình dân, hợp túi tiền, nhưng món ăn lại ngon và chất lượng. Gà xì dầu, há cảo, xíu mại #xuhuong #chauthong #trending #phichaydimsum #diemtam #monhoa | TikTok",TikTok video from CHÂU GIA THỰC PHỔ 🏮周家食谱🏮 (@chaugiathucpho)
Ba Đình,Hà Nội,quán ăn ở Ba Đình Hà Nội,7477966720678858001,utcungdidau,https://www.tiktok.com/@utcungdidau/video/7477966720678858001,"Không phải cơm tấm hay ốc, đây là quán ăn kiểu gia đình mọi người nên thử khi tới Sài Gòn nha #ancungtiktok #reviewanngon #saigon #saigonfood #saigonangi #foryou #xuhuongtiktok #utcungdidau #tanbinh | TikTok","TikTok video from Út Cưng Đi Đâu (@utcungdidau): “Không phải cơm tấm hay ốc, đây là quán ăn kiểu gia đình mọi người nên thử khi tới Sài Gòn nha #ancungtiktok #reviewanngon #saigon #saigonfood #saigonangi #foryou ..."
Ba Đình,Hà Nội,quán ăn ở Ba Đình Hà Nội,7434547309502926088,eatfit_feelfit,https://www.tiktok.com/@eatfit_feelfit/video/7434547309502926088,Ốc dì Tú 144c Quán Thánh #review #hanoifood #trainghiemthucte #ansaonoivay #viral | TikTok,"TikTok video from Eat Fit, Feel Fit (@eatfit_feelfit)"
Ba Đình,Hà Nội,quán ăn ở Ba Đình Hà Nội,7568471791014890773,nangthuvathich,https://www.tiktok.com/@nangthuvathich/video/7568471791014890773,"Series nhà hàng Michelin Selected: 1946 Cửa Bắc Nhà hàng Việt đậm chất Việt mà tui rất ưng: . Đồ ăn: chuẩn chỉnh các món ăn Việt, phục vụ nhanh, chu đáo . Không gian: thiết kế đậm chất Việt Nam, tỉ mỉ và chỉn chu Nếu có bạn bè quốc tế tới thăm thì @1946 Restaurant là lựa chọn ổn áp luôn nha! #1946restaurant #michelinselected #hanoifood | TikTok","đến A Bản mới hiểu tại sao A Bản nằm trong list Michelin Selected của Việt Nam 2 năm liền ✨✨ 📍 A Bản - 76 Trần Phú, Ba Đình, HN #nglethuthuy #ReviewAnNgon #AnCungTiktok #ABan #amthuctaybac ..."
Ngọc Hà,Hà Nội,quán ăn ở Ngọc Hà Hà Nội,7491909826763689234,bachuareview,https://www.tiktok.com/@bachuareview/video/7491909826763689234,phần 1 - foodtour ngõ 21 phạm ngọc thạch no căng từ trưa tới tối toàn quán hot thui #ancungtiktok #LearnOnTikTok #vtmgr #bachuareview | TikTok,TikTok video from Bà chúa review 🙆🏻♀️ (@bachuareview): “phần 1 - foodtour ngõ 21 phạm ngọc thạch no căng từ trưa tới tối toàn quán hot thui #ancungtiktok #LearnOnTikTok #vtmgr #bachuareview”. foodtour ngõ ...
Ngọc Hà,Hà Nội,quán ăn ở Ngọc Hà Hà Nội,7497558867119721735,bachuareview,https://www.tiktok.com/@bachuareview/video/7497558867119721735,Mùa Đông Hà Nội: Trải Nghiệm Thưởng Thức Đặc Sản,TikTok video from Bà chúa review 🙆🏻♀️ (@bachuareview)
Ngọc Hà,Hà Nội,quán ăn ở Ngọc Hà Hà Nội,7599997758040263954,bachuareview,https://www.tiktok.com/@bachuareview/video/7599997758040263954,"nướng than hoa thịt tươi mở đêm đến 4h sáng nè📍kiên kồ chill - 171 nguyễn ngọc vũ, cầu giấy #vtmgr #bachuareview #ancungtiktok #learnontiktok | TikTok",TikTok video from Bà chúa review 🙆🏻♀️ (@bachuareview)
Ngọc Hà,Hà Nội,quán ăn ở Ngọc Hà Hà Nội,7276021914986908930,loanhquanhcungheo,https://www.tiktok.com/@loanhquanhcungheo/video/7276021914986908930,Quán ăn Hàn Quốc có vô vàn loại mì siu ngonggg Đ/c: 505 Kim Mã #ReviewAnNgon #mihanquoc #koreanfood #LearnOnTikTok #hanoifood #xuhuong #viral #loanhquanhcungheo | TikTok,TikTok video from loanhQuanhcùngHẻo (@loanhquanhcungheo)
Ngọc Hà,Hà Nội,quán ăn ở Ngọc Hà Hà Nội,7402227666784390418,lelahanoi.reviewfood,https://www.tiktok.com/@lelahanoi.reviewfood/video/7402227666784390418,Ốc Ngọc Buffet ở Hà Nội: Review Địa Điểm Buffet Ốc Ngon ...,"TikTok video from Lê La Hà Nội (@lelahanoi.reviewfood): “Khám phá review chi tiết về quán Buffet ốc ở Hà Nội với hơn 30 món ngon và giá ưu đãi. Ăn ngon, không gian rộng rãi tại quán Buffet ốc Ngọc.”."
Ngọc Hà,Hà Nội,quán ăn ở Ngọc Hà Hà Nội,7136809431160917274,lee.haydi,https://www.tiktok.com/@lee.haydi/video/7136809431160917274,"Món ăn gì mà ăn cuốn quá vậy nè, cái tên quán cũng nghe hay hay nữa #thitxiennuong #AnCungTikTok #ReviewAnNgon #reviewfood #xuhuong | TikTok",TikTok video from LEE hay đi | Lê Hoàng Ân (@lee.haydi)
Ngọc Hà,Hà Nội,quán ăn ở Ngọc Hà Hà Nội,7508770055862095111,chyangicungduoc,https://www.tiktok.com/@chyangicungduoc/video/7508770055862095111,Review Quán Ăn Ngon Ở Hà Nội,TikTok video from chy ăn gì cũng được (@chyangicungduoc)
Ngọc Hà,Hà Nội,quán ăn ở Ngọc Hà Hà Nội,7328234856033422594,sonharryy,https://www.tiktok.com/@sonharryy/video/7328234856033422594,10 điểm cho quán Nầm Núng Nính siêu ngon ở Hà Nội #thanhthoiluottet #LearnOnTikTok #ancungtiktok #reviewanngon #boxstudio #sonharryy #hellohanoi | TikTok,"Khám phá được thêm 1 quán ngon “ Ẩm Thực 3 Miền” ngon đáng thử ở Hà Nội - Bánh Xèo rất mê ạ. 📍Bánh Xèo Nón Lá / 221 Tô Hiệu, Phường Nghĩa Đô, Hà Nội #banhxeononla #LearnOnTikTok #ancungtiktok ..."
Ngọc Hà,Hà Nội,quán ăn ở Ngọc Hà Hà Nội,7629030465722174727,bietlareview,https://www.tiktok.com/@bietlareview/video/7629030465722174727,"Bún ngan Đội Cấn: giá “sinh viên” mà vị “nhà hàng” 🥢🔥 Huyền Bún Ngan 21 Đội Cấn, Ngọc Hà, Hà Nội Giá mềm mà nhiều thịt nhiều topping, bún sợi nhỏ dễ ăn nhưng hơi khó gắp, tiết mềm, măng ăn kèm siêu ngon — ăn là dính luôn #huyenbunngan #doican #reviewbunngan #fyp #bietlareview | TikTok","29 Likes, TikTok video from Biết Là Review (@bietlareview): “Bún ngan Đội Cấn: giá “sinh viên” mà vị “nhà hàng” 🥢🔥 Huyền Bún Ngan 21 Đội Cấn, Ngọc Hà, Hà Nội Giá mềm mà nhiều thịt nhiều ..."
Ngọc Hà,Hà Nội,quán ăn ở Ngọc Hà Hà Nội,7274206340673703170,mtochuc,https://www.tiktok.com/@mtochuc/video/7274206340673703170,Những quán ăn sáng phải thử khi ở Hà Nội #tochucm #ănsang #hanoi #cafe #review #reviewhanoi #bunrieu | TikTok,TikTok video from Tổ chức M (@mtochuc)
Ngọc Hà,Hà Nội,quán ăn ở Ngọc Hà Hà Nội,7312776345426201857,huunhankhoai,https://www.tiktok.com/@huunhankhoai/video/7312776345426201857,Quán nhậu lý tưởng ở bờ kè Trường Sa #AnCungTikTok #HuuNhanKhoai #LearnOnTikTok #ReviewAnNgon #SaiGon | TikTok,TikTok video from Hữu Nhân Khoai (@huunhankhoai): “Quán nhậu lý tưởng ở bờ kè Trường Sa #AnCungTikTok #HuuNhanKhoai #LearnOnTikTok #ReviewAnNgon #SaiGon”. Escape 574nhạc nền - Hữu Nhân (Khoai) - Hữu Nhân Khoai.
Ngọc Hà,Hà Nội,quán ăn ở Ngọc Hà Hà Nội,7513137517311397138,diancungengg,https://www.tiktok.com/@diancungengg/video/7513137517311397138,Quán hàn *new* ở Cầu Giấy - giá chỉ vài chục cành mọi người biết chưa ? #engthichanngon #reviewfood #amthuchanoi #anchoihanoi #reviewdoanngon #luckyhouse | TikTok,"18.1K Likes, 212 Comments. TikTok video from Éngg Thích Ăn Chơii (@diancungengg): “Quán hàn *new* ở Cầu Giấy - giá chỉ vài chục cành mọi người biết chưa ? #engthichanngon #reviewfood #amthuchanoi #anchoihanoi #reviewdoanngon #luckyhouse”. nhạc nền - Éngg Thích Ăn Ngonn🥢 - Éngg Thích Ăn Chơii."
Ngọc Hà,Hà Nội,quán ăn ở Ngọc Hà Hà Nội,7382575670574075153,tep2002_,https://www.tiktok.com/@tep2002_/video/7382575670574075153,"Nhà hàng Ngọc Được - Review nhà hàng tại Hoài Đức - Trâu tươi, lợn bản, rau rừng #ReviewAnNgon #AnCungTikTok | TikTok","6923 Likes, 92 Comments. TikTok video from Tép Đi Đâu Đấy (@tep2002_): “Khám phá nhà hàng Ngọc Được với thực đơn phong phú gồm trâu tươi, lợn bản và rau rừng tươi ngon. #ReviewAnNgon #AnCungTikTok”."
Ngọc Hà,Hà Nội,quán ăn ở Ngọc Hà Hà Nội,7369455021571706119,dolri.nn,https://www.tiktok.com/@dolri.nn/video/7369455021571706119,Quán đồ ăn Nhật Bản giá HSSV nằm ngay Quận Thanh Xuân mà các cậu nhất định phải thử #foodreview #doannhatban #food #hanoi #damboramen #ramen #xuhuong | TikTok,TikTok video from Dolri.nn (@dolri.nn)
Ngọc Hà,Hà Nội,quán ăn ở Ngọc Hà Hà Nội,7126014523596672282,bachuareview,https://www.tiktok.com/@bachuareview/video/7126014523596672282,Quán Lẩu Trung Quốc Ngon Ở Ngọc Khánh - Comi Chef Home,nghĩ lại thèm cốc lam thu dẻo quánh kem cốm tú lệ rùii📍lam trà - nhiều cơ sở ở hà nội #vtmgr #bachuareview #ancungtiktok #lamtra #trathomthanhvi
Giảng Võ,Hà Nội,quán ăn ở Giảng Võ Hà Nội,7226684548342500613,habutiudoi,https://www.tiktok.com/@habutiudoi/video/7226684548342500613,Nhà hàng đồ ăn Việt Nam ngon khu Giảng Võ mn ơiiiii 📍Ẩm thực Bó Đũa - 106/D6 Giảng Võ- Ba Đình- Hà Nội #dicunghabut #doanvietnam #comviet #giangvo | TikTok,TikTok video from Hà Bụt iu đời⟡ (@habutiudoi)
Giảng Võ,Hà Nội,quán ăn ở Giảng Võ Hà Nội,7415982100454673671,nglethuthuy,https://www.tiktok.com/@nglethuthuy/video/7415982100454673671,"quán Thái mới ở khu Giảng Võ 🇹🇭🇹🇭 Pai Kin Khao: 122-K1 Giảng Võ, HN #nglethuthuy #AnCungTiktok #ReviewAnNgon #quanthai #paikinkhao #đồthái | TikTok","TikTok video from Ng Lê Thu Thuỷ ✨ (@nglethuthuy): “quán Thái mới ở khu Giảng Võ 🇹🇭🇹🇭 Pai Kin Khao: 122-K1 Giảng Võ, HN #nglethuthuy #AnCungTiktok #ReviewAnNgon #quanthai #paikinkhao #đồthái”. nhạc nền ..."
Giảng Võ,Hà Nội,quán ăn ở Giảng Võ Hà Nội,7343612975552531733,cenn_hl,https://www.tiktok.com/@cenn_hl/video/7343612975552531733,"☕️The Yard Cafe & Bistro 📍22 ngõ 279 Giảng Võ, Đống Đa, Hà Nội Lang thang khu Giảng Võ mà tìm được quán cafe “chiều lòng” chị em nhân ngày 8/3 quá. Nằm trong con ngõ nhỏ nhưng The Yard lại mang đến không gian 3 tầng với khoảng sân xinh xắn, bắt mắt. Menu khá đa dạng với mức giá không quá cao mà đồ uống ngon xỉu. Hôm nay mình có gọi 2 loại trà là trà lài dâu quýt và trà đào hoa bụt dấm theo mình thấy khá ngon và đậm vị. Không chỉ sở hữu không gian tinh tế pha trộn giữa cổ điển và hiện đại, 8/3 này quán còn ""chơi lớn"" đầu tư rất nhiều hoa tươi và có hẳn một xe hoa để hội chị em thoải mái chụp hình xinh yêu ☺️ Chị em đến quán sẽ được tặng quà 8/3 nữa. Quá là chiều khách rồi. Ngày của chị em mình đã đến rất gần rồi, ghé The Yard ngay thui nào 🌹🌸 #xuhuong #coffeehanoi #reviewcafe #quancafesongaohanoi #cafehanoi #caphehanoi #trending #caphehanoi #foryou #hanoireview #caphe #diadiemsongao | TikTok","TikTok video from Chị em ngựa ngựa (@cenn_hl): “☕️The Yard Cafe & Bistro 📍22 ngõ 279 Giảng Võ, Đống Đa, Hà Nội Lang thang khu Giảng Võ mà tìm được quán cafe “chiều lòng” chị em nhân ngày 8/3 quá."
Giảng Võ,Hà Nội,quán ăn ở Giảng Võ Hà Nội,7392453889955482887,bachuareview,https://www.tiktok.com/@bachuareview/video/7392453889955482887,"Review quán Bảo Hoa Viên - 114A1 Giảng Võ, Ba Đình",TikTok video from Bà chúa review 🙆🏻♀️ (@bachuareview)
Giảng Võ,Hà Nội,quán ăn ở Giảng Võ Hà Nội,7312023228166311170,linhduareview,https://www.tiktok.com/@linhduareview/video/7312023228166311170,Quán Cafe Chill 'The First' ở Giảng Võ - Review Linh Dua,TikTok video from Linh Dứa (@linhduareview)
Giảng Võ,Hà Nội,quán ăn ở Giảng Võ Hà Nội,7581445145044815111,annayuongkia,https://www.tiktok.com/@annayuongkia/video/7581445145044815111,Khám Phá Quán Ốc 112 Giảng Võ – Món Chân Gà Ngon ...,TikTok video from Ăn nhăng nhăng 💁🏼♀️ (@annayuongkia)
Giảng Võ,Hà Nội,quán ăn ở Giảng Võ Hà Nội,7345422651113868552,micheocheo,https://www.tiktok.com/@micheocheo/video/7345422651113868552,Đâm thẳng ngõ 149 Giảng Võ là thấy tiệm xanh xanh nâu nâu mà tóm gọn lại là thíchhh và phù hợp để quay lại nhiều lần 🛵🍃 #irdrinkstation #coffeebadinh #caphebadinh #caphegiangvo #coffeehanoi #caphehanoi | TikTok,"187 Likes, TikTok video from ✮ trà táo bạc hà 🪐 (@micheocheo): “Đâm thẳng ngõ 149 Giảng Võ là thấy tiệm xanh xanh nâu nâu mà tóm gọn lại là thíchhh và phù hợp để quay lại nhiều lần 🛵🍃 ..."
Giảng Võ,Hà Nội,quán ăn ở Giảng Võ Hà Nội,7419679985494953236,ng.hamii,https://www.tiktok.com/@ng.hamii/video/7419679985494953236,Lẩu Đuôi Bò Tươi Giảng Võ - Review Quán Ngon Hà Nội,"📍115 D5 Giảng Võ, Ba Đình Lẩu đuôi bò tươi chỉ trung thành ở đây chưa có ý định kiếm quán mới ✨😎 #lauduoiboloan #lauduoibo #laufungtiktok #learnontiktok #reviewfood #reviewdoan #hanoifood #reviewanngon #xuhuong ..."
Giảng Võ,Hà Nội,quán ăn ở Giảng Võ Hà Nội,7226682445226167558,meilyinhanoi,https://www.tiktok.com/@meilyinhanoi/video/7226682445226167558,"Nằm trong khu D6 Giảng Võ có một quán đồ ăn Việt siêu ngon mà chưa có ai biết đến nè📍Ẩm Thực Bó Đũa, 106D6 Giảng Võ, Ba Đình, HN #meimeily_ #eatwithmeily #vtvcab #ancungtiktok #hômnayăngì #foodreviewhanoi #tiktokfood #vietnamesefood | TikTok",TikTok video from 𝐌𝐞𝐢𝐥𝐲 🌻 (@meilycorner)
Giảng Võ,Hà Nội,quán ăn ở Giảng Võ Hà Nội,7198080381223013659,_troosismeee,https://www.tiktok.com/@_troosismeee/video/7198080381223013659,IMeatU Giảng Võ - Nhà hàng nướng “chuẩn Hàn” cho ngày Valentine tới ❤️🔥 #gdlfamily #learnontiktok #_troosismeee #reviewanngon #foodreview #AnCungTikTok #valentine2023 #imeatu | TikTok,TikTok video from Sành Ăn Hà Nội ✈️ (@_troosismeee): “IMeatU Giảng Võ - Nhà hàng nướng “chuẩn Hàn” cho ngày Valentine tới ❤️🔥 #gdlfamily #learnontiktok #_troosismeee #reviewanngon #foodreview #AnCungTikTok ...
Giảng Võ,Hà Nội,quán ăn ở Giảng Võ Hà Nội,7231215943391661317,hongg._.nhungg,https://www.tiktok.com/@hongg._.nhungg/video/7231215943391661317,Ẩm thực bó đũa-106d6 Giảng Võ #ănngon #ăncungtiktok #food #review #AnCungTikTok #hanoi | TikTok,TikTok video from Nhung nè (@hongg._.nhungg)
Giảng Võ,Hà Nội,quán ăn ở Giảng Võ Hà Nội,7241155555354561798,longlongneee,https://www.tiktok.com/@longlongneee/video/7241155555354561798,📍cơm rang ánh dung: 104a1 giảng võ. ⭐️: 80-150 cành. #AnCungTikTok #ReviewAnNgon #LearnOnTikTok #Foodreview #longlongangi #fyp #foodfestontiktok | TikTok,longlongneee Long ăn gì? · 2023-6-5 · Follow · more · 📍cơm rang ánh dung: 104a1 giảng võ. ⭐️: 80-150 cành. #AnCungTikTok #ReviewAnNgon #LearnOnTikTok #Foodreview #longlongangi #fyp #foodfestontiktok · Ba Đình · Hanoi · 224 comments · Log in to comment ·
Giảng Võ,Hà Nội,quán ăn ở Giảng Võ Hà Nội,7359944262559010049,hongg._.nhungg,https://www.tiktok.com/@hongg._.nhungg/video/7359944262559010049,Bún ốc có nước dùng ngon lắm 📍 ngõ 140 Giảng Võ #foodfestontiktok #ancungtiktok #reviewquanngon #bunoc | TikTok,TikTok video from Nhung nè (@hongg._.nhungg)
Giảng Võ,Hà Nội,quán ăn ở Giảng Võ Hà Nội,7319851586186939650,vivuhanoii_,https://www.tiktok.com/@vivuhanoii_/video/7319851586186939650,"Sau khi thẩm hết 7749 quán gà lá é ở Hà Nội thì Tre Xanh Quán vẫn là chân ái trong lòng tôi!! 📍 109 D6 Giảng Võ, Ba Đình, HN. Mọi người nhớ đặt bàn trước nhé vì quán rất rất đông (kể cả ngày thường). #vivuhanoi #laugalaedalat #trexanhquan #laugalae #ancungtiktok #fyp #hanoi #LearnOnTiktok #hanoifood #laugalaehanoi #laugalaetrexanhquan #xuhuong | TikTok","1106 Likes, 96 Comments. TikTok video from Vi vu Hà Nội (@vivuhanoii_): “Sau khi thẩm hết 7749 quán gà lá é ở Hà Nội thì Tre Xanh Quán vẫn là chân ái trong lòng tôi!! 📍 109 D6 Giảng Võ, Ba Đình, HN."
Giảng Võ,Hà Nội,quán ăn ở Giảng Võ Hà Nội,7301512096808848641,monngonhp,https://www.tiktok.com/@monngonhp/video/7301512096808848641,"DAEGU Lẩu Nướng Hàn Quốc - 341 Văn Cao, Ngô Quyền, Hải Phòng(10h30 - 14h/ 17h30 - 22h) | TikTok",TikTok video from Món Ngon Hải Phòng (@monngonhp)
Hoàn Kiếm,Hà Nội,quán ăn ở Hoàn Kiếm Hà Nội,7467926505557986582,,https://www.tiktok.com/@/video/7467926505557986582,TikTok - Make Your Day,TikTok - Make Your Day
Hoàn Kiếm,Hà Nội,quán ăn ở Hoàn Kiếm Hà Nội,7006467767717203206,,https://www.tiktok.com/@/_sauce90/video/7006467767717203206,TikTok,TikTok for GoodAdvertiseSell on TikTok ShopTikTok LIVE Creator NetworksDevelopersTransparencyTikTok EmbedsSoundOn Music DistributionTikTok LiveTikTok Shop
Hoàn Kiếm,Hà Nội,quán ăn ở Hoàn Kiếm Hà Nội,7208702356110740742,,https://support16-normal-useast1a.tiktok.com/@/video/7208702356110740742,support16-normal-useast1a.tiktok.com,support16-normal-useast1a.tiktok.com
Hoàn Kiếm,Hà Nội,quán ăn ở Hoàn Kiếm Hà Nội,7345623727712914720,,https://www.tiktok.com/@/video/7345623727712914720,TikTok - Make Your Day,Log in to TikTok This post may not be comfortable for some audiences. Log in to make the most of your experience.
Hoàn Kiếm,Hà Nội,quán ăn ở Hoàn Kiếm Hà Nội,7470274605895372078,,https://www.tiktok.com/@/video/7470274605895372078,TikTok - Make Your Day,"This account is private Looking for videos? Try browsing our trending creators, hashtags, and sounds."
Hoàn Kiếm,Hà Nội,quán ăn ở Hoàn Kiếm Hà Nội,6925497998071860485,,https://www.tiktok.com/@/video/6925497998071860485/,TikTok - Make Your Day,ไม่มีหน้านี้อยู่ ขออภัยด้วย โปรดลองอีกครั้งในภายหลัง ลอง ...
Hoàn Kiếm,Hà Nội,quán ăn ở Hoàn Kiếm Hà Nội,7612982828782882069,,https://www.tiktok.com/video/7612982828782882069,TikTok,TikTok ... TikTok
Hoàn Kiếm,Hà Nội,quán ăn ở Hoàn Kiếm Hà Nội,7673897137083518226,cun.1906,https://www.tiktok.com/@cun.1906/video/7673897137083518226,Quán Cafe Rộng Đẹp Ở Hoàn Kiếm - 1 CHẠM Tràng Thi | TikTok,"Bạn có biết tại trung tâm khu Hoàn Kiếm lại có một quán cafe ""1 CHẠM"" với không gian siêu rộng và đẹp đến ""xỉu"" không? Tọa lạc tại địa chỉ 10B Tràng Thi, Hoàn Kiếm, Hà Nội, quán cafe này thực sự là một khám phá thú vị. ""1 CHẠM"" sở hữu một không gian được trang trí theo tone nâu ấm áp, mang đến cảm giác ..."
Hoàn Kiếm,Hà Nội,quán ăn ở Hoàn Kiếm Hà Nội,7632240875531160839,znewssocial,https://www.tiktok.com/@znewssocial/video/7632240875531160839,"Tổng thống Hàn Quốc khen Việt Nam: 'Quán nào ăn cũng ngon' ở ...Tổng hợp những quán ăn ngon tại Quận Hoàn Kiếm - Hà Nội ...#hoàn_kiếm Gắn hashtag cho các video trên TikTokBẢN QUÁN - Số 02 Đường Thành, P. Cửa Đông, Q. Hoàn Kiếm, Hà ...Nhớ lắm các quán ăn vặt Hoàn Kiếm, thứ mà tui lun lun thèm # ...Khám Phá Ẩm Thực Quận Hoàn Kiếm: Món Ngon Nên Thử | TikTok","Kết luận: Một phát ngôn giản dị khi tản bộ quanh Hồ Hoàn Kiếm đã truyền tải thông điệp mạnh mẽ về ẩm thực Việt Nam: ngon, đa dạng và dễ tiếp cận. Bạn có ấn tượng nào về quán ăn ở Hà Nội muốn chia sẻ? Jan 9, 2025 · TikTok video from AEGPlus (@aegplus): “Tổng hợp những quán ăn ngon tại Quận Hoàn Kiếm - Hà Nội. Mukbang nhanh còn về nhà ăn #Tết thôi nào. #ancungtiktok #xuhuong #thinhhanh #reviewanngon #hanoi”. #hoàn_kiếm | 29.3K người đã xem nội dung này. Xem các video ngắn về #hoàn_kiếm trên TikTok. 1154 Lượt thích,Video TikTok từ Goodfooddiary (@nhatkyanngon): ""📍BẢN QUÁN - Số 02 Đường Thành, P. Cửa Đông, Q. Hoàn Kiếm, Hà Nội. #nhatkyanngon #hanoifood #banquan #aban"".Food Service. BẢN QUÁNHeart of the Forest - Ghibli Melodic & Muses Records. 747 Lượt thích,Video TikTok từ Ở HÀ NỘI (@ohanoi.vn): ""Nhớ lắm các quán ăn vặt Hoàn Kiếm, thứ mà tui lun lun thèm😙 #ohanoi #ohanoivn #anvat #hoankiem #vtmgr"".original sound - Ở HÀ NỘI. Aug 25, 2023 · Tìm hiểu những địa điểm ăn ngon tại quận Hoàn Kiếm. Thưởng thức các món đặc sản Hà Nội hấp dẫn. #LearnOnTikTok #ReviewAnNgon #AnCungTikTok Đây là bản tóm tắt nội dung do AI tạo và không nhằm mục đích cung cấp ngữ cảnh thực tế."
Hoàn Kiếm,Hà Nội,quán ăn ở Hoàn Kiếm Hà Nội,7629653642488089863,nhatkyanngon,https://www.tiktok.com/@nhatkyanngon/video/7629653642488089863,"BẢN QUÁN - Số 02 Đường Thành, P. Cửa Đông, Q. Hoàn Kiếm, Hà ...","1154 Lượt thích,Video TikTok từ Goodfooddiary (@nhatkyanngon): ""📍BẢN QUÁN - Số 02 Đường Thành, P. Cửa Đông, Q. Hoàn Kiếm, Hà Nội. #nhatkyanngon #hanoifood #banquan #aban"".Food Service. BẢN QUÁNHeart of the Forest - Ghibli Melodic & Muses Records."
Hoàn Kiếm,Hà Nội,quán ăn ở Hoàn Kiếm Hà Nội,7672012888546250005,ohanoi.vn,https://www.tiktok.com/@ohanoi.vn/video/7672012888546250005,"Nhớ lắm các quán ăn vặt Hoàn Kiếm, thứ mà tui lun lun thèm # ...","747 Lượt thích,Video TikTok từ Ở HÀ NỘI (@ohanoi.vn): ""Nhớ lắm các quán ăn vặt Hoàn Kiếm, thứ mà tui lun lun thèm😙 #ohanoi #ohanoivn #anvat #hoankiem #vtmgr"".original sound - Ở HÀ NỘI."
Hoàn Kiếm,Hà Nội,quán ăn ở Hoàn Kiếm Hà Nội,7271203028944964870,hanjiun,https://www.tiktok.com/@hanjiun/video/7271203028944964870,Khám Phá Ẩm Thực Quận Hoàn Kiếm: Món Ngon Nên Thử | TikTok,"Aug 25, 2023 · Tìm hiểu những địa điểm ăn ngon tại quận Hoàn Kiếm. Thưởng thức các món đặc sản Hà Nội hấp dẫn. #LearnOnTikTok #ReviewAnNgon #AnCungTikTok Đây là bản tóm tắt nội dung do AI tạo và không nhằm mục đích cung cấp ngữ cảnh thực tế."
Cửa Nam,Hà Nội,quán ăn ở Cửa Nam Hà Nội,7664465119585307924,userondaplanet,https://www.tiktok.com/@userondaplanet/video/7664465119585307924,"After Hours Café Hà Nội – Review 14 Vạn Kiếp, Cửa Nam | TikTokCủi Restaurant: Không Gian Đẹp, Đồ Ăn Ngon Hà Nội | TikTokTìm Ô Cửa Hà Nội Cổ - Quán Cafe Độc Đáo | TikTokỞ HÀ NỘI (@ohanoi.vn) | TikTokGợi Ý Địa Điểm Ăn Sáng Ngon Ở Hà Nội | TikTokTop 10 Quán Ăn Đêm Hà Nội Không Thể Bỏ Lỡ | TikTokKhám Phá Bún Ốc Cô Thủy Tại 30 Cửa Nam | TikTok","Bài viết này tập trung mô tả vị trí, không gian và những điểm người ghé quán thường quan tâm. Thuận tiện cho người ở trung tâm thành phố, dễ tìm qua bản đồ và giao thông công cộng. Khám phá Củi Restaurant tại 2 Cửa Nam, Hà Nội - nơi có không gian đẹp, đồ ăn chất lượng và nhân viên thân thiện. Hoàn hảo cho dịp 30/4 hoặc đơn giản là tìm chỗ chill. #cuirestaurant #nangthuvathich #hanoifood #tiktokfood 1204 Likes, TikTok video from Umee🌈 (@thuongthuongnh): “Khám phá những ô cửa Hà Nội cổ kính và những quán cafe độc đáo qua bộ ảnh mới nhất. Một hành trình đầy hoài niệm và khám phá.”. Ở HÀ NỘI (@ohanoi.vn) on TikTok | 9.5M Likes. 328.6K Followers. 2 CÔ GÁI REVIEW ĐỒ ĂN HÀ NỘI 👇Các sản phẩm trong clip nè👇.Watch Ở HÀ NỘI's popular videos: ""giận ny mà ""trốn"" và..."", ""Đến ngay Haidilao th..."". Join 328.6K followers on TikTok for more ohanoi, ohanoivn, vtmgr content Khám phá các địa điểm ăn sáng ngon tại Thủ Đô Hà Nội với các món phở hấp dẫn. Xem ngay để biết thêm chi tiết! #reviewhanoi #hanoiangi #foodtourhanoi #hanoi #hanoifood Aug 11, 2023 · 43.6K Lượt thích,439 Bình luận.Video TikTok từ Đi Ăn Đê (@.diande): ""Khám phá top 10 quán ăn đêm lý tưởng ở Hà Nội, từ xôi bàn thờ đến phở gánh. Thưởng thức những món ăn ngon và không gian náo nhiệt! #xuhuong #ReviewAnNgon #AnCungTikTok #diandem"". Jun 14, 2022 · 8752 Lượt thích,121 Bình luận.Video TikTok từ Bà chúa review 🙆🏻♀️ (@bachuareview): ""Cùng thưởng thức bún ốc cô Thủy, với hương vị đậm đà và phong phú từ topping đến nước dùng. Đừng bỏ lỡ quán nổi tiếng này! #tiktokfood #ancungtiktok""."
Cửa Nam,Hà Nội,quán ăn ở Cửa Nam Hà Nội,7634524989001125140,nangthuvathich,https://www.tiktok.com/@nangthuvathich/video/7634524989001125140,"Củi Restaurant: Không Gian Đẹp, Đồ Ăn Ngon Hà Nội | TikTok","Khám phá Củi Restaurant tại 2 Cửa Nam, Hà Nội - nơi có không gian đẹp, đồ ăn chất lượng và nhân viên thân thiện. Hoàn hảo cho dịp 30/4 hoặc đơn giản là tìm chỗ chill. #cuirestaurant #nangthuvathich #hanoifood #tiktokfood"
Cửa Nam,Hà Nội,quán ăn ở Cửa Nam Hà Nội,7508677019404651783,thodiahanois,https://www.tiktok.com/@thodiahanois/video/7508677019404651783,Gợi Ý Địa Điểm Ăn Sáng Ngon Ở Hà Nội | TikTokTop 10 Quán Ăn Đêm Hà Nội Không Thể Bỏ Lỡ | TikTokKhám Phá Bún Ốc Cô Thủy Tại 30 Cửa Nam | TikTok,"Khám phá các địa điểm ăn sáng ngon tại Thủ Đô Hà Nội với các món phở hấp dẫn. Xem ngay để biết thêm chi tiết! #reviewhanoi #hanoiangi #foodtourhanoi #hanoi #hanoifood Aug 11, 2023 · 43.6K Lượt thích,439 Bình luận.Video TikTok từ Đi Ăn Đê (@.diande): ""Khám phá top 10 quán ăn đêm lý tưởng ở Hà Nội, từ xôi bàn thờ đến phở gánh. Thưởng thức những món ăn ngon và không gian náo nhiệt! #xuhuong #ReviewAnNgon #AnCungTikTok #diandem"". Jun 14, 2022 · 8752 Lượt thích,121 Bình luận.Video TikTok từ Bà chúa review 🙆🏻♀️ (@bachuareview): ""Cùng thưởng thức bún ốc cô Thủy, với hương vị đậm đà và phong phú từ topping đến nước dùng. Đừng bỏ lỡ quán nổi tiếng này! #tiktokfood #ancungtiktok""."
Cửa Nam,Hà Nội,quán ăn ở Cửa Nam Hà Nội,7266055644891876615,.diande,https://www.tiktok.com/@.diande/video/7266055644891876615,Top 10 Quán Ăn Đêm Hà Nội Không Thể Bỏ Lỡ | TikTokKhám Phá Bún Ốc Cô Thủy Tại 30 Cửa Nam | TikTok,"Aug 11, 2023 · 43.6K Lượt thích,439 Bình luận.Video TikTok từ Đi Ăn Đê (@.diande): ""Khám phá top 10 quán ăn đêm lý tưởng ở Hà Nội, từ xôi bàn thờ đến phở gánh. Thưởng thức những món ăn ngon và không gian náo nhiệt! #xuhuong #ReviewAnNgon #AnCungTikTok #diandem"". Jun 14, 2022 · 8752 Lượt thích,121 Bình luận.Video TikTok từ Bà chúa review 🙆🏻♀️ (@bachuareview): ""Cùng thưởng thức bún ốc cô Thủy, với hương vị đậm đà và phong phú từ topping đến nước dùng. Đừng bỏ lỡ quán nổi tiếng này! #tiktokfood #ancungtiktok""."
Cửa Nam,Hà Nội,quán ăn ở Cửa Nam Hà Nội,7109032785003695387,bachuareview,https://www.tiktok.com/@bachuareview/video/7109032785003695387,Khám Phá Bún Ốc Cô Thủy Tại 30 Cửa Nam | TikTok,"Jun 14, 2022 · 8752 Lượt thích,121 Bình luận.Video TikTok từ Bà chúa review 🙆🏻♀️ (@bachuareview): ""Cùng thưởng thức bún ốc cô Thủy, với hương vị đậm đà và phong phú từ topping đến nước dùng. Đừng bỏ lỡ quán nổi tiếng này! #tiktokfood #ancungtiktok""."
Phú Thượng,Hà Nội,quán ăn ở Phú Thượng Hà Nội,7681169651082087688,user1178427684506,https://www.tiktok.com/@user1178427684506/video/7681169651082087688,"Bún chả Ngã Tư Gạch – Review quán bún chả Phú Thượng, Hà Nội ...","Lead Muốn thử bún chả khu Ngã Tư Gạch (gần Phú Thượng, Phúc Thọ, Hà Nội)? Bài viết này tóm tắt review thực tế về bún chả Ngã Tư Gạch, so sánh vị, nước chấm, và gợi ý order cho người lần đầu đến."
Phú Thượng,Hà Nội,quán ăn ở Phú Thượng Hà Nội,7397749492042272018,hanoibeo,https://www.tiktok.com/@hanoibeo/video/7397749492042272018,"Quán Xôi Phú Thượng Hà Nội: 6 Loại Topping Ngon Rẻ Chấn Động ...TikTok - Make Your DayXôi Phú Thượng 5k: Món Ngon Gia Truyền Hà Nội | TikTokGà nướng lu 672 Láng — Quán gà nướng nổi tiếng ở Hà Nội | TikTokKhám Phá Xôi Phú Thượng Tại Xôi Làng Nghề | TikTokXôi Phú Thượng Hà Nội - Quán xôi ngon CN1 117 Lê Lai, CN2 211 ...","Jul 31, 2024 · Khám phá quán xôi chuẩn Phú Thượng với 6 loại topping ngon vãi, giá yêu thương. Xôi thơm ngậy, dẻo dai tồn tại 24 giờ. Tham khảo ngay! #hanoibeo #tiktokfood #xuhuong #hanoi Đây là bản tóm tắt nội dung do AI tạo và không nhằm mục đích cung cấp ngữ cảnh thực tế. TikTok - trends start here. On a device or on the web, viewers can watch and discover millions of personalized short videos. Download the app to get started. Aug 26, 2023 · Xôi Phú Thượng 5k: Món Ngon Gia Truyền Hà Nội Khám phá hương vị xôi Phú Thượng chỉ với 5.000đ giữa phố cổ Hà Nội. Đi ăn sáng no căng cùng mình nhé! #hanoi #xoi #Master2023byTikTok Lead Gà nướng lu 672 Láng là điểm ăn được nhắc đến với phong cách gà nướng lu đặc trưng, thu hút thực khách quanh khu vực Láng và toàn Hà Nội. Tên quán thường xuất hiện cùng hashtag #ganuonglu #lang #toinayangi #gaquay. Jul 18, 2025 · Xôi Phú Thượng là 1 nét văn hoá ẩm thực của Thủ Đô Hà Nội , cá nhân em thật tự hào khi được giới thiệu đến thực khách TPHCM . - Hai chi nhánh ở vị trí trung tâm giúp dễ tiếp cận. Kết thúc Nếu bạn muốn xôi truyền thống chuẩn vị Hà Nội, Xôi Phú Thượng Hà Nội (CN1: 117 Lê Lai, CN2: 211 Lê Lợi) là lựa chọn nên thử. Bạn đã thử chi nhánh nào rồi? Chia sẻ trải nghiệm để người khác biết thêm."
Phú Thượng,Hà Nội,quán ăn ở Phú Thượng Hà Nội,7271642864558427397,hoahauviahe,https://www.tiktok.com/@hoahauviahe/video/7271642864558427397,"Xôi Phú Thượng 5k: Món Ngon Gia Truyền Hà Nội | TikTokGà nướng lu 672 Láng — Quán gà nướng nổi tiếng ở Hà Nội | TikTokKhám Phá Xôi Phú Thượng Tại Xôi Làng Nghề | TikTokXôi Phú Thượng Hà Nội - Quán xôi ngon CN1 117 Lê Lai, CN2 211 ...","Aug 26, 2023 · Xôi Phú Thượng 5k: Món Ngon Gia Truyền Hà Nội Khám phá hương vị xôi Phú Thượng chỉ với 5.000đ giữa phố cổ Hà Nội. Đi ăn sáng no căng cùng mình nhé! #hanoi #xoi #Master2023byTikTok Lead Gà nướng lu 672 Láng là điểm ăn được nhắc đến với phong cách gà nướng lu đặc trưng, thu hút thực khách quanh khu vực Láng và toàn Hà Nội. Tên quán thường xuất hiện cùng hashtag #ganuonglu #lang #toinayangi #gaquay. Jul 18, 2025 · Xôi Phú Thượng là 1 nét văn hoá ẩm thực của Thủ Đô Hà Nội , cá nhân em thật tự hào khi được giới thiệu đến thực khách TPHCM . - Hai chi nhánh ở vị trí trung tâm giúp dễ tiếp cận. Kết thúc Nếu bạn muốn xôi truyền thống chuẩn vị Hà Nội, Xôi Phú Thượng Hà Nội (CN1: 117 Lê Lai, CN2: 211 Lê Lợi) là lựa chọn nên thử. Bạn đã thử chi nhánh nào rồi? Chia sẻ trải nghiệm để người khác biết thêm."
Phú Thượng,Hà Nội,quán ăn ở Phú Thượng Hà Nội,7679722326363016468,longun83,https://www.tiktok.com/@longun83/video/7679722326363016468,Gà nướng lu 672 Láng — Quán gà nướng nổi tiếng ở Hà Nội | TikTok,"Lead Gà nướng lu 672 Láng là điểm ăn được nhắc đến với phong cách gà nướng lu đặc trưng, thu hút thực khách quanh khu vực Láng và toàn Hà Nội. Tên quán thường xuất hiện cùng hashtag #ganuonglu #lang #toinayangi #gaquay."
Phú Thượng,Hà Nội,quán ăn ở Phú Thượng Hà Nội,7528352774669618440,xoilangnghe,https://www.tiktok.com/@xoilangnghe/video/7528352774669618440,"Khám Phá Xôi Phú Thượng Tại Xôi Làng Nghề | TikTokXôi Phú Thượng Hà Nội - Quán xôi ngon CN1 117 Lê Lai, CN2 211 ...","Jul 18, 2025 · Xôi Phú Thượng là 1 nét văn hoá ẩm thực của Thủ Đô Hà Nội , cá nhân em thật tự hào khi được giới thiệu đến thực khách TPHCM . - Hai chi nhánh ở vị trí trung tâm giúp dễ tiếp cận. Kết thúc Nếu bạn muốn xôi truyền thống chuẩn vị Hà Nội, Xôi Phú Thượng Hà Nội (CN1: 117 Lê Lai, CN2: 211 Lê Lợi) là lựa chọn nên thử. Bạn đã thử chi nhánh nào rồi? Chia sẻ trải nghiệm để người khác biết thêm."
Phú Thượng,Hà Nội,quán ăn ở Phú Thượng Hà Nội,7676653551220706567,tuanchill_195,https://www.tiktok.com/@tuanchill_195/video/7676653551220706567,"Xôi Phú Thượng Hà Nội - Quán xôi ngon CN1 117 Lê Lai, CN2 211 ...","- Hai chi nhánh ở vị trí trung tâm giúp dễ tiếp cận. Kết thúc Nếu bạn muốn xôi truyền thống chuẩn vị Hà Nội, Xôi Phú Thượng Hà Nội (CN1: 117 Lê Lai, CN2: 211 Lê Lợi) là lựa chọn nên thử. Bạn đã thử chi nhánh nào rồi? Chia sẻ trải nghiệm để người khác biết thêm."
Hồng Hà,Hà Nội,quán ăn ở Hồng Hà Hà Nội,7669670099011308820,kuku1197,https://www.tiktok.com/@kuku1197/video/7669670099011308820,Lẩu riêu ngon ở quán Đức Mận Hồng Hà — review nhanh | TikTok,"Ngoài các món nhậu, quán phục vụ lẩu với giá cả hợp lý, phù hợp cả nhóm đi nhậu hoặc gia đình muốn ăn lẩu ngon ở Hà Nội. Nếu tìm lẩu riêu gần khu Hồng Hà hoặc muốn thử lẩu pate, quán này là lựa chọn nên cân nhắc. Hashtags: #foodhanoi"
Hồng Hà,Hà Nội,quán ăn ở Hồng Hà Hà Nội,7641583355695222037,nguoingonanngon,https://www.tiktok.com/@nguoingonanngon/video/7641583355695222037,Quán nướng Thổ Dân Hồng Hà - Review menu & trải nghiệm mùa hè ...,"Kết luận Quán nướng Thổ Dân Hồng Hà là lựa chọn tốt nếu bạn muốn trải nghiệm nướng theo concept độc lạ giữa Hà Nội trong mùa hè. Hãy kiểm tra menu nướng thổ dân trước khi đi, đi theo nhóm và chuẩn bị sẵn cho một bữa nướng chia sẻ sôi động."
Tây Hồ,Hà Nội,quán ăn ở Tây Hồ Hà Nội,7625178720403279124,lelahanoi.reviewfood,https://www.tiktok.com/@lelahanoi.reviewfood/video/7625178720403279124,Nhà hàng Sài Gòn 1970s - Địa chỉ và Hashtag | TikTok,"Keywords: Nhà hàng Sài Gòn 1970s, địa chỉ nhà hàng Hà Nội, ẩm thực Sài Gòn, ăn uống ở Tây Hồ, nhà hàng độc đáo tại Hà Nội, hashtag địa chỉ nhà hàng, KOC viết caption, khẩu hiệu nhà hàng, giới thiệu nhà hàng, phong cách 1970s"
Tây Hồ,Hà Nội,quán ăn ở Tây Hồ Hà Nội,7689125381420436788,pinocchio.cafebistro,https://www.tiktok.com/@pinocchio.cafebistro/video/7689125381420436788,Quán cafe & bistro có sofa độc lạ ở Nhì Hà Nội | TikTok,"Video giới thiệu một quán cafe & bistro tại Nhì, Hà Nội với điểm nhấn là các ghế sofa độc lạ. Nội dung nhắc đến tên/biệt danh liên quan: Pinocchio, và đề cập vị trí chung: Tây Hồ. Hashtag trong nguồn gồm #pinocchio, #restaurant, #tayho, #café và #fypシ."
Tây Hồ,Hà Nội,quán ăn ở Tây Hồ Hà Nội,7636743797153598738,dianchovui,https://www.tiktok.com/@dianchovui/video/7636743797153598738,Chạm Nướng Hồ Tây – Quán nướng than hoa rooftop view | TikTok,"Chạm Nướng Hồ Tây: buffet nướng than hoa, rooftop ngắm hồ Tây, không gian chill và menu đa dạng. Xem review, giá và địa chỉ Tầng 4 - 217 Trích Sài. #dianchovui #anhithayan #chamnuong #hotay #nuongthanhoa"
Tây Hồ,Hà Nội,quán ăn ở Tây Hồ Hà Nội,7460542314138717458,amthucsentayho,https://www.tiktok.com/@amthucsentayho/video/7460542314138717458,"Buffet Ấn Tượng Tại Sen Tây Hồ | TikTokSushi Hokkaido Sachi Lotte Mall Tây Hồ review | TikTokĂn đồ Âu, Ngắm Hồ Tây Lãng Mạn | TikTokKhám Phá Quán Cá Nướng Ngon Hàng Đầu Tại Tây Hồ | TikTok","Jan 16, 2025 · 7204 Lượt thích,357 Bình luận.Video TikTok từ Khu Văn Hoá Ẩm Thực Sen Tây Hồ (@amthucsentayho): ""Khám phá không gian buffet rộng lớn và thực đơn 200 món tại Sen Tây Hồ, nơi không chỉ có ẩm thực mà còn là trải nghiệm độc đáo! #buffetsentayho #amthuc #buffet"". Địa điểm và vị trí Sushi Hokkaido Sachi nằm ở Tầng 3, Lotte Mall Tây Hồ, Hà Nội. Video/clip gắn thẻ cửa hàng này với các hashtag #sushihokkaidosachi #hokkaido #unisashimi #hanoi #foodreview #vitditrenphao, cho thấy trọng tâm là trải nghiệm ẩm thực tại nhà hàng sushi phong cách Hokkaido. Thưởng thức ẩm thực Âu tinh tế với view Hồ Tây thơ mộng. Trải nghiệm ẩm thực và cảnh đẹp độc đáo tại Hà Nội. #hanoifood #ancungtiktok #reviewhanoi #hanoinews Jun 9, 2024 · 2526 Lượt thích,Video TikTok từ Eatwithmynoreo (@eatwithmynoreo): ""Địa chỉ không thể bỏ qua cho tín đồ cá nướng tại Hà Nội. Thưởng thức cá riêu hồng, lẩu ếch và nhiều món khác."
Tây Hồ,Hà Nội,quán ăn ở Tây Hồ Hà Nội,7649330497960627464,vitditrenphao,https://www.tiktok.com/@vitditrenphao/video/7649330497960627464,Sushi Hokkaido Sachi Lotte Mall Tây Hồ review | TikTok,"Địa điểm và vị trí Sushi Hokkaido Sachi nằm ở Tầng 3, Lotte Mall Tây Hồ, Hà Nội. Video/clip gắn thẻ cửa hàng này với các hashtag #sushihokkaidosachi #hokkaido #unisashimi #hanoi #foodreview #vitditrenphao, cho thấy trọng tâm là trải nghiệm ẩm thực tại nhà hàng sushi phong cách Hokkaido."
Tây Hồ,Hà Nội,quán ăn ở Tây Hồ Hà Nội,7622676117916290325,review.h.ni2,https://www.tiktok.com/@review.h.ni2/video/7622676117916290325,"Ăn đồ Âu, Ngắm Hồ Tây Lãng Mạn | TikTok",Thưởng thức ẩm thực Âu tinh tế với view Hồ Tây thơ mộng. Trải nghiệm ẩm thực và cảnh đẹp độc đáo tại Hà Nội. #hanoifood #ancungtiktok #reviewhanoi #hanoinews
Tây Hồ,Hà Nội,quán ăn ở Tây Hồ Hà Nội,7378457444936125704,eatwithmynoreo,https://www.tiktok.com/@eatwithmynoreo/video/7378457444936125704,Khám Phá Quán Cá Nướng Ngon Hàng Đầu Tại Tây Hồ | TikTok,"Jun 9, 2024 · 2526 Lượt thích,Video TikTok từ Eatwithmynoreo (@eatwithmynoreo): ""Địa chỉ không thể bỏ qua cho tín đồ cá nướng tại Hà Nội. Thưởng thức cá riêu hồng, lẩu ếch và nhiều món khác."
Bồ Đề,Hà Nội,quán ăn ở Bồ Đề Hà Nội,7669295832386129160,tucaphe96,https://www.tiktok.com/@tucaphe96/video/7669295832386129160,Bún bò Huế ở Hồ 2 Bồ Đề Long Biên – review quán Huế thơm nồng ...,"Quán bún bò Huế ở Hồ 2 Bồ Đề (Long Biên) là trải nghiệm nên thử nếu bạn thích món miền Trung. Ngay từ gần quán đã nghe mùi nồng thơm đặc trưng của bún bò Huế, gợi nhớ hương vị vùng Huế."
Bồ Đề,Hà Nội,quán ăn ở Bồ Đề Hà Nội,7586279860713032981,eatwithmynoreo,https://www.tiktok.com/@eatwithmynoreo/video/7586279860713032981,Khám Phá Quán Nướng Sam Bồ Đề 14 Năm Tuổi | TikTok,"Dec 21, 2025 · Quán nướng 14 năm tuổi có nầm siêu siêu dày 👏🏻 Quán Sam - 60 ngõ 12 Bồ Đề #AnCungTikTok #eatwithmynoreo #tiktokfood #LearnOnTikTok"
Bồ Đề,Hà Nội,quán ăn ở Bồ Đề Hà Nội,7654034552003824916,4khonglong0,https://www.tiktok.com/@4khonglong0/video/7654034552003824916,"Hủ tiếu gần ngã 3 Cây Bồ Đề — Quán mối ở Trung An? | TikTokThực đơn hấp dẫn tại quán chim câu Bồ Đề | TikTokPhở Gà Triệu Gia - 47 Phú Hữu, Bồ Đề, Hà Nội | TikTokQuán Cơm Chay Trúc Lâm Bồ Đề - Phở Chay Ngon Giá Rẻ","Lead Có thông tin về một quán hủ tiếu nằm gần ngã 3 Cây Bồ Đề, được gọi thân mật là “quán mối” ở khu Trung An. Bài viết này tập trung vào thảo luận, hỏi đáp và chia sẻ kinh nghiệm về quán hủ tiếu đó: vị ngon, địa điểm và cảm nhận khi ăn. Mar 14, 2025 · 2253 Lượt thích,76 Bình luận.Video TikTok từ kiều văn thái (@kieu_van_thai): ""Khám phá thực đơn thơm ngon với chim câu và má heo nướng! Đến quán Bồ Đề trải nghiệm ẩm thực tuyệt vời. #abeo #kiều_văn_thái"". Discover the authentic flavors of Phở Gà at Triệu Gia, conveniently situated at 47 Phú Hữu, in the Bồ Đề area of Hà Nội. This culinary spot is a must-visit for anyone craving traditional Vietnamese chicken noodle soup. Known for its rich broth and tender chicken, Phở Gà Triệu Gia offers a delightful dining experience. Whether you're a local or a tourist, exploring the food ... Mar 27, 2025 · Quán Cơm Chay Trúc Lâm Bồ Đề. Ở số 118 Nguyễn Lâm phường 6 quận 10, phở chay ăn ngon giá là 35k. Ngày thứ 7 mới có bán phở, mở cửa từ lúc 6 giờ cho đến 19 giờ."
Bồ Đề,Hà Nội,quán ăn ở Bồ Đề Hà Nội,7481619926680145172,kieu_van_thai,https://www.tiktok.com/@kieu_van_thai/video/7481619926680145172,"Thực đơn hấp dẫn tại quán chim câu Bồ Đề | TikTokPhở Gà Triệu Gia - 47 Phú Hữu, Bồ Đề, Hà Nội | TikTokQuán Cơm Chay Trúc Lâm Bồ Đề - Phở Chay Ngon Giá Rẻ","Mar 14, 2025 · 2253 Lượt thích,76 Bình luận.Video TikTok từ kiều văn thái (@kieu_van_thai): ""Khám phá thực đơn thơm ngon với chim câu và má heo nướng! Đến quán Bồ Đề trải nghiệm ẩm thực tuyệt vời. #abeo #kiều_văn_thái"". Discover the authentic flavors of Phở Gà at Triệu Gia, conveniently situated at 47 Phú Hữu, in the Bồ Đề area of Hà Nội. This culinary spot is a must-visit for anyone craving traditional Vietnamese chicken noodle soup. Known for its rich broth and tender chicken, Phở Gà Triệu Gia offers a delightful dining experience. Whether you're a local or a tourist, exploring the food ... Mar 27, 2025 · Quán Cơm Chay Trúc Lâm Bồ Đề. Ở số 118 Nguyễn Lâm phường 6 quận 10, phở chay ăn ngon giá là 35k. Ngày thứ 7 mới có bán phở, mở cửa từ lúc 6 giờ cho đến 19 giờ."
Bồ Đề,Hà Nội,quán ăn ở Bồ Đề Hà Nội,7635840926086155528,chanhphoga,https://www.tiktok.com/@chanhphoga/video/7635840926086155528,"Phở Gà Triệu Gia - 47 Phú Hữu, Bồ Đề, Hà Nội | TikTok","Discover the authentic flavors of Phở Gà at Triệu Gia, conveniently situated at 47 Phú Hữu, in the Bồ Đề area of Hà Nội. This culinary spot is a must-visit for anyone craving traditional Vietnamese chicken noodle soup. Known for its rich broth and tender chicken, Phở Gà Triệu Gia offers a delightful dining experience. Whether you're a local or a tourist, exploring the food ..."
Bồ Đề,Hà Nội,quán ăn ở Bồ Đề Hà Nội,7486482049847643399,truongcamcuong21051964,https://www.tiktok.com/@truongcamcuong21051964/video/7486482049847643399,Quán Cơm Chay Trúc Lâm Bồ Đề - Phở Chay Ngon Giá Rẻ,"Mar 27, 2025 · Quán Cơm Chay Trúc Lâm Bồ Đề. Ở số 118 Nguyễn Lâm phường 6 quận 10, phở chay ăn ngon giá là 35k. Ngày thứ 7 mới có bán phở, mở cửa từ lúc 6 giờ cho đến 19 giờ."
Bồ Đề,Hà Nội,quán ăn ở Bồ Đề Hà Nội,7668917435747028245,mai.hay.an,https://www.tiktok.com/@mai.hay.an/video/7668917435747028245,Pano Pastry Ngọc Thuỵ Hà Nội - Review bánh ngọt và croissant ...,"Những ai tìm “mukbang ăn”, “Mukbang Bánh Ngọt” sẽ quan tâm đến trải nghiệm ăn thử nhiều loại bánh tại Pano Pastry. Trải nghiệm mukbang Mukbang tại cửa tiệm giúp người xem nắm rõ khẩu vị, kích thước phần, và cảm nhận chất lượng croissant cùng các bánh ngọt khác."
Việt Hưng,Hà Nội,quán ăn ở Việt Hưng Hà Nội,7679415966740073736,chefdungday,https://www.tiktok.com/@chefdungday/video/7679415966740073736,Phở ngon ở KĐT Việt Hưng Long Biên: quán phải lưu ngay | TikTok,"Kết thúc / Kêu gọi hành động Nếu bạn ở KĐT Việt Hưng hoặc Long Biên, lưu lại quán phở này để thử — đặc biệt nếu thích phở vị Hà Nội truyền thống. Chia sẻ trải nghiệm sau khi đến ăn để mọi người cùng biết vị thế nào."
Việt Hưng,Hà Nội,quán ăn ở Việt Hưng Hà Nội,7588925572089171221,gianglien.chuyencacao,https://www.tiktok.com/@gianglien.chuyencacao/video/7588925572089171221,Khám Phá Quán Cafe Việt Hưng Mới Lần Đầu | TikTok,"Dec 28, 2025 · Keywords: quán cafe ở Việt Hưng, cafe thư giãn cuối tuần, trải nghiệm quán cafe mới, cafe đẹp ở Thanh Miện, đồng phục quán cafe, vui chơi tại cafe, cafe và âm nhạc, quán cafe cho phái nữ, khám phá quán cafe độc đáo, địa điểm nguời trẻ ở Việt Hưng"
Việt Hưng,Hà Nội,quán ăn ở Việt Hưng Hà Nội,7553997650647878930,tranglangthang_17.03,https://www.tiktok.com/@tranglangthang_17.03/video/7553997650647878930,Khám Phá Leela Coffee - Khu Đô Thị Việt Hưng | TikTok,"Keywords: Leela Coffee ở Việt Hưng, cà phê chill ở Long Biên, review quán café Hà Nội, không gian quán đẹp, trải nghiệm món uống ngon, mùa Trung Thu ở Hà Nội, menu đa dạng quán cà phê, quán cà phê đẹp ở Hà Nội, café có trang trí lung linh, ghé Leela Coffee lần hai"
Việt Hưng,Hà Nội,quán ăn ở Việt Hưng Hà Nội,7304503745470106888,dongpham5686,https://www.tiktok.com/@dongpham5686/video/7304503745470106888,"Nhà hàng bia 1990: Đồ ăn ngon, siêu xe và biển số đẹp ở Việt ...","Nov 23, 2023 · Nhà hàng bia 1990 tại số 6 Việt Hưng, Long Biên, Hà Nội, là điểm đến lý tưởng cho những ai yêu thích đồ ăn ngon và không gian độc đáo. Quán nổi tiếng với chất lượng đồ ăn ""số một"", đảm bảo sẽ làm hài lòng cả những thực khách khó tính nhất."
Việt Hưng,Hà Nội,quán ăn ở Việt Hưng Hà Nội,7690869405147827508,buffetcuonvithanh,https://www.tiktok.com/@buffetcuonvithanh/video/7690869405147827508,Địa chỉ 243 Trần Hưng đạo phường vị Tân vị thanh ạ | TikTok,"24 Lượt thích,Video TikTok từ Buffet cuốn 79k vị thanh (@buffetcuonvithanh): ""Địa chỉ 243 Trần Hưng đạo phường vị Tân vị thanh ạ"".Bubble Kite Parade - Mildred and the Streetlights."
Việt Hưng,Hà Nội,quán ăn ở Việt Hưng Hà Nội,7407115654265883912,ngocanngon.88,https://www.tiktok.com/@ngocanngon.88/video/7407115654265883912,Đánh giá lẩu riêu cua tại số 53 ngõ 11 Việt Hưng | TikTok,"Aug 25, 2024 · Keywords: lẩu riêu cua ngon Việt Hưng, nơi ăn lẩu riêu cua tốt nhất, review lẩu riêu cua Hà Nội, lẩu có topping hấp dẫn, quán ăn ngon ở Long Biên, trải nghiệm ẩm thực Việt, địa chỉ lẩu riêu cua tại Long Biên, đánh giá quán ăn ở Việt Hưng, ẩm thực đường phố Hà Nội, món ..."
Việt Hưng,Hà Nội,quán ăn ở Việt Hưng Hà Nội,7449737162901212437,ngklinh5,https://www.tiktok.com/@ngklinh5/video/7449737162901212437,"Lẩu Ngon Hải Sản ở Việt Hưng, Long Biên | TikTok","Dec 18, 2024 · Quán ngày càng đông vui, khang trang và là địa điểm phù hợp để tụ họp bạn bè, gia đình hay các buổi gặp mặt trong hội nhóm. 🎉 Quán nằm ngay khu Việt Hưng, Long Biên, rất tiện để bạn tham khảo và trải nghiệm."
Phúc Lợi,Hà Nội,quán ăn ở Phúc Lợi Hà Nội,7006467767717203206,,https://www.tiktok.com/@/_sauce90/video/7006467767717203206,TikTok,TikTok for GoodAdvertiseSell on TikTok ShopTikTok LIVE Creator NetworksDevelopersTransparencyTikTok EmbedsSoundOn Music DistributionTikTok LiveTikTok Shop
Phúc Lợi,Hà Nội,quán ăn ở Phúc Lợi Hà Nội,7208702356110740742,,https://support16-normal-useast1a.tiktok.com/@/video/7208702356110740742,support16-normal-useast1a.tiktok.com,support16-normal-useast1a.tiktok.com
Phúc Lợi,Hà Nội,quán ăn ở Phúc Lợi Hà Nội,7345623727712914720,,https://www.tiktok.com/@/video/7345623727712914720,TikTok - Make Your Day,Log in to TikTok This post may not be comfortable for some audiences. Log in to make the most of your experience.
Phúc Lợi,Hà Nội,quán ăn ở Phúc Lợi Hà Nội,7470274605895372078,,https://www.tiktok.com/@/video/7470274605895372078,TikTok - Make Your Day,"This account is private Looking for videos? Try browsing our trending creators, hashtags, and sounds."
Phúc Lợi,Hà Nội,quán ăn ở Phúc Lợi Hà Nội,7044390184313507118,,https://www.tiktok.com/@/video/7044390184313507118,TikTok - Make Your Day,"Video currently unavailable Looking for videos? Try browsing our trending creators, hashtags, and sounds."
Phúc Lợi,Hà Nội,quán ăn ở Phúc Lợi Hà Nội,7612982828782882069,,https://www.tiktok.com/video/7612982828782882069,TikTok,TikTok ... TikTok
Phúc Lợi,Hà Nội,quán ăn ở Phúc Lợi Hà Nội,7247340806850268459,,https://www.tiktok.com/video/7247340806850268459,TikTok,Redirecting to /404?fromUrl=/video/7247340806850268459.
Phúc Lợi,Hà Nội,quán ăn ở Phúc Lợi Hà Nội,7672401248074714389,,https://www.tiktok.com/video/7672401248074714389,TikTok,4 0 4 Couldn't find this page Check out more trending videos on TikTok Watch now
Phúc Lợi,Hà Nội,quán ăn ở Phúc Lợi Hà Nội,7537535700938280210,vi_hanoi,https://www.tiktok.com/@vi_hanoi/video/7537535700938280210,Khám Phá Miến Lươn Thuỷ Lợi - Hương Vị Hà Nội | TikTok,"Aug 12, 2025 · Miến lươn Thuỷ Lợi, nơi giữ trọn hương vị Hà Nội suốt 30 năm. Thưởng thức món ngon với giá từ 50k! #MienLuonThuyLoi #ViHaNoi #AmThucTruyenThong"
Phúc Lợi,Hà Nội,quán ăn ở Phúc Lợi Hà Nội,7688267117535169813,phamthaianhsv,https://www.tiktok.com/@phamthaianhsv/video/7688267117535169813,Bún cá cực nhiều topping ở Phúc Lợi - Long Biên #dailyvlog # ...,"250 Lượt thích,28 Bình luận.Video TikTok từ Chill nhất quận Long Biên (@phamthaianhsv): ""Bún cá cực nhiều topping ở Phúc Lợi - Long Biên #dailyvlog #POV #xuhuong #longbien #food #bunca"".original sound - Chill nhất quận Long Biên."
Phúc Lợi,Hà Nội,quán ăn ở Phúc Lợi Hà Nội,7259431440654339334,50motbua,https://www.tiktok.com/@50motbua/video/7259431440654339334,Khám Phá Ẩm Thực Ngon Gần Đại Học Thủy Lợi | TikTokTikTok - Make Your DayTikTokQuán ăn phố cổ không tăng giá 3 năm — đồ ăn ổn định chất ...TikTok,"Jul 24, 2023 · Khám phá các món ăn ngon tại Đại học Thủy Lợi, từ bún bò đến đồ ăn vặt. Chia sẻ những địa điểm ăn uống thú vị ở Hà Nội! #hanoi #vietnam #food #bún #ănvặt TikTok - trends start here. On a device or on the web, viewers can watch and discover millions of personalized short videos. Download the app to get started. TikTok offers a platform to watch, create, and share short videos, connecting users with trends and creators worldwide. Kết luận và gợi ý Quán ở phố cổ giữ giá 3 năm và đồ ăn chất lượng ổn định là lựa chọn đáng cân nhắc cho cả dân địa phương và khách tham quan. Nếu bạn quan tâm, ghé thử để kiểm nghiệm món ăn và trải nghiệm phục vụ — và đừng quên chia sẻ đánh giá của mình. TikTok"
Phúc Lợi,Hà Nội,quán ăn ở Phúc Lợi Hà Nội,7641837429191707924,trangvau10,https://www.tiktok.com/@trangvau10/video/7641837429191707924,Quán ăn phố cổ không tăng giá 3 năm — đồ ăn ổn định chất ...,"Kết luận và gợi ý Quán ở phố cổ giữ giá 3 năm và đồ ăn chất lượng ổn định là lựa chọn đáng cân nhắc cho cả dân địa phương và khách tham quan. Nếu bạn quan tâm, ghé thử để kiểm nghiệm món ăn và trải nghiệm phục vụ — và đừng quên chia sẻ đánh giá của mình."
Long Biên,Hà Nội,quán ăn ở Long Biên Hà Nội,7517673228811111688,chilaquynh,https://www.tiktok.com/@chilaquynh/video/7517673228811111688,"Khám Phá 2 Quán Ăn Ngon Tại Long Biên | TikTokKhám Phá Quán Ngon Ở Long Biên | TikTokTop 10 quán ăn ngon ở Long Biên | TikTokKhám Phá Ẩm Thực Quận Long Biên Qua Những Quán Ngon | TikTokBuffet Nướng Lẩu Cùng Lúc Giá Hời Tại Long Biên | TikTokQuán ăn Pháp ở Long Biên: Les Oubliés review, menu, giá hợp ...Quán cafe Lobi Long Biên: coffee, trà, bánh, vibe chữa lành ...","Jun 19, 2025 · Tìm hiểu 2 quán ăn ngon ở Long Biên cho trải nghiệm ẩm thực tuyệt vời. Đừng bỏ lỡ! #hanoi #hanoifood #xuhuong #foodreview #ancungtiktok Sep 21, 2025 · Khám Phá Quán Ngon Ở Long Biên Tìm hiểu quán ăn ngon ở Long Biên và trải nghiệm ẩm thực tuyệt vời. Hãy khám phá ngay! #tuanfamily #food #ancungtiktok #longbien Aug 8, 2022 · 3952 Lượt thích,121 Bình luận.Video TikTok từ Ninh Tito (@ninhtito): ""Khám phá những địa điểm ăn uống tuyệt vời tại Long Biên và những món ăn hấp dẫn không thể bỏ qua! #reviewfood #AnCungTikTok #xuhuong"". Tham gia tour ẩm thực quận Long Biên, trải nghiệm các quán ăn chất lượng từ bún đến bánh cuốn. Xem ngay! #phongvureview #foodtour #reviewanngon Nov 5, 2025 · Khám phá quán buffet nướng lẩu hấp dẫn tại Long Biên với giá tốt. Tham gia trải nghiệm ẩm thực tuyệt vời ngay hôm nay! #vrmgr #hanoiangi #xuhuong #minzibuffet Kết luận và lời khuyên Les Oubliés ở Ngọc Thụy, Long Biên là quán đồ Pháp thích hợp cho ai muốn ăn món Pháp giá phải chăng trong không gian chill, có thêm phòng đọc sách. Người xem video (được gắn thẻ @Thổ Địa Sành Ăn Hà Nội và @thodiasanhanxitin) có thể tham khảo đánh giá của những kênh ẩm thực địa phương để biết món nên thử. Kết luận Lobi là quán cafe đáng thử ở Long Biên: coffee, trà, bánh ngon và không gian chữa lành."
Long Biên,Hà Nội,quán ăn ở Long Biên Hà Nội,7552178991365377297,tuanfamilyvlog,https://www.tiktok.com/@tuanfamilyvlog/video/7552178991365377297,Khám Phá Quán Ngon Ở Long Biên | TikTok,"Sep 21, 2025 · Khám Phá Quán Ngon Ở Long Biên Tìm hiểu quán ăn ngon ở Long Biên và trải nghiệm ẩm thực tuyệt vời. Hãy khám phá ngay! #tuanfamily #food #ancungtiktok #longbien"
Long Biên,Hà Nội,quán ăn ở Long Biên Hà Nội,7129451774242606337,ninhtito,https://www.tiktok.com/@ninhtito/video/7129451774242606337,"Top 10 quán ăn ngon ở Long Biên | TikTokKhám Phá Ẩm Thực Quận Long Biên Qua Những Quán Ngon | TikTokBuffet Nướng Lẩu Cùng Lúc Giá Hời Tại Long Biên | TikTokQuán ăn Pháp ở Long Biên: Les Oubliés review, menu, giá hợp ...Quán cafe Lobi Long Biên: coffee, trà, bánh, vibe chữa lành ...","Aug 8, 2022 · 3952 Lượt thích,121 Bình luận.Video TikTok từ Ninh Tito (@ninhtito): ""Khám phá những địa điểm ăn uống tuyệt vời tại Long Biên và những món ăn hấp dẫn không thể bỏ qua! #reviewfood #AnCungTikTok #xuhuong"". Tham gia tour ẩm thực quận Long Biên, trải nghiệm các quán ăn chất lượng từ bún đến bánh cuốn. Xem ngay! #phongvureview #foodtour #reviewanngon Nov 5, 2025 · Khám phá quán buffet nướng lẩu hấp dẫn tại Long Biên với giá tốt. Tham gia trải nghiệm ẩm thực tuyệt vời ngay hôm nay! #vrmgr #hanoiangi #xuhuong #minzibuffet Kết luận và lời khuyên Les Oubliés ở Ngọc Thụy, Long Biên là quán đồ Pháp thích hợp cho ai muốn ăn món Pháp giá phải chăng trong không gian chill, có thêm phòng đọc sách. Người xem video (được gắn thẻ @Thổ Địa Sành Ăn Hà Nội và @thodiasanhanxitin) có thể tham khảo đánh giá của những kênh ẩm thực địa phương để biết món nên thử. Kết luận Lobi là quán cafe đáng thử ở Long Biên: coffee, trà, bánh ngon và không gian chữa lành."
Long Biên,Hà Nội,quán ăn ở Long Biên Hà Nội,7486701942228454663,nguyentranphongvu,https://www.tiktok.com/@nguyentranphongvu/video/7486701942228454663,"Khám Phá Ẩm Thực Quận Long Biên Qua Những Quán Ngon | TikTokBuffet Nướng Lẩu Cùng Lúc Giá Hời Tại Long Biên | TikTokQuán ăn Pháp ở Long Biên: Les Oubliés review, menu, giá hợp ...Quán cafe Lobi Long Biên: coffee, trà, bánh, vibe chữa lành ...","Tham gia tour ẩm thực quận Long Biên, trải nghiệm các quán ăn chất lượng từ bún đến bánh cuốn. Xem ngay! #phongvureview #foodtour #reviewanngon Nov 5, 2025 · Khám phá quán buffet nướng lẩu hấp dẫn tại Long Biên với giá tốt. Tham gia trải nghiệm ẩm thực tuyệt vời ngay hôm nay! #vrmgr #hanoiangi #xuhuong #minzibuffet Kết luận và lời khuyên Les Oubliés ở Ngọc Thụy, Long Biên là quán đồ Pháp thích hợp cho ai muốn ăn món Pháp giá phải chăng trong không gian chill, có thêm phòng đọc sách. Người xem video (được gắn thẻ @Thổ Địa Sành Ăn Hà Nội và @thodiasanhanxitin) có thể tham khảo đánh giá của những kênh ẩm thực địa phương để biết món nên thử. Kết luận Lobi là quán cafe đáng thử ở Long Biên: coffee, trà, bánh ngon và không gian chữa lành."
Long Biên,Hà Nội,quán ăn ở Long Biên Hà Nội,7569180005335403794,hanoiangi,https://www.tiktok.com/@hanoiangi/video/7569180005335403794,"Buffet Nướng Lẩu Cùng Lúc Giá Hời Tại Long Biên | TikTokQuán ăn Pháp ở Long Biên: Les Oubliés review, menu, giá hợp ...Quán cafe Lobi Long Biên: coffee, trà, bánh, vibe chữa lành ...","Nov 5, 2025 · Khám phá quán buffet nướng lẩu hấp dẫn tại Long Biên với giá tốt. Tham gia trải nghiệm ẩm thực tuyệt vời ngay hôm nay! #vrmgr #hanoiangi #xuhuong #minzibuffet Kết luận và lời khuyên Les Oubliés ở Ngọc Thụy, Long Biên là quán đồ Pháp thích hợp cho ai muốn ăn món Pháp giá phải chăng trong không gian chill, có thêm phòng đọc sách. Người xem video (được gắn thẻ @Thổ Địa Sành Ăn Hà Nội và @thodiasanhanxitin) có thể tham khảo đánh giá của những kênh ẩm thực địa phương để biết món nên thử. Kết luận Lobi là quán cafe đáng thử ở Long Biên: coffee, trà, bánh ngon và không gian chữa lành."
Long Biên,Hà Nội,quán ăn ở Long Biên Hà Nội,7678318977159793927,tobanbaotrenkhong,https://www.tiktok.com/@tobanbaotrenkhong/video/7678318977159793927,"Quán ăn Pháp ở Long Biên: Les Oubliés review, menu, giá hợp ...Quán cafe Lobi Long Biên: coffee, trà, bánh, vibe chữa lành ...","Kết luận và lời khuyên Les Oubliés ở Ngọc Thụy, Long Biên là quán đồ Pháp thích hợp cho ai muốn ăn món Pháp giá phải chăng trong không gian chill, có thêm phòng đọc sách. Người xem video (được gắn thẻ @Thổ Địa Sành Ăn Hà Nội và @thodiasanhanxitin) có thể tham khảo đánh giá của những kênh ẩm thực địa phương để biết món nên thử. Kết luận Lobi là quán cafe đáng thử ở Long Biên: coffee, trà, bánh ngon và không gian chữa lành."
Long Biên,Hà Nội,quán ăn ở Long Biên Hà Nội,7674497359660862721,th.a.tri.nghim,https://www.tiktok.com/@th.a.tri.nghim/video/7674497359660862721,"Quán cafe Lobi Long Biên: coffee, trà, bánh, vibe chữa lành ...","Người xem video (được gắn thẻ @Thổ Địa Sành Ăn Hà Nội và @thodiasanhanxitin) có thể tham khảo đánh giá của những kênh ẩm thực địa phương để biết món nên thử. Kết luận Lobi là quán cafe đáng thử ở Long Biên: coffee, trà, bánh ngon và không gian chữa lành."
Nghĩa Đô,Hà Nội,quán ăn ở Nghĩa Đô Hà Nội,7681981247983406356,minhthuytb,https://www.tiktok.com/@minhthuytb/video/7681981247983406356,Hội chợ ẩm thực công viên Nghĩa Đô — Điểm ăn uống 1 tuần | TikTok,"Nếu bạn ở Hà Nội hoặc gần khu vực, nhanh chân ghé qua trong tuần diễn ra sự kiện để không bỏ lỡ trải nghiệm ẩm thực này. Bạn sẽ tìm thấy nhiều quầy ăn ngon, giá linh hoạt và không khí ngoài trời dễ chịu. Hashtags: #hoicho #hoichoamthuc #congviennghiado #amthucvietnam #amthucvungmien"
Nghĩa Đô,Hà Nội,quán ăn ở Nghĩa Đô Hà Nội,7682776022961458440,channaunuong,https://www.tiktok.com/@channaunuong/video/7682776022961458440,Hội chợ Công viên Nghĩa Đô — Đi ngay nếu bạn ở Cầu Giấy | TikTok,Kết thúc Hội chợ ở Công viên Nghĩa Đô là cơ hội ngắn để mua sắm và tận hưởng không khí địa phương ở Cầu Giấy. Người dân ở khu vực được khuyến khích ra tham quan và ủng hộ. #hoicho #congviennghiado #nghiado #caugiay #xh
Nghĩa Đô,Hà Nội,quán ăn ở Nghĩa Đô Hà Nội,7662671887461305608,hanoi.ngon,https://www.tiktok.com/@hanoi.ngon/video/7662671887461305608,Tiệm trà bánh ẩn dưới chung cư Nghĩa Đô — review quán ngon Hà ...,"Tiệm trà bánh ẩn dưới chung cư Nghĩa Đô — review quán ngon Hà Nội Lead Tiệm trà bánh siêu đẹp, ngon và bất ngờ nằm ẩn nấp dưới một tòa chung cư ở Nghĩa Đô, quận Cầu Giấy. Bài viết này tóm tắt trải nghiệm: không gian, đồ uống, bánh và lý do nên ghé thử khi ở Hà Nội."
Nghĩa Đô,Hà Nội,quán ăn ở Nghĩa Đô Hà Nội,7658125626594921746,hanoi.ngon,https://www.tiktok.com/@hanoi.ngon/video/7658125626594921746,"Quán Cà Phê Hoa Giấy Ngay Nghĩa Đô, Cầu Giấy #hanoingon # ...","1561 Lượt thích,35 Bình luận.Video TikTok từ Hà Nội Ngon (@hanoi.ngon): ""Quán Cà Phê Hoa Giấy Ngay Nghĩa Đô, Cầu Giấy #hanoingon #hanoi #review"".Love Language - Kim MinSeok."
Nghĩa Đô,Hà Nội,quán ăn ở Nghĩa Đô Hà Nội,7667153708081302802,nhatkyanngon,https://www.tiktok.com/@nhatkyanngon/video/7667153708081302802,LỘC VỪNG QUÁN - CT3C KĐT NAM-CƯỜNG - NGHĨA ĐÔ - HÀ NỘI. # ...,"152 Lượt thích,Video TikTok từ Goodfooddiary (@nhatkyanngon): ""📍LỘC VỪNG QUÁN - CT3C KĐT NAM-CƯỜNG - NGHĨA ĐÔ - HÀ NỘI. #nhatkyanngon #adam #dautamhanh #ngongtoi #locvungquan"".LỘC VỪNG QUÁNRịu chè và mồi ngon - KHÁNH TƯỜNG."
Cầu Giấy,Hà Nội,quán ăn ở Cầu Giấy Hà Nội,7006467767717203206,,https://www.tiktok.com/@/_sauce90/video/7006467767717203206,TikTok,TikTok for GoodAdvertiseSell on TikTok ShopTikTok LIVE Creator NetworksDevelopersTransparencyTikTok EmbedsSoundOn Music DistributionTikTok LiveTikTok Shop
Cầu Giấy,Hà Nội,quán ăn ở Cầu Giấy Hà Nội,7345623727712914720,,https://www.tiktok.com/@/video/7345623727712914720,TikTok - Make Your Day,Log in to TikTok This post may not be comfortable for some audiences. Log in to make the most of your experience.
Cầu Giấy,Hà Nội,quán ăn ở Cầu Giấy Hà Nội,7208702356110740742,,https://support16-normal-useast1a.tiktok.com/@/video/7208702356110740742,support16-normal-useast1a.tiktok.com,support16-normal-useast1a.tiktok.com
Cầu Giấy,Hà Nội,quán ăn ở Cầu Giấy Hà Nội,7467926505557986582,,https://www.tiktok.com/@/video/7467926505557986582,TikTok - Make Your Day,TikTok - Make Your Day
Cầu Giấy,Hà Nội,quán ăn ở Cầu Giấy Hà Nội,7470274605895372078,,https://www.tiktok.com/@/video/7470274605895372078,TikTok - Make Your Day,"This account is private Looking for videos? Try browsing our trending creators, hashtags, and sounds."
Cầu Giấy,Hà Nội,quán ăn ở Cầu Giấy Hà Nội,6925497998071860485,,https://www.tiktok.com/@/video/6925497998071860485/,TikTok - Make Your Day,ไม่มีหน้านี้อยู่ ขออภัยด้วย โปรดลองอีกครั้งในภายหลัง ลอง ...
Cầu Giấy,Hà Nội,quán ăn ở Cầu Giấy Hà Nội,7478252931154955566,,https://www.tiktok.com/video/7478252931154955566,TikTok,6 days ago · TikTok ... TikTok
Cầu Giấy,Hà Nội,quán ăn ở Cầu Giấy Hà Nội,7672401248074714389,,https://www.tiktok.com/video/7672401248074714389,TikTok,4 0 4 Couldn't find this page Check out more trending videos on TikTok Watch now
Cầu Giấy,Hà Nội,quán ăn ở Cầu Giấy Hà Nội,7237950557153955098,,https://www.tiktok.com/video/7237950557153955098,TikTok,4 0 4 Couldn't find this page Check out more trending videos on TikTok Watch now
Cầu Giấy,Hà Nội,quán ăn ở Cầu Giấy Hà Nội,7630006413200215314,tiemcomtrunghoa16,https://www.tiktok.com/@tiemcomtrunghoa16/video/7630006413200215314,Menu Quán Cầu Giấy Hà Nội | TikTok,"Khám phá menu hấp dẫn tại các quán ăn ở Cầu Giấy, Hà Nội. Thưởng thức ẩm thực địa phương độc đáo."
Cầu Giấy,Hà Nội,quán ăn ở Cầu Giấy Hà Nội,7650083239104679185,tastewithlianh,https://www.tiktok.com/@tastewithlianh/video/7650083239104679185,Cầu Giấy ăn gì ngon? Top món ngon và quán ăn đáng thử | TikTok,"Kết luận Cầu Giấy có đa dạng lựa chọn từ món Bắc truyền thống đến quán ăn hiện đại và đồ ăn vặt. Tùy thời gian và khẩu vị, bạn có thể thiết kế food tour ngắn theo gợi ý trên để thử nhiều món."
Cầu Giấy,Hà Nội,quán ăn ở Cầu Giấy Hà Nội,7636822864569650440,caugiayangi,https://www.tiktok.com/@caugiayangi/video/7636822864569650440,Review quán ăn Hà Nội: 100 ngày cùng Cầu Giấy ăn gì | TikTok,"Kết luận Hành trình 100 ngày review quán ăn ở Cầu Giấy mang đến tập hợp địa điểm và gợi ý món thiết thực cho người ở Hà Nội hoặc du khách muốn khám phá ẩm thực khu vực. Hãy chọn quán theo mục đích ăn: nhanh, tiết kiệm, hay trải nghiệm ẩm thực trọn vẹn."
Cầu Giấy,Hà Nội,quán ăn ở Cầu Giấy Hà Nội,7655297104495086862,hnp.vn,https://www.tiktok.com/@hnp.vn/video/7655297104495086862,Quán ăn Cầu Giấy: 4 món ngon giá sinh viên | TikTok,"Gợi ý 4 quán ăn chất lượng tại Cầu Giấy, phù hợp sinh viên và người muốn ăn no với giá dễ chịu. 1) Cháo sườn Cháo sườn là lựa chọn an toàn những ngày không biết ăn gì. Cháo mịn, sườn mềm, ăn kèm quẩy giòn tạo cảm giác cuốn."
Cầu Giấy,Hà Nội,quán ăn ở Cầu Giấy Hà Nội,7601097772019830033,tastewithlianh,https://www.tiktok.com/@tastewithlianh/video/7601097772019830033,Cầu Giấy ăn gì ngon? Khám phá món ngon Hà Nội | TikTok,"1356 Lượt thích,Video TikTok từ Taste With Lianh (@tastewithlianh): ""Khám phá những món ngon ở Cầu Giấy, Hà Nội trong video này! #xuhuong #xuhuongtiktok #Ancungtiktok #ilovetiktok""."
Cầu Giấy,Hà Nội,quán ăn ở Cầu Giấy Hà Nội,7506096702860889362,bachuareview,https://www.tiktok.com/@bachuareview/video/7506096702860889362,Địa Điểm Ẩm Thực Ngon Ở Cầu Giấy | TikTokKhám Phá Quán Ăn Vặt Chất Lượng Cầu Giấy | TikTok,"May 19, 2025 · Địa Điểm Ẩm Thực Ngon Ở Cầu Giấy Khám phá các quán ăn chất lượng tại Cầu Giấy với review chi tiết. Đừng bỏ lỡ những trải nghiệm ẩm thực thú vị! #vtmgr #bachuareview #learnontiktok Đây là bản tóm tắt nội dung do AI tạo và không nhằm mục đích cung cấp ngữ cảnh ... Đến với quán ăn vặt mới siêu chất lượng tại Cầu Giấy với giá cực kỳ hạt dẻ! Xem review chi tiết và thưởng thức Pizza ngon! #ancungtiktok #foodreview"
Yên Hòa,Hà Nội,quán ăn ở Yên Hòa Hà Nội,7689829621549845781,kiukiudaophuyen,https://www.tiktok.com/@kiukiudaophuyen/video/7689829621549845781,Mì bò hầm ramen ở Tuy Hòa | TikTok,"Video giới thiệu món mì bò hầm ramen tại Tuy Hòa. Bối cảnh có trời mưa, và nội dung nêu rằng trời mưa như vậy đi ăn là hợp lý. Hashtag liên quan trong nguồn gồm #miramentuyhoa, #miramenphuyen, #comicobo, #mibohamtuyhoa."
Yên Hòa,Hà Nội,quán ăn ở Yên Hòa Hà Nội,7672379820734450962,hay.i.cafe,https://www.tiktok.com/@hay.i.cafe/video/7672379820734450962,"Đá Ong Coffee & Tea - Quán cafe Hội An vibe ở Yên Hòa, Cầu ...","Đá Ong COFFEE&TEA — quán cafe ở Yên Hòa, Cầu Giấy mang trọn cảm giác Hội An giữa lòng Hà Nội. Địa chỉ: 57 Phố Đỗ Quang, Yên Hòa, Hà Nội. Không gian gồm 3 tầng thoáng mát, mỗi tầng có nhiều góc check-in phù hợp chụp ảnh, hẹn hò hoặc làm việc nhẹ."
Yên Hòa,Hà Nội,quán ăn ở Yên Hòa Hà Nội,7204465822973037850,honeyhiu,https://www.tiktok.com/@honeyhiu/video/7204465822973037850,Quán Cafe Yên Tĩnh Ngoại Ô Tuy Hoà | TikTokHà Nội Ăn Gì ? (@hanoiangi) | TikTokQuán bánh canh nức tiếng Tuy Hòa — địa chỉ và điểm nổi bật ...,"Feb 26, 2023 · Khám phá quán cafe yên tĩnh dễ thương ở Tuy Hoà. Tận hưởng không gian thư giãn và thưởng thức đồ uống ngon miệng! #dailyvlog #caphecaida #phuyen Đây là bản tóm tắt nội dung do AI tạo và không nhằm mục đích cung cấp ngữ cảnh thực tế. Hãy tham gia cùng 1M follower trên TikTok để xem nhiều nội dung vrmgr, hanoiangi, hnag hơn Quán bánh canh nức tiếng ở Tuy Hòa Tóm tắt nhanh Một quán bánh canh nổi tiếng tại Tuy Hòa (Phú Yên) được nhắc đến nhiều với hương vị đặc trưng, gần vị trí cầu 3 Di Đầu Đó. Người dân và du khách thường tìm đến để thưởng thức bún bánh canh đậm đà, ấm bụng. Điểm nổi bật - Hương vị: bánh canh ..."
Yên Hòa,Hà Nội,quán ăn ở Yên Hòa Hà Nội,7650852049000697096,cau3didaudo,https://www.tiktok.com/@cau3didaudo/video/7650852049000697096,Quán bánh canh nức tiếng Tuy Hòa — địa chỉ và điểm nổi bật ...,"Quán bánh canh nức tiếng ở Tuy Hòa Tóm tắt nhanh Một quán bánh canh nổi tiếng tại Tuy Hòa (Phú Yên) được nhắc đến nhiều với hương vị đặc trưng, gần vị trí cầu 3 Di Đầu Đó. Người dân và du khách thường tìm đến để thưởng thức bún bánh canh đậm đà, ấm bụng. Điểm nổi bật - Hương vị: bánh canh ..."
Ô Chợ Dừa,Hà Nội,quán ăn ở Ô Chợ Dừa Hà Nội,7402378959398161707,,https://www.tiktok.com/@/video/7402378959398161707,TikTok - Make Your Day,TikTok - Make Your Day
Ô Chợ Dừa,Hà Nội,quán ăn ở Ô Chợ Dừa Hà Nội,7593089150740385038,,https://www.tiktok.com/video/7593089150740385038,TikTok,TikTok ... TikTok
Ô Chợ Dừa,Hà Nội,quán ăn ở Ô Chợ Dừa Hà Nội,7686017389078744338,longngongiatruyen,https://www.tiktok.com/@longngongiatruyen/video/7686017389078744338,Đầu lòng vip trần nóng - quán em Cúc ở 31 Ô Chợ Dừa | TikTok,"Đầu lòng vip trần nóng , em Cúc phục vụ trực tiếp tươi nóng 1 quán duy nhất tại Hà Nội : 31 Ô Chợ Dừa , Đống Đa . Em có Ship mang về : 0966661589 ạ . Em bán hàng từ sáng từ 7h đến 13h tối từ 17h đến 21h Em Cúc chuyên lòng phần Chọn , tươi , nguyên liệu được chọn kiểm cực kì kĩ , tề lọc để chỉ chọn ..."
Ô Chợ Dừa,Hà Nội,quán ăn ở Ô Chợ Dừa Hà Nội,7678918992710405397,povducbeo,https://www.tiktok.com/@povducbeo/video/7678918992710405397,Bún bò Hoàng Thành mới mở ở Ô Chợ Dừa — Có gì hot? | TikTok,"Video ghi lại trải nghiệm thử món tại quán, kèm cảm nhận tổng quan về hương vị, không gian và lý do quán đang được chú ý. Điểm nổi bật cần biết - Vị trí: mặt đường Ô Chợ Dừa, dễ tìm, thuận tiện cho người ở khu vực trung tâm."
Ô Chợ Dừa,Hà Nội,quán ăn ở Ô Chợ Dừa Hà Nội,7647492491222011156,eatwhning,https://www.tiktok.com/@eatwhning/video/7647492491222011156,"Cháo lòng gia truyền Ô Chợ Dừa - Quán BA MỐT, ăn lòng tươi ...",Quán cháo lòng gia truyền ở P. Ô Chợ Dừa (số nhà BA mốt) là điểm thích hợp cho những ai muốn ăn lòng tươi sạch trong không gian điều hòa mát mẻ giữa cái nắng 40°C.
Ô Chợ Dừa,Hà Nội,quán ăn ở Ô Chợ Dừa Hà Nội,7676333989342301460,trangvau10,https://www.tiktok.com/@trangvau10/video/7676333989342301460,"Quán nướng than hoa ở Ô Chợ Dừa — Review & món nên gọi | TikTokReview Cơm Rang Dưa Bò ở Phở 100 Ô Chợ Dừa, Hà Nội | TikTokQuán cô Lan ốc 73 ô chợ dừa số điện thoại 098888 4334# ăn ...Bún Thang và Phở Gà Bà Ba: Trải Nghiệm Ngon Tại Ô Chợ Dừa ...","Nội dung này tập trung vào trải nghiệm quán nướng than hoa gần khu Ô Chợ Dừa, gợi ý món nên gọi và cách làm đồ nướng tại nhà. Lead Mùa mát là thời điểm thích hợp cho nướng than hoa: không quá oi, hương than và mùi nướng lan tỏa. Lead Review thực tế món Cơm Rang Dưa Bò tại Phở 100, địa chỉ 98 Ô Chợ Dừa, Hà Nội. Bài viết tổng hợp hương vị, phần ăn, giá cả và cảm nhận chung để giúp bạn quyết định có nên thử món này tại quán hay không. Video TikTok từ Mỳ Cua Cô Lan - 73 ô chợ dừa (@useraejqeer69c): ""Quán cô Lan ốc 73 ô chợ dừa số điện thoại 098888 4334# ăn cùng Tiktok # món ngon hà nội #mỳ cua đẫm sốt"".Memories - Madison Mars. Keywords: bún thang tại Ô Chợ Dừa, phở gà Bà Ba ngon, review ăn phở, quẩy Hàng Bồ dẻo mềm, trải nghiệm ẩm thực Hà Nội, bún thang ăn kèm, phở gà Bà Ba nổi tiếng, các món ăn đặc sản Hà Nội, đánh giá quán ăn Ô Chợ Dừa, món ăn ngon Hà Nội"
Ô Chợ Dừa,Hà Nội,quán ăn ở Ô Chợ Dừa Hà Nội,7667399384816045319,cuong43_93,https://www.tiktok.com/@cuong43_93/video/7667399384816045319,"Review Cơm Rang Dưa Bò ở Phở 100 Ô Chợ Dừa, Hà Nội | TikTok","Lead Review thực tế món Cơm Rang Dưa Bò tại Phở 100, địa chỉ 98 Ô Chợ Dừa, Hà Nội. Bài viết tổng hợp hương vị, phần ăn, giá cả và cảm nhận chung để giúp bạn quyết định có nên thử món này tại quán hay không."
Ô Chợ Dừa,Hà Nội,quán ăn ở Ô Chợ Dừa Hà Nội,7670802764670307602,useraejqeer69c,https://www.tiktok.com/@useraejqeer69c/video/7670802764670307602,Quán cô Lan ốc 73 ô chợ dừa số điện thoại 098888 4334# ăn ...,"Video TikTok từ Mỳ Cua Cô Lan - 73 ô chợ dừa (@useraejqeer69c): ""Quán cô Lan ốc 73 ô chợ dừa số điện thoại 098888 4334# ăn cùng Tiktok # món ngon hà nội #mỳ cua đẫm sốt"".Memories - Madison Mars."
Ô Chợ Dừa,Hà Nội,quán ăn ở Ô Chợ Dừa Hà Nội,7564398247821774088,anhvuoi,https://www.tiktok.com/@anhvuoi/video/7564398247821774088,Bún Thang và Phở Gà Bà Ba: Trải Nghiệm Ngon Tại Ô Chợ Dừa ...,"Keywords: bún thang tại Ô Chợ Dừa, phở gà Bà Ba ngon, review ăn phở, quẩy Hàng Bồ dẻo mềm, trải nghiệm ẩm thực Hà Nội, bún thang ăn kèm, phở gà Bà Ba nổi tiếng, các món ăn đặc sản Hà Nội, đánh giá quán ăn Ô Chợ Dừa, món ăn ngon Hà Nội"
Ô Chợ Dừa,Hà Nội,quán ăn ở Ô Chợ Dừa Hà Nội,7667880485275782408,anannguyen677,https://www.tiktok.com/@anannguyen677/video/7667880485275782408,Top 1 Ô Chợ Dừa — Trải nghiệm bar Top One U Lounge ở Hà Nội ...,"8581 Lượt thích,477 Bình luận.Video TikTok từ AN LAN MAN (@anannguyen677): ""Khám phá trải nghiệm hài hước và hơi hoảng tại Top One U Lounge ô Chợ Dừa, Hà Nội. Review bar, không khí, và khoảnh khắc say. #anlanman #say #aauannhau #bar #hanoi""."
Ô Chợ Dừa,Hà Nội,quán ăn ở Ô Chợ Dừa Hà Nội,7420791688580402450,50motbua,https://www.tiktok.com/@50motbua/video/7420791688580402450,"Khám Phá Phở Lõi Tái Lăn Ngon Ở Ô Chợ Dừa | TikTokReview Cơm Rang Dưa Bò ở Phở 100 Ô Chợ Dừa, Hà Nội | TikTokĐịa chỉ 100 Đông Các, Ô Chợ Dừa, Hà Nội | TikTok","Oct 1, 2024 · 1381 Lượt thích,34 Bình luận.Video TikTok từ 50k một bữa (@50motbua): ""Cùng tìm hiểu quán phở lõi tái lăn nổi tiếng chất lượng ở Ô Chợ Dừa. #50motbua #hanoi #vietnam #food #ancungtiktok"". Lead Review thực tế món Cơm Rang Dưa Bò tại Phở 100, địa chỉ 98 Ô Chợ Dừa, Hà Nội. Bài viết tổng hợp hương vị, phần ăn, giá cả và cảm nhận chung để giúp bạn quyết định có nên thử món này tại quán hay không. Thực đơn và bối cảnh Phở 100 nổi tiếng với phở nhưng cũng phục vụ các món cơm; Cơm Rang Dưa ... Địa chỉ: 100 Đông Các, phường Ô Chợ Dừa, quận Đống Đa, Hà Nội. Vị trí và nhận dạng - Nằm trên tuyến phố Đông Các, khu vực Ô Chợ Dừa thuộc quận Đống Đa. Đây là khu dân cư và thương mại, dễ nhận biết qua các cửa hàng, quán ăn và các trục đường chính lân cận. Cách đến (tùy phương tiện) - Đi bộ ..."
Ô Chợ Dừa,Hà Nội,quán ăn ở Ô Chợ Dừa Hà Nội,7682475476996132117,the.seoul.by.mn.o,https://www.tiktok.com/@the.seoul.by.mn.o/video/7682475476996132117,"Địa chỉ 100 Đông Các, Ô Chợ Dừa, Hà Nội | TikTok","Địa chỉ: 100 Đông Các, phường Ô Chợ Dừa, quận Đống Đa, Hà Nội. Vị trí và nhận dạng - Nằm trên tuyến phố Đông Các, khu vực Ô Chợ Dừa thuộc quận Đống Đa. Đây là khu dân cư và thương mại, dễ nhận biết qua các cửa hàng, quán ăn và các trục đường chính lân cận. Cách đến (tùy phương tiện) - Đi bộ ..."
Láng,Hà Nội,quán ăn ở Láng Hà Nội,7679722326363016468,longun83,https://www.tiktok.com/@longun83/video/7679722326363016468,Gà nướng lu 672 Láng — Quán gà nướng nổi tiếng ở Hà Nội | TikTok,"Lead Gà nướng lu 672 Láng là điểm ăn được nhắc đến với phong cách gà nướng lu đặc trưng, thu hút thực khách quanh khu vực Láng và toàn Hà Nội. Tên quán thường xuất hiện cùng hashtag #ganuonglu #lang #toinayangi #gaquay. Giới thiệu nhanh Quán gà nướng lu 672 nằm trên đường Láng, nổi bật bằng món gà nướng lu/ gà ..."
Láng,Hà Nội,quán ăn ở Láng Hà Nội,7323144981625998593,hattieufoodie,https://www.tiktok.com/@hattieufoodie/video/7323144981625998593,"Khám Phá Quán Ăn Với View Đẹp Nhất Chùa Láng | TikTokĐường Láng - Top Quán Ăn Đêm Ngon ở Hà Nội | TikTokKhám Phá Quán Cơm Tấm Đường Láng Ngon Tại Hà Nội | TikTokGyu Shige Đường Láng Hà Nội — Review nhà hàng, vịt dí trên ...Hà Nội Ăn Gì ? trên TikTokBữa Trưa Ngon tại Thiên Đường Ẩm Thực Chùa Láng | Quán Bánh ...","Jan 12, 2024 · Tìm hiểu quán ăn có view đẹp và món nướng ngon ở Chùa Láng, Hà Nội. Tham gia food tour cùng chúng tôi! #vtmgr #hattieufoodie #ReviewAnNgon Đây là thông tin do AI tạo và có thể trả về kết quả không liên quan. Thông tin này không đại diện cho quan điểm hay lời khuyên của TikTok. Jul 15, 2025 · Khám phá quán ăn đêm nổi tiếng Đường Láng với những món ngon không thể bỏ lỡ. Tìm hiểu thực đơn hấp dẫn và đánh giá chi tiết! #tuanfoodkhongphet #xuhuong #foodreview Review quán cơm tấm đường Láng, nơi bạn có thể thưởng thức món ngon và không gian thú vị. Đừng bỏ lỡ! #Review #CơmTấm #HàNội Lead Gyu Shige tại 1152 Đường Láng, Hà Nội — tọa lạc trong khu Lancaster — là điểm ăn được nhắc đến trong các tìm kiếm liên quan tới USBEEF và xu hướng vit dí trên pháo. Nov 21, 2023 · Khám phá quán nướng 7 tầng đường Láng ngon nhất Hà Nội. Thưởng thức buffet nướng và lẩu hấp dẫn. #hanoiangi #reviewanngon #foodfestontiktok Đây là thông tin do AI tạo và có thể trả về kết quả không liên quan. Thông tin này không đại diện cho quan điểm hay lời khuyên của TikTok. Apr 6, 2024 · Khám phá quán bánh mì chảo ngon miệng tại Chùa Láng, Hà Nội - Bữa trưa vừa dày vừa hợp lý, ăn no thoải mái, không tính thêm tiền. Ăn sáng từ 7-9 giờ miễn phí sữa đậu. Thực đơn đầy đủ với PA tê, thịt, xúc xích..."
Láng,Hà Nội,quán ăn ở Láng Hà Nội,7527305129293335816,tuanfoodkhongphet,https://www.tiktok.com/@tuanfoodkhongphet/video/7527305129293335816,"Đường Láng - Top Quán Ăn Đêm Ngon ở Hà Nội | TikTokKhám Phá Quán Cơm Tấm Đường Láng Ngon Tại Hà Nội | TikTokGyu Shige Đường Láng Hà Nội — Review nhà hàng, vịt dí trên ...Hà Nội Ăn Gì ? trên TikTokBữa Trưa Ngon tại Thiên Đường Ẩm Thực Chùa Láng | Quán Bánh ...","Jul 15, 2025 · Khám phá quán ăn đêm nổi tiếng Đường Láng với những món ngon không thể bỏ lỡ. Tìm hiểu thực đơn hấp dẫn và đánh giá chi tiết! #tuanfoodkhongphet #xuhuong #foodreview Review quán cơm tấm đường Láng, nơi bạn có thể thưởng thức món ngon và không gian thú vị. Đừng bỏ lỡ! #Review #CơmTấm #HàNội Lead Gyu Shige tại 1152 Đường Láng, Hà Nội — tọa lạc trong khu Lancaster — là điểm ăn được nhắc đến trong các tìm kiếm liên quan tới USBEEF và xu hướng vit dí trên pháo. Nov 21, 2023 · Khám phá quán nướng 7 tầng đường Láng ngon nhất Hà Nội. Thưởng thức buffet nướng và lẩu hấp dẫn. #hanoiangi #reviewanngon #foodfestontiktok Đây là thông tin do AI tạo và có thể trả về kết quả không liên quan. Thông tin này không đại diện cho quan điểm hay lời khuyên của TikTok. Apr 6, 2024 · Khám phá quán bánh mì chảo ngon miệng tại Chùa Láng, Hà Nội - Bữa trưa vừa dày vừa hợp lý, ăn no thoải mái, không tính thêm tiền. Ăn sáng từ 7-9 giờ miễn phí sữa đậu. Thực đơn đầy đủ với PA tê, thịt, xúc xích..."
Láng,Hà Nội,quán ăn ở Láng Hà Nội,7598195490211024148,caugaivietcuu,https://www.tiktok.com/@caugaivietcuu/video/7598195490211024148,"Khám Phá Quán Cơm Tấm Đường Láng Ngon Tại Hà Nội | TikTokGyu Shige Đường Láng Hà Nội — Review nhà hàng, vịt dí trên ...Hà Nội Ăn Gì ? trên TikTokBữa Trưa Ngon tại Thiên Đường Ẩm Thực Chùa Láng | Quán Bánh ...","Review quán cơm tấm đường Láng, nơi bạn có thể thưởng thức món ngon và không gian thú vị. Đừng bỏ lỡ! #Review #CơmTấm #HàNội Lead Gyu Shige tại 1152 Đường Láng, Hà Nội — tọa lạc trong khu Lancaster — là điểm ăn được nhắc đến trong các tìm kiếm liên quan tới USBEEF và xu hướng vit dí trên pháo. Nov 21, 2023 · Khám phá quán nướng 7 tầng đường Láng ngon nhất Hà Nội. Thưởng thức buffet nướng và lẩu hấp dẫn. #hanoiangi #reviewanngon #foodfestontiktok Đây là thông tin do AI tạo và có thể trả về kết quả không liên quan. Thông tin này không đại diện cho quan điểm hay lời khuyên của TikTok. Apr 6, 2024 · Khám phá quán bánh mì chảo ngon miệng tại Chùa Láng, Hà Nội - Bữa trưa vừa dày vừa hợp lý, ăn no thoải mái, không tính thêm tiền. Ăn sáng từ 7-9 giờ miễn phí sữa đậu. Thực đơn đầy đủ với PA tê, thịt, xúc xích..."
Láng,Hà Nội,quán ăn ở Láng Hà Nội,7664919185142713607,vitditrenphao,https://www.tiktok.com/@vitditrenphao/video/7664919185142713607,"Gyu Shige Đường Láng Hà Nội — Review nhà hàng, vịt dí trên ...","Lead Gyu Shige tại 1152 Đường Láng, Hà Nội — tọa lạc trong khu Lancaster — là điểm ăn được nhắc đến trong các tìm kiếm liên quan tới USBEEF và xu hướng vit dí trên pháo."
Láng,Hà Nội,quán ăn ở Láng Hà Nội,7303840932133080322,hanoiangi,https://www.tiktok.com/@hanoiangi/video/7303840932133080322,Hà Nội Ăn Gì ? trên TikTokBữa Trưa Ngon tại Thiên Đường Ẩm Thực Chùa Láng | Quán Bánh ...,"Nov 21, 2023 · Khám phá quán nướng 7 tầng đường Láng ngon nhất Hà Nội. Thưởng thức buffet nướng và lẩu hấp dẫn. #hanoiangi #reviewanngon #foodfestontiktok Đây là thông tin do AI tạo và có thể trả về kết quả không liên quan. Thông tin này không đại diện cho quan điểm hay lời khuyên của TikTok. Apr 6, 2024 · Khám phá quán bánh mì chảo ngon miệng tại Chùa Láng, Hà Nội - Bữa trưa vừa dày vừa hợp lý, ăn no thoải mái, không tính thêm tiền. Ăn sáng từ 7-9 giờ miễn phí sữa đậu. Thực đơn đầy đủ với PA tê, thịt, xúc xích..."
Láng,Hà Nội,quán ăn ở Láng Hà Nội,7354602104826187015,eatwithmynoreo,https://www.tiktok.com/@eatwithmynoreo/video/7354602104826187015,Bữa Trưa Ngon tại Thiên Đường Ẩm Thực Chùa Láng | Quán Bánh ...,"Apr 6, 2024 · Khám phá quán bánh mì chảo ngon miệng tại Chùa Láng, Hà Nội - Bữa trưa vừa dày vừa hợp lý, ăn no thoải mái, không tính thêm tiền. Ăn sáng từ 7-9 giờ miễn phí sữa đậu. Thực đơn đầy đủ với PA tê, thịt, xúc xích..."
Văn Miếu - Quốc Tử Giám,Hà Nội,quán ăn ở Văn Miếu - Quốc Tử Giám Hà Nội,7618911510513077524,u40.an.gi,https://www.tiktok.com/@u40.an.gi/video/7618911510513077524,U40 Ăn Gì Review hàng phở nổi tiếng đông khách khu Văn Miếu ...,"Một quán nướng có chủ người Hàn ngay khu Cầu Giấy giá cả hợp lý mà chất lượng okie cực, ăn nướng cả bò cả heo, mì lạnh gọi ngoài chỉ khoảng 300k/người, panchan cỡ 6 món, nước lọc miễn phí luôn."
Văn Miếu - Quốc Tử Giám,Hà Nội,quán ăn ở Văn Miếu - Quốc Tử Giám Hà Nội,7398003651144453392,nguyentranphongvu,https://www.tiktok.com/@nguyentranphongvu/video/7398003651144453392,"Ăn Phở Gà Chất Lượng Gần Văn Miếu - Quốc Tử Giám | Đánh Giá ...Văn Miếu, Quốc Tử Giám | TikTok PlacesQuán cafe gần Văn Miếu - Quốc Tử Giám: Miss Hà Nội 55 Văn ...Ăn bát phở gà ngon Văn Miếu Quốc Tử Giám | TikTokQuán ăn chơi dân gian kiểu mới — Mít Hà Nội 55 Văn Miếu","Aug 1, 2024 · Thử Phở Gà Ngay Văn Miếu - Quốc Tử Giám với giá không rẻ nhưng chất lượng tốt và đông khách. Quán phục vụ 8 phở cơ bản, trải nghiệm ngon lành! #phongvureview #dcgr #ancungtiktok Cô Ba Sài Gòn lần đầu được ra Văn Miếu chụp hình nên rất phấn khích 😅 #aodai #aodaivietnam #aodaitet #tet2025 #tet #vietnam #outfit #xuhuong #tiktok #viral #hehehihi #trending #embemacdep Kết luận Miss Hà Nội (55 Văn Miếu) là lựa chọn thuận tiện và thú vị nếu đang tìm quán cafe gần Văn Miếu - Quốc Tử Giám, kết hợp thưởng thức đồ uống, chụp ảnh và trải nghiệm văn hóa truyền thống. Mar 22, 2024 · 14.7K Lượt thích,338 Bình luận.Video TikTok từ Ther Nguyen (@ther_nguyen_boc_food): ""Hãy thử bát phở gà ngon tại quán gần Văn Miếu Quốc Tử Giám với nước trộn đặc trưng, topping phong phú. Nov 27, 2025 · Thực đơn đa dạng đồ uống: nhiều loại trà và cà phê để lựa chọn. Lý do nên đến Nếu tìm nơi có cả không gian và món ăn mang “chất” riêng, thích hợp cho buổi chiều thư giãn hoặc buổi trưa nhẹ, Mít Hà Nội (55 Văn Miếu) là lựa chọn đáng thử."
Văn Miếu - Quốc Tử Giám,Hà Nội,quán ăn ở Văn Miếu - Quốc Tử Giám Hà Nội,7660505974863695111,juongdidau,https://www.tiktok.com/@juongdidau/video/7660505974863695111,Quán cafe gần Văn Miếu - Quốc Tử Giám: Miss Hà Nội 55 Văn ...,"Kết luận Miss Hà Nội (55 Văn Miếu) là lựa chọn thuận tiện và thú vị nếu đang tìm quán cafe gần Văn Miếu - Quốc Tử Giám, kết hợp thưởng thức đồ uống, chụp ảnh và trải nghiệm văn hóa truyền thống."
Văn Miếu - Quốc Tử Giám,Hà Nội,quán ăn ở Văn Miếu - Quốc Tử Giám Hà Nội,7349023314054106370,ther_nguyen_boc_food,https://www.tiktok.com/@ther_nguyen_boc_food/video/7349023314054106370,Ăn bát phở gà ngon Văn Miếu Quốc Tử Giám | TikTokQuán ăn chơi dân gian kiểu mới — Mít Hà Nội 55 Văn Miếu,"Mar 22, 2024 · 14.7K Lượt thích,338 Bình luận.Video TikTok từ Ther Nguyen (@ther_nguyen_boc_food): ""Hãy thử bát phở gà ngon tại quán gần Văn Miếu Quốc Tử Giám với nước trộn đặc trưng, topping phong phú. Nov 27, 2025 · Thực đơn đa dạng đồ uống: nhiều loại trà và cà phê để lựa chọn. Lý do nên đến Nếu tìm nơi có cả không gian và món ăn mang “chất” riêng, thích hợp cho buổi chiều thư giãn hoặc buổi trưa nhẹ, Mít Hà Nội (55 Văn Miếu) là lựa chọn đáng thử."
Văn Miếu - Quốc Tử Giám,Hà Nội,quán ăn ở Văn Miếu - Quốc Tử Giám Hà Nội,7577343912961019156,eatwithmynoreo,https://www.tiktok.com/@eatwithmynoreo/video/7577343912961019156,Quán ăn chơi dân gian kiểu mới — Mít Hà Nội 55 Văn Miếu,"Nov 27, 2025 · Thực đơn đa dạng đồ uống: nhiều loại trà và cà phê để lựa chọn. Lý do nên đến Nếu tìm nơi có cả không gian và món ăn mang “chất” riêng, thích hợp cho buổi chiều thư giãn hoặc buổi trưa nhẹ, Mít Hà Nội (55 Văn Miếu) là lựa chọn đáng thử."
Kim Liên,Hà Nội,quán ăn ở Kim Liên Hà Nội,7659359827759533320,chilaquynh,https://www.tiktok.com/@chilaquynh/video/7659359827759533320,Tiệm cafe mới trong khách sạn Kim Liên Hà Nội | TikTok,"Kết luận và lời mời Tiệm cafe trong khách sạn Kim Liên là điểm dừng hợp lý cho ai cần không gian thoải mái, đồ uống chất lượng và vị trí thuận tiện tại Hà Nội. Bạn đã thử quán này chưa? Chia sẻ trải nghiệm hoặc món yêu thích khi đến Kim Liên nhé."
Kim Liên,Hà Nội,quán ăn ở Kim Liên Hà Nội,7648519182858063112,chymbay02,https://www.tiktok.com/@chymbay02/video/7648519182858063112,Quán đồ Hàn rẻ gần khu Kim Liên: Han Kim Chi review | TikTok,"Vị trí & thuận tiện Núp trong hẻm nhưng dễ tìm nếu biết hướng Lương Định Của — khu tập thể Kim Liên. Quán gần các địa chỉ được nhắc trong cộng đồng: chợ Kim Liên, hồ Kim Liên, và bến gần trường, thuận tiện cho học sinh sinh viên quanh khu."
Kim Liên,Hà Nội,quán ăn ở Kim Liên Hà Nội,7591064279256698119,maymomam,https://www.tiktok.com/@maymomam/video/7591064279256698119,Xôi Tâm - Thiên Đường Ẩm Thực Xôi Thịt Tại Kim Liên | TikTok,Khám phá Xôi Tâm với món xôi thịt kho tàu và nhiều topping hấp dẫn. Địa điểm lý tưởng cho tín đồ yêu ẩm thực đêm ở Hà Nội. #maymomam #xoithitkho #xoitimhanoi
Kim Liên,Hà Nội,quán ăn ở Kim Liên Hà Nội,7679066145646857493,ansaphanoi,https://www.tiktok.com/@ansaphanoi/video/7679066145646857493,Review Bánh Mì Nem Khoai Kim Liên: Món Ăn Vặt Hà Nội Nổi ...,"Nếu bạn đang ở Hà Nội và là một tín đồ của bánh mì, đừng bỏ lỡ cơ hội thử món bánh mì nem khoai tại Kim Liên. Đây chắc chắn sẽ là một trải nghiệm ẩm thực đáng nhớ, một món ăn vặt không thể bỏ qua khi khám phá thành phố này."
Kim Liên,Hà Nội,quán ăn ở Kim Liên Hà Nội,7687152374065958164,danviet.giaitri,https://www.tiktok.com/@danviet.giaitri/video/7687152374065958164,"Loạt cửa hàng, quán ăn xung quanh khách sạn Kim Liên đồng ...","Loạt cửa hàng, quán ăn xung quanh khách sạn Kim Liên đồng loạt tháo dỡ mặt bằng để thực hiện dự án #tiktoknews #onhaxemtin #tiktokdieuky #danviet #khachsankimlien #thaodomatbang #duan"
Kim Liên,Hà Nội,quán ăn ở Kim Liên Hà Nội,7602246788111764757,trn.thanh.lan6,https://www.tiktok.com/@trn.thanh.lan6/video/7602246788111764757,Nem Kim Liên Hải Sản Kem Bơ Tại Nhà Liên Béo | TikTok,"Keywords: Nem Kim Liên hải sản kem bơ, món ăn ngon Liên Béo, nem truyền thống Việt Nam, ẩm thực hải sản tại nhà, món ăn vặt nổi tiếng, món ăn đường phố Hà Nội, hải sản chế biến ngon, quán ăn ngon Hà Nội, địa điểm ăn uống nổi bật, nem rán truyền thống"
Kim Liên,Hà Nội,quán ăn ở Kim Liên Hà Nội,7288930854586371330,titbeolaocai,https://www.tiktok.com/@titbeolaocai/video/7288930854586371330,Khám Phá Quán Phở Bò Tái Chín Gân Mềm Trên Nóc Hầm Kim Liên ...,"Oct 12, 2023 · Buổi sáng se lạnh, thưởng thức phở bò tái chín gân mềm tại quán phở nổi tiếng Hà Nội. Khám phá hương vị đặc trưng và trải nghiệm ẩm thực tuyệt vời! #titbeo #vtmgr #ancungtiktok"
Đống Đa,Hà Nội,quán ăn ở Đống Đa Hà Nội,7418530703547141384,giang.ghin.chill,https://www.tiktok.com/@giang.ghin.chill/video/7418530703547141384,"Top Quán Ăn Ngon Ở Quận Đống Đa Hà Nội | TikTokReview Quán Ăn Ngon Ở Quận Đống Đa Hà Nội | TikTokĐống Đa ăn gì? Food tour Đống Đa Hà Nội - Món ngon nên thử ...3 Quán Ăn Ngon ở Đống Đa Mà Bạn Không Nên Bỏ Lỡ | TikTokĐống Đa ăn gì? 7 món ăn nên thử khi đi food tour Hà Nội | TikTokĂn đêm Hà Nội: Gợi ý xôi, bánh mì ngon ở Đống Đa | TikTokTop Quán Ngon Rẻ Ở Đống Đa Hà Nội | TikTok","Sep 25, 2024 · 3580 Lượt thích,29 Bình luận.Video TikTok từ Giang Ghiền Chill (@giang.ghin.chill): ""Khám phá những quán ăn ngon, giá cả hợp lý tại Đống Đa, Hà Nội trong video này! #foodreview #giangghienchill #monngonmoingay"". Sep 11, 2024 · Giang Ghien Chill review địa điểm ăn ngon tại Đống Đa, nhà hàng, quán ăn vặt, quán mì cay và food tour sôi động. #giangghienchill #reviewfood #monngonmoingay #foodreview #ktnetvn #food #fyp #foodtour"". Nếu bạn đang lên lịch food tour quanh quận Đống Đa, Hà Nội, đây là hướng dẫn ngắn gọn những món và điểm ăn nên thử. Bài viết tập trung vào gợi ý thực phẩm đường phố, đặc sản địa phương và quán ăn phù hợp cho chuyến đi nhanh. Khám phá 3 quán ăn tuyệt vời ở Đống Đa với thực đơn đa dạng và hương vị tuyệt hảo. #lankhaphanoi #foodreview #hanoi #xuhuong Bài viết này liệt kê 7 món đặc sắc đáng thử khi thực hiện một food tour ngắn quanh quận — từ quán ăn gia đình đến hàng ăn vặt phổ biến — kèm gợi ý cách chọn và thưởng thức. Nhỏ nào hay đi ăn đêm thì bơi hết vào đây — gợi ý nhanh những lựa chọn ăn đêm ở Hà Nội, tập trung khu Đống Đa, phù hợp khi thèm xôi, bánh mì và các món ngon nhẹ buổi tối. Jul 20, 2025 · Keywords: quán ngon rẻ ở Đống Đa, ẩm thực đường phố Hà Nội, địa điểm ăn uống Hà Nội, phải ghé ăn ở Đống Đa, khám phá ẩm thực Hà Nội, ăn ngon giá rẻ tại Hà Nội, review quán ăn Đống Đa, quán ăn nhất định phải thử, địa chỉ ẩm thực Hà Nội, xu hướng ẩm ..."
Đống Đa,Hà Nội,quán ăn ở Đống Đa Hà Nội,7413325588548554002,giang.ghin.chill,https://www.tiktok.com/@giang.ghin.chill/video/7413325588548554002,"Review Quán Ăn Ngon Ở Quận Đống Đa Hà Nội | TikTokĐống Đa ăn gì? Food tour Đống Đa Hà Nội - Món ngon nên thử ...3 Quán Ăn Ngon ở Đống Đa Mà Bạn Không Nên Bỏ Lỡ | TikTokĐống Đa ăn gì? 7 món ăn nên thử khi đi food tour Hà Nội | TikTokĂn đêm Hà Nội: Gợi ý xôi, bánh mì ngon ở Đống Đa | TikTokTop Quán Ngon Rẻ Ở Đống Đa Hà Nội | TikTok","Sep 11, 2024 · Giang Ghien Chill review địa điểm ăn ngon tại Đống Đa, nhà hàng, quán ăn vặt, quán mì cay và food tour sôi động. #giangghienchill #reviewfood #monngonmoingay #foodreview #ktnetvn #food #fyp #foodtour"". Nếu bạn đang lên lịch food tour quanh quận Đống Đa, Hà Nội, đây là hướng dẫn ngắn gọn những món và điểm ăn nên thử. Bài viết tập trung vào gợi ý thực phẩm đường phố, đặc sản địa phương và quán ăn phù hợp cho chuyến đi nhanh. Khám phá 3 quán ăn tuyệt vời ở Đống Đa với thực đơn đa dạng và hương vị tuyệt hảo. #lankhaphanoi #foodreview #hanoi #xuhuong Bài viết này liệt kê 7 món đặc sắc đáng thử khi thực hiện một food tour ngắn quanh quận — từ quán ăn gia đình đến hàng ăn vặt phổ biến — kèm gợi ý cách chọn và thưởng thức. Nhỏ nào hay đi ăn đêm thì bơi hết vào đây — gợi ý nhanh những lựa chọn ăn đêm ở Hà Nội, tập trung khu Đống Đa, phù hợp khi thèm xôi, bánh mì và các món ngon nhẹ buổi tối. Jul 20, 2025 · Keywords: quán ngon rẻ ở Đống Đa, ẩm thực đường phố Hà Nội, địa điểm ăn uống Hà Nội, phải ghé ăn ở Đống Đa, khám phá ẩm thực Hà Nội, ăn ngon giá rẻ tại Hà Nội, review quán ăn Đống Đa, quán ăn nhất định phải thử, địa chỉ ẩm thực Hà Nội, xu hướng ẩm ..."
Đống Đa,Hà Nội,quán ăn ở Đống Đa Hà Nội,7644882371002567937,tastewithlianh,https://www.tiktok.com/@tastewithlianh/video/7644882371002567937,Đống Đa ăn gì? Food tour Đống Đa Hà Nội - Món ngon nên thử ...,"Nếu bạn đang lên lịch food tour quanh quận Đống Đa, Hà Nội, đây là hướng dẫn ngắn gọn những món và điểm ăn nên thử. Bài viết tập trung vào gợi ý thực phẩm đường phố, đặc sản địa phương và quán ăn phù hợp cho chuyến đi nhanh."
Đống Đa,Hà Nội,quán ăn ở Đống Đa Hà Nội,7593721614454344981,lankhaphanoi9,https://www.tiktok.com/@lankhaphanoi9/video/7593721614454344981,"3 Quán Ăn Ngon ở Đống Đa Mà Bạn Không Nên Bỏ Lỡ | TikTokĐống Đa ăn gì? 7 món ăn nên thử khi đi food tour Hà Nội | TikTokĂn đêm Hà Nội: Gợi ý xôi, bánh mì ngon ở Đống Đa | TikTokTop Quán Ngon Rẻ Ở Đống Đa Hà Nội | TikTok","Khám phá 3 quán ăn tuyệt vời ở Đống Đa với thực đơn đa dạng và hương vị tuyệt hảo. #lankhaphanoi #foodreview #hanoi #xuhuong Bài viết này liệt kê 7 món đặc sắc đáng thử khi thực hiện một food tour ngắn quanh quận — từ quán ăn gia đình đến hàng ăn vặt phổ biến — kèm gợi ý cách chọn và thưởng thức. Nhỏ nào hay đi ăn đêm thì bơi hết vào đây — gợi ý nhanh những lựa chọn ăn đêm ở Hà Nội, tập trung khu Đống Đa, phù hợp khi thèm xôi, bánh mì và các món ngon nhẹ buổi tối. Jul 20, 2025 · Keywords: quán ngon rẻ ở Đống Đa, ẩm thực đường phố Hà Nội, địa điểm ăn uống Hà Nội, phải ghé ăn ở Đống Đa, khám phá ẩm thực Hà Nội, ăn ngon giá rẻ tại Hà Nội, review quán ăn Đống Đa, quán ăn nhất định phải thử, địa chỉ ẩm thực Hà Nội, xu hướng ẩm ..."
Đống Đa,Hà Nội,quán ăn ở Đống Đa Hà Nội,7650464776660864273,tastewithlianh,https://www.tiktok.com/@tastewithlianh/video/7650464776660864273,Đống Đa ăn gì? 7 món ăn nên thử khi đi food tour Hà Nội | TikTok,Bài viết này liệt kê 7 món đặc sắc đáng thử khi thực hiện một food tour ngắn quanh quận — từ quán ăn gia đình đến hàng ăn vặt phổ biến — kèm gợi ý cách chọn và thưởng thức.
Đống Đa,Hà Nội,quán ăn ở Đống Đa Hà Nội,7675359142499962120,dinhyen_020201,https://www.tiktok.com/@dinhyen_020201/video/7675359142499962120,"Ăn đêm Hà Nội: Gợi ý xôi, bánh mì ngon ở Đống Đa | TikTok","Nhỏ nào hay đi ăn đêm thì bơi hết vào đây — gợi ý nhanh những lựa chọn ăn đêm ở Hà Nội, tập trung khu Đống Đa, phù hợp khi thèm xôi, bánh mì và các món ngon nhẹ buổi tối."
Đống Đa,Hà Nội,quán ăn ở Đống Đa Hà Nội,7529059167622188296,nhahangnhatbansako,https://www.tiktok.com/@nhahangnhatbansako/video/7529059167622188296,Top Quán Ngon Rẻ Ở Đống Đa Hà Nội | TikTok,"Jul 20, 2025 · Keywords: quán ngon rẻ ở Đống Đa, ẩm thực đường phố Hà Nội, địa điểm ăn uống Hà Nội, phải ghé ăn ở Đống Đa, khám phá ẩm thực Hà Nội, ăn ngon giá rẻ tại Hà Nội, review quán ăn Đống Đa, quán ăn nhất định phải thử, địa chỉ ẩm thực Hà Nội, xu hướng ẩm ..."
Hai Bà Trưng,Hà Nội,quán ăn ở Hai Bà Trưng Hà Nội,7683778495410900232,congngow,https://www.tiktok.com/@congngow/video/7683778495410900232,Quán cơm ngon quanh Hai Bà Trưng Hà Nội | TikTok,"Cần lắm 1 địa chỉ quanh khu vực Hai Bà Trưng Nếu bạn đang tìm một địa chỉ ăn ngon quanh khu vực Hai Bà Trưng (Hà Nội), dưới đây là cách chọn quán phù hợp nhanh và những gợi ý chung dựa trên nhu cầu phổ biến."
Hai Bà Trưng,Hà Nội,quán ăn ở Hai Bà Trưng Hà Nội,7667079944110918932,ngocmattofoodreview,https://www.tiktok.com/@ngocmattofoodreview/video/7667079944110918932,Bún Ốc Sườn 57 Hai Bà Trưng — Quán Bún Ốc Nổi Tiếng | TikTok,"Lead Bún Ốc Sườn 57 Hai Bà Trưng là tên được nhắc trong các tìm kiếm liên quan đến bún ốc và ẩm thực đường phố Hà Nội. Người tìm kiếm thường muốn biết hương vị, món nên thử, và địa chỉ của quán."
Vĩnh Tuy,Hà Nội,quán ăn ở Vĩnh Tuy Hà Nội,7493507062433910034,haidanghaydi,https://www.tiktok.com/@haidanghaydi/video/7493507062433910034,Ăn Chơi Xuyên Đêm Tại QUÁN NHỎ 122 VĨNH TUY | TikTokKhai Trương Quán Nhỏ 122 Vĩnh Tuy | TikTokKhám Phá Quán Nhỏ Vĩnh Tuy Cuối Tuần | TikTokKhám Phá Quán Nhỏ 122 Vĩnh Tuy: Tụ Điểm Giới Trẻ Đỉnh Nhất ...Khai trương Quán Nhỏ Vĩnh Tuy: Đón khách ấn tượng | TikTok,"Khám phá địa chỉ ăn chơi xuyên đêm độc đáo với múa Trung Hoa tại QUÁN NHỎ 122 VĨNH TUY. Cùng trải nghiệm hương vị món ngon hấp dẫn! #viral #quannho #doanngon 255 Lượt thích,Video TikTok từ Quán Nhỏ (@quannhonhauxuyendem): ""Khách yêu ơi, hãy đến với Quán Nhỏ Vĩnh Tuy đã khai trương! Thưởng thức những món ngon hấp dẫn! #quannho #quannhovinhtuy #khaitruong"". Apr 4, 2025 · Cuối tuần này hãy ghé Quán Nhỏ cùng bạn bè! Khám phá những món ăn ngon và không gian thú vị. #quannho Đây là bản tóm tắt nội dung do AI tạo và không nhằm mục đích cung cấp ngữ cảnh thực tế. 70 Lượt thích,Video TikTok từ Quán Nhỏ (@quannhonhauxuyendem): ""Tận hưởng không gian rộng rãi, food đa dạng và DJ show thú vị tại Quán Nhỏ 122 Vĩnh Tuy! Hẹn gặp các bạn đêm nhé! #quannho #djshow #muatrunghoa #livemusic #moxuyendem"". Khám phá những khoảnh khắc tươi vui trong ngày khai trương Quán Nhỏ Vĩnh Tuy. Cùng Hải và đội ngũ chào đón khách hàng! #haitay #quannho #dcgr #quannho10"
Vĩnh Tuy,Hà Nội,quán ăn ở Vĩnh Tuy Hà Nội,7483168842479422727,quannhonhauxuyendem,https://www.tiktok.com/@quannhonhauxuyendem/video/7483168842479422727,Khai Trương Quán Nhỏ 122 Vĩnh Tuy | TikTokKhám Phá Quán Nhỏ Vĩnh Tuy Cuối Tuần | TikTokKhám Phá Quán Nhỏ 122 Vĩnh Tuy: Tụ Điểm Giới Trẻ Đỉnh Nhất ...Khai trương Quán Nhỏ Vĩnh Tuy: Đón khách ấn tượng | TikTok,"255 Lượt thích,Video TikTok từ Quán Nhỏ (@quannhonhauxuyendem): ""Khách yêu ơi, hãy đến với Quán Nhỏ Vĩnh Tuy đã khai trương! Thưởng thức những món ngon hấp dẫn! #quannho #quannhovinhtuy #khaitruong"". Apr 4, 2025 · Cuối tuần này hãy ghé Quán Nhỏ cùng bạn bè! Khám phá những món ăn ngon và không gian thú vị. #quannho Đây là bản tóm tắt nội dung do AI tạo và không nhằm mục đích cung cấp ngữ cảnh thực tế. 70 Lượt thích,Video TikTok từ Quán Nhỏ (@quannhonhauxuyendem): ""Tận hưởng không gian rộng rãi, food đa dạng và DJ show thú vị tại Quán Nhỏ 122 Vĩnh Tuy! Hẹn gặp các bạn đêm nhé! #quannho #djshow #muatrunghoa #livemusic #moxuyendem"". Khám phá những khoảnh khắc tươi vui trong ngày khai trương Quán Nhỏ Vĩnh Tuy. Cùng Hải và đội ngũ chào đón khách hàng! #haitay #quannho #dcgr #quannho10"
Vĩnh Tuy,Hà Nội,quán ăn ở Vĩnh Tuy Hà Nội,7489430808877468934,quannhonhauxuyendem,https://www.tiktok.com/@quannhonhauxuyendem/video/7489430808877468934,Khám Phá Quán Nhỏ Vĩnh Tuy Cuối Tuần | TikTok,"Apr 4, 2025 · Cuối tuần này hãy ghé Quán Nhỏ cùng bạn bè! Khám phá những món ăn ngon và không gian thú vị. #quannho Đây là bản tóm tắt nội dung do AI tạo và không nhằm mục đích cung cấp ngữ cảnh thực tế."
Vĩnh Tuy,Hà Nội,quán ăn ở Vĩnh Tuy Hà Nội,7616667770075303188,quannhonhauxuyendem,https://www.tiktok.com/@quannhonhauxuyendem/video/7616667770075303188,Khám Phá Quán Nhỏ 122 Vĩnh Tuy: Tụ Điểm Giới Trẻ Đỉnh Nhất ...Khai trương Quán Nhỏ Vĩnh Tuy: Đón khách ấn tượng | TikTok,"70 Lượt thích,Video TikTok từ Quán Nhỏ (@quannhonhauxuyendem): ""Tận hưởng không gian rộng rãi, food đa dạng và DJ show thú vị tại Quán Nhỏ 122 Vĩnh Tuy! Hẹn gặp các bạn đêm nhé! #quannho #djshow #muatrunghoa #livemusic #moxuyendem"". Khám phá những khoảnh khắc tươi vui trong ngày khai trương Quán Nhỏ Vĩnh Tuy. Cùng Hải và đội ngũ chào đón khách hàng! #haitay #quannho #dcgr #quannho10"
Vĩnh Tuy,Hà Nội,quán ăn ở Vĩnh Tuy Hà Nội,7482964438954347783,haiquannho,https://www.tiktok.com/@haiquannho/video/7482964438954347783,Khai trương Quán Nhỏ Vĩnh Tuy: Đón khách ấn tượng | TikTok,Khám phá những khoảnh khắc tươi vui trong ngày khai trương Quán Nhỏ Vĩnh Tuy. Cùng Hải và đội ngũ chào đón khách hàng! #haitay #quannho #dcgr #quannho10
Bạch Mai,Hà Nội,quán ăn ở Bạch Mai Hà Nội,7665245241754144007,chaogangbonamnuong,https://www.tiktok.com/@chaogangbonamnuong/video/7665245241754144007,Ăn ngon 319 Thanh Nhàn Bạch Mai Hà Nội - Quán ăn review | TikTok,"Lời khuyên cuối: Địa chỉ 319 Thanh Nhàn là điểm tham khảo khi tìm quán ăn ở khu Bạch Mai, Hà Nội. Để có đánh giá chi tiết (món ngon, giá, phục vụ), nên tham khảo thêm hình ảnh, nhận xét của khách đã đến hoặc ghé trực tiếp để trải nghiệm."
Bạch Mai,Hà Nội,quán ăn ở Bạch Mai Hà Nội,7298955726838385921,caominhtienofficial,https://www.tiktok.com/@caominhtienofficial/video/7298955726838385921,Bún Riêu Bạch Mai: Khám Phá Ẩm Thực Đêm Hà Nội | TikTokBánh Tôm Bạch Mai: Quán Ăn Chiều Ngon Ở Hà Nội | TikTokQuán Xôi Xéo Bạch Mai - Kỷ Niệm Ăn Đêm Cùng Cao Minh Tiến ...Tổng Hợp Bún Riêu Bạch Mai (P1): Review Top Quán Ngon No Ná ...Bún Riêu 56 Bạch Mai: Quán Cú Đêm Ngon Nhất Hà Nội Mở Từ 12h ...,"Nov 8, 2023 · Nằm trong con ngõ tại số **54 Bạch Mai**, quán chuyên phục vụ từ 22 giờ đêm đến 6 giờ sáng, cực kỳ phù hợp cho những ai thích ăn đêm ở Hà Nội. 🌙 Mức giá chỉ từ **20.000 VNĐ** cho một bát bún riêu đậu đầy đặn, với bánh đa riêu truyền thống được ninh kỹ tạo ... May 20, 2024 · Cùng Cao Minh Tiến đi ăn quà chiều thôi cả nhà ơi! 😋 Hôm nay, Cao Minh Tiến bí mật ""lên sóng"" một quán quà chiều ở khu vực Bạch Mai mà chưa ai review trên TikTok đâu nha! 🤫 Mưa gió thế này mới tranh thủ đi quay được đó, chứ bình thường ra đây chỉ có nước xếp hàng thôi ... Mar 5, 2023 · Khám phá quán xôi xéo đầy kỷ niệm trên đường Bạch Mai, nơi ngon nhất cho bữa ăn đêm cùng Cao Minh Tiến và bạn bè. #xôixéo #xôi #ănđêm #caominhtien #ăncungtiktok #hanoi #vỉahè #xuhuong #khampha #ẩmthực #caominhtienofficial #bạchmai #hômnayăngì #kỷ_niệm #ănbìnhthường Với vô số quán ăn san sát nhau, việc lựa chọn một quán bún riêu ngon thực sự là một thử thách. Video này sẽ là người bạn đồng hành của bạn, tổng hợp và review những quán bún riêu nổi tiếng nhất tại khu vực này trong phần 1. Apr 18, 2024 · Ghé ngay quán 56 Bạch Mai, mở từ 12h đêm đến 6h sáng! Review bún riêu cua đầy đủ mọc, giò bò, trứng cút với giá 58k, ngon nhất cho dân cú đêm. #chithichan #bunrieucua #bunrieuhanoi""."
Bạch Mai,Hà Nội,quán ăn ở Bạch Mai Hà Nội,7370927117384617234,caominhtienofficial,https://www.tiktok.com/@caominhtienofficial/video/7370927117384617234,Bánh Tôm Bạch Mai: Quán Ăn Chiều Ngon Ở Hà Nội | TikTok,"May 20, 2024 · Cùng Cao Minh Tiến đi ăn quà chiều thôi cả nhà ơi! 😋 Hôm nay, Cao Minh Tiến bí mật ""lên sóng"" một quán quà chiều ở khu vực Bạch Mai mà chưa ai review trên TikTok đâu nha! 🤫 Mưa gió thế này mới tranh thủ đi quay được đó, chứ bình thường ra đây chỉ có nước xếp hàng thôi ..."
Bạch Mai,Hà Nội,quán ăn ở Bạch Mai Hà Nội,7206882232001187099,caominhtienofficial,https://www.tiktok.com/@caominhtienofficial/video/7206882232001187099,Quán Xôi Xéo Bạch Mai - Kỷ Niệm Ăn Đêm Cùng Cao Minh Tiến ...,"Mar 5, 2023 · Khám phá quán xôi xéo đầy kỷ niệm trên đường Bạch Mai, nơi ngon nhất cho bữa ăn đêm cùng Cao Minh Tiến và bạn bè. #xôixéo #xôi #ănđêm #caominhtien #ăncungtiktok #hanoi #vỉahè #xuhuong #khampha #ẩmthực #caominhtienofficial #bạchmai #hômnayăngì #kỷ_niệm #ănbìnhthường"
Bạch Mai,Hà Nội,quán ăn ở Bạch Mai Hà Nội,7673478000670805268,vuonghoang28997,https://www.tiktok.com/@vuonghoang28997/video/7673478000670805268,Tổng Hợp Bún Riêu Bạch Mai (P1): Review Top Quán Ngon No Ná ...Bún Riêu 56 Bạch Mai: Quán Cú Đêm Ngon Nhất Hà Nội Mở Từ 12h ...,"Với vô số quán ăn san sát nhau, việc lựa chọn một quán bún riêu ngon thực sự là một thử thách. Video này sẽ là người bạn đồng hành của bạn, tổng hợp và review những quán bún riêu nổi tiếng nhất tại khu vực này trong phần 1. Apr 18, 2024 · Ghé ngay quán 56 Bạch Mai, mở từ 12h đêm đến 6h sáng! Review bún riêu cua đầy đủ mọc, giò bò, trứng cút với giá 58k, ngon nhất cho dân cú đêm. #chithichan #bunrieucua #bunrieuhanoi""."
Bạch Mai,Hà Nội,quán ăn ở Bạch Mai Hà Nội,7359182921686666514,thuybunfood,https://www.tiktok.com/@thuybunfood/video/7359182921686666514,Bún Riêu 56 Bạch Mai: Quán Cú Đêm Ngon Nhất Hà Nội Mở Từ 12h ...,"Apr 18, 2024 · Ghé ngay quán 56 Bạch Mai, mở từ 12h đêm đến 6h sáng! Review bún riêu cua đầy đủ mọc, giò bò, trứng cút với giá 58k, ngon nhất cho dân cú đêm. #chithichan #bunrieucua #bunrieuhanoi""."
Vĩnh Hưng,Hà Nội,quán ăn ở Vĩnh Hưng Hà Nội,7519484735551261970,trainghiemcungnga,https://www.tiktok.com/@trainghiemcungnga/video/7519484735551261970,"Quán nướng vỉa hè ngon nhất Vĩnh Hưng - Hoàng Mai | TikTokKhám Phá Quán Ăn Vặt Ngon Ở Vĩnh Hưng, Hoàng Mai | TikTokCơm tấm 38 Vĩnh Hưng Hà Nội – Quán cơm tấm đáng thử | TikTokUi quán lẩu cô đơn ở khu Vĩnh Hưng mọi ... - TikTok#vinhhung Gắn hashtag cho các video trên TikTokĐàm Vĩnh Hưng: Review Quán Cafe Đặc Sắc | TikTokZin Chicken: review quán gà ở Hà Nội | TikTok","Jun 24, 2025 · Khám phá quán nướng ngon tuyệt ở Vĩnh Hưng - Hoàng Mai. Đến ngay để trải nghiệm ẩm thực đường phố độc đáo! #phonuong85 #nuongthanhoa #nuongviahe Đây là bản tóm tắt nội dung do AI tạo và không nhằm mục đích cung cấp ngữ cảnh thực tế. Apr 6, 2024 · Khám phá quán ăn vặt nổi tiếng với nhiều món ngon hấp dẫn tại Vĩnh Hưng, Hoàng Mai. Địa điểm lý tưởng cho buổi chiều. #phongvureview #reviewanngon #ănvặt - Ghé vào giờ không quá đông nếu muốn ăn nhanh hoặc muốn chụp ảnh món ăn. Kết thúc Nếu bạn đang tìm quán cơm tấm ngon ở Hà Nội, hãy thử ghé 38 Vĩnh Hưng, Hoàng Mai — một trong những địa chỉ được người dùng #thanhthanhtri đánh giá cao. Ui quán lẩu cô đơn ở khu Vĩnh Hưng mọi người đã biết chưa, có cả mì ếch và đồ uống đa dạng nữa nha #tuanfoodkhongphet #xuhuong #foodreview #ancungtiktok #ReviewAnNgon vinh hung | 1.5M người đã xem nội dung này. Xem các video ngắn về #vinhhung trên TikTok. Khám phá quán cafe Đàm Vĩnh Hưng với trải nghiệm ẩm thực độc đáo và không gian thú vị. Xem ngay để không bỏ lỡ! #nguyenphuonghang #drama #LIVEIncentiveProgram #LIVECareer #PaidPartnership Zin Chicken là chủ đề chính của video này, kèm cảm nhận về đồ ăn và việc chi tiêu cho bữa ăn. Video nêu ba địa chỉ của Zin Chicken tại Hà Nội: số 170 Lĩnh Nam, Vĩnh Hưng; số 60 Lê Thanh Nghị, Bạch Mai; và 108b e4, đối diện/172 Nguyễn Văn Tuyết, Đống Đa. Nội dung mô tả người kể cố gắng tiết kiệm tiền nhưng ..."
Vĩnh Hưng,Hà Nội,quán ăn ở Vĩnh Hưng Hà Nội,7354717871567621392,nguyentranphongvu,https://www.tiktok.com/@nguyentranphongvu/video/7354717871567621392,"Khám Phá Quán Ăn Vặt Ngon Ở Vĩnh Hưng, Hoàng Mai | TikTokCơm tấm 38 Vĩnh Hưng Hà Nội – Quán cơm tấm đáng thử | TikTokUi quán lẩu cô đơn ở khu Vĩnh Hưng mọi ... - TikTok#vinhhung Gắn hashtag cho các video trên TikTokĐàm Vĩnh Hưng: Review Quán Cafe Đặc Sắc | TikTokZin Chicken: review quán gà ở Hà Nội | TikTok","Apr 6, 2024 · Khám phá quán ăn vặt nổi tiếng với nhiều món ngon hấp dẫn tại Vĩnh Hưng, Hoàng Mai. Địa điểm lý tưởng cho buổi chiều. #phongvureview #reviewanngon #ănvặt - Ghé vào giờ không quá đông nếu muốn ăn nhanh hoặc muốn chụp ảnh món ăn. Kết thúc Nếu bạn đang tìm quán cơm tấm ngon ở Hà Nội, hãy thử ghé 38 Vĩnh Hưng, Hoàng Mai — một trong những địa chỉ được người dùng #thanhthanhtri đánh giá cao. Ui quán lẩu cô đơn ở khu Vĩnh Hưng mọi người đã biết chưa, có cả mì ếch và đồ uống đa dạng nữa nha #tuanfoodkhongphet #xuhuong #foodreview #ancungtiktok #ReviewAnNgon vinh hung | 1.5M người đã xem nội dung này. Xem các video ngắn về #vinhhung trên TikTok. Khám phá quán cafe Đàm Vĩnh Hưng với trải nghiệm ẩm thực độc đáo và không gian thú vị. Xem ngay để không bỏ lỡ! #nguyenphuonghang #drama #LIVEIncentiveProgram #LIVECareer #PaidPartnership Zin Chicken là chủ đề chính của video này, kèm cảm nhận về đồ ăn và việc chi tiêu cho bữa ăn. Video nêu ba địa chỉ của Zin Chicken tại Hà Nội: số 170 Lĩnh Nam, Vĩnh Hưng; số 60 Lê Thanh Nghị, Bạch Mai; và 108b e4, đối diện/172 Nguyễn Văn Tuyết, Đống Đa. Nội dung mô tả người kể cố gắng tiết kiệm tiền nhưng ..."
Vĩnh Hưng,Hà Nội,quán ăn ở Vĩnh Hưng Hà Nội,7674785663551540500,thanh.thanh_tri,https://www.tiktok.com/@thanh.thanh_tri/video/7674785663551540500,Cơm tấm 38 Vĩnh Hưng Hà Nội – Quán cơm tấm đáng thử | TikTok,"- Ghé vào giờ không quá đông nếu muốn ăn nhanh hoặc muốn chụp ảnh món ăn. Kết thúc Nếu bạn đang tìm quán cơm tấm ngon ở Hà Nội, hãy thử ghé 38 Vĩnh Hưng, Hoàng Mai — một trong những địa chỉ được người dùng #thanhthanhtri đánh giá cao."
Vĩnh Hưng,Hà Nội,quán ăn ở Vĩnh Hưng Hà Nội,7680127584830622983,tuanfoodkhongphet,https://www.tiktok.com/@tuanfoodkhongphet/video/7680127584830622983,Ui quán lẩu cô đơn ở khu Vĩnh Hưng mọi ... - TikTok,"Ui quán lẩu cô đơn ở khu Vĩnh Hưng mọi người đã biết chưa, có cả mì ếch và đồ uống đa dạng nữa nha #tuanfoodkhongphet #xuhuong #foodreview #ancungtiktok #ReviewAnNgon"
Vĩnh Hưng,Hà Nội,quán ăn ở Vĩnh Hưng Hà Nội,7624965177242438932,manbazz999,https://www.tiktok.com/@manbazz999/video/7624965177242438932,Đàm Vĩnh Hưng: Review Quán Cafe Đặc Sắc | TikTokZin Chicken: review quán gà ở Hà Nội | TikTok,"Khám phá quán cafe Đàm Vĩnh Hưng với trải nghiệm ẩm thực độc đáo và không gian thú vị. Xem ngay để không bỏ lỡ! #nguyenphuonghang #drama #LIVEIncentiveProgram #LIVECareer #PaidPartnership Zin Chicken là chủ đề chính của video này, kèm cảm nhận về đồ ăn và việc chi tiêu cho bữa ăn. Video nêu ba địa chỉ của Zin Chicken tại Hà Nội: số 170 Lĩnh Nam, Vĩnh Hưng; số 60 Lê Thanh Nghị, Bạch Mai; và 108b e4, đối diện/172 Nguyễn Văn Tuyết, Đống Đa. Nội dung mô tả người kể cố gắng tiết kiệm tiền nhưng ..."
Vĩnh Hưng,Hà Nội,quán ăn ở Vĩnh Hưng Hà Nội,7685736552978320661,minhthuytb,https://www.tiktok.com/@minhthuytb/video/7685736552978320661,Zin Chicken: review quán gà ở Hà Nội | TikTok,"Zin Chicken là chủ đề chính của video này, kèm cảm nhận về đồ ăn và việc chi tiêu cho bữa ăn. Video nêu ba địa chỉ của Zin Chicken tại Hà Nội: số 170 Lĩnh Nam, Vĩnh Hưng; số 60 Lê Thanh Nghị, Bạch Mai; và 108b e4, đối diện/172 Nguyễn Văn Tuyết, Đống Đa. Nội dung mô tả người kể cố gắng tiết kiệm tiền nhưng ..."
Định Công,Hà Nội,quán ăn ở Định Công Hà Nội,7456778787380858119,anhvuoi,https://www.tiktok.com/@anhvuoi/video/7456778787380858119,"Định Công, Hoàng Mai - Review Ăn Uống và Quán Lẩu Ngon | TikTokBún cá lâu đời ở Định Công - quán bún cá gió đời thường | TikTokKhám Phá Bánh Xèo và Nem Lụi Ngon Ở Định Công | TikTokTikTok - Make Your DayNhà hàng độc quyền 9872 (@rujin.c) | TikTokTikTokTikTok","Jan 6, 2025 · Khám phá những quán ăn gợi ý ở quận Hoàng Mai, Định Công, với view hồ cực chill và lẩu gà chấm tôm sông ngon bổ rẻ. Quán dễ thương cho anh em quê Thanh Hoá, hãy đến thử ngay! #anhvuoi #chubaoanhvuoi #foodreview #metub #ancungtiktok #reviewanngon #địnhcông Chia sẻ cảm nhận về vị nước dùng, miếng cá và không gian quán sau khi ghé để giúp người khác biết thêm về những quán ăn lâu đời ở Định Công. Apr 17, 2023 · Hừm, em ăn gì cũng được thì phải đến ngay quán này, món ăn vặt nào cx có 😝#eatwithbeann_ #ancungtiktok #learnontiktok #food #hanoi #trungchennuong #trungchennuongcoty TikTok - trends start here. On a device or on the web, viewers can watch and discover millions of personalized short videos. Download the app to get started. Nhà hàng độc quyền 9872 (@rujin.c) trên TikTok |54.5K Lượt thích.9051 Follower.Xem video phổ biến của Nhà hàng độc quyền 9872: """", ""#nhachaymoingay #nha..."". Hãy tham gia cùng 9051 follower trên TikTok để xem nhiều nội dung nhachaymoingay, nhacremix, nhacchay hơn TikTok offers a platform to watch, create, and share short videos, connecting users with trends and creators worldwide. ##$++3ÿÄ± 1! A"" 2Qqa B ‘bR¡r3Á4#± áÑð$sC5 c’²ñS‚â%ÂÒ ¢t 1! A 2Qaq"" 3¡ B b# ±Á ‘rð‚ cÑ4CRÿÀ R Þ "" ÿÚ ?ój é„5ª#Ûd ,Æ, q ..."
Định Công,Hà Nội,quán ăn ở Định Công Hà Nội,7648393733783801108,duckanh0605,https://www.tiktok.com/@duckanh0605/video/7648393733783801108,Bún cá lâu đời ở Định Công - quán bún cá gió đời thường | TikTok,"Chia sẻ cảm nhận về vị nước dùng, miếng cá và không gian quán sau khi ghé để giúp người khác biết thêm về những quán ăn lâu đời ở Định Công."
Định Công,Hà Nội,quán ăn ở Định Công Hà Nội,7222938393246846213,eatwithbeann_,https://www.tiktok.com/@eatwithbeann_/video/7222938393246846213,Khám Phá Bánh Xèo và Nem Lụi Ngon Ở Định Công | TikTokTikTok - Make Your DayNhà hàng độc quyền 9872 (@rujin.c) | TikTokTikTokTikTok,"Apr 17, 2023 · Hừm, em ăn gì cũng được thì phải đến ngay quán này, món ăn vặt nào cx có 😝#eatwithbeann_ #ancungtiktok #learnontiktok #food #hanoi #trungchennuong #trungchennuongcoty TikTok - trends start here. On a device or on the web, viewers can watch and discover millions of personalized short videos. Download the app to get started. Nhà hàng độc quyền 9872 (@rujin.c) trên TikTok |54.5K Lượt thích.9051 Follower.Xem video phổ biến của Nhà hàng độc quyền 9872: """", ""#nhachaymoingay #nha..."". Hãy tham gia cùng 9051 follower trên TikTok để xem nhiều nội dung nhachaymoingay, nhacremix, nhacchay hơn TikTok offers a platform to watch, create, and share short videos, connecting users with trends and creators worldwide. ##$++3ÿÄ± 1! A"" 2Qqa B ‘bR¡r3Á4#± áÑð$sC5 c’²ñS‚â%ÂÒ ¢t 1! A 2Qaq"" 3¡ B b# ±Á ‘rð‚ cÑ4CRÿÀ R Þ "" ÿÚ ?ój é„5ª#Ûd ,Æ, q ..."
Tương Mai,Hà Nội,quán ăn ở Tương Mai Hà Nội,7662746987086761234,tungbi3456,https://www.tiktok.com/@tungbi3456/video/7662746987086761234,Won Ok Kitchen - Quán đồ ngâm tương đầu tiên ở Hà Nội | TikTok,"Lead Won Ok Kitchen — quán đồ ngâm tương đầu tiên ở Hà Nội — nổi bật với thực đơn gồm các món ngâm tương Hàn Quốc như cua ngâm tương, ghẹ ngâm tương, cá hồi ngâm tương và trứng ngâm tương."
Tương Mai,Hà Nội,quán ăn ở Tương Mai Hà Nội,7266055644891876615,.diande,https://www.tiktok.com/@.diande/video/7266055644891876615,Top 10 Quán Ăn Đêm Hà Nội Không Thể Bỏ Lỡ | TikTokQuán Mỳ Tương Đen ONGI JJAJANG Tại Hà Nội | TikTokKhám Phá Những Món Ngâm Tương Tuyệt Hảo Tại Hà Nội | TikTokKhám Phá Các Món Ngâm Tương Ngon Nhất Tại Hà Nội | TikTokMì tương đen ngon ở Hà Nội: Moonie Snacks Cầu Giấy & gợi ý ...TikTok - Make Your Day,"Aug 11, 2023 · 43.6K Lượt thích,439 Bình luận.Video TikTok từ Đi Ăn Đê (@.diande): ""Khám phá top 10 quán ăn đêm lý tưởng ở Hà Nội, từ xôi bàn thờ đến phở gánh. Thưởng thức những món ăn ngon và không gian náo nhiệt! #xuhuong #ReviewAnNgon #AnCungTikTok #diandem"". Nov 28, 2025 · Khám phá quán mỳ tương đen mới ở Hà Nội với giá chỉ 63 xu và anh chủ người Hàn dễ thương. Đừng bỏ lỡ! #langthanghanoi #hanoi #foodhanoi #mytuongden Đây là bản tóm tắt nội dung do AI tạo và không nhằm mục đích cung cấp ngữ cảnh thực tế. May 27, 2023 · 24.7K Lượt thích,172 Bình luận.Video TikTok từ Hà Bụt iu đời (@habutiudoi): ""Chắc chắn bạn sẽ yêu thích các món ngâm tương ngon từ Bếp Mẹ Gấu! Đừng bỏ lỡ cơ hội thưởng thức nhé! #cahoingamtuong #trungngamtuong #bép mẹ gấu"". Mar 18, 2025 · Tìm hiểu những món ngâm tương đỉnh nhất tại Hà Nội và cách làm trứng ngâm tương hấp dẫn. #AnCungTikTok #tiktokfood #LearnOnTikTok Đây là bản tóm tắt nội dung do AI tạo và không nhằm mục đích cung cấp ngữ cảnh thực tế. Thử tìm theo cụm từ “mì tương đen tươi” hoặc “mì tương đen topping” để lọc nhà hàng phù hợp. Bạn muốn mình liệt kê địa chỉ cụ thể hoặc so sánh giá-menu giữa vài quán nổi bật không? TikTok - trends start here. On a device or on the web, viewers can watch and discover millions of personalized short videos. Download the app to get started."
Tương Mai,Hà Nội,quán ăn ở Tương Mai Hà Nội,7577760451266678036,dichillne,https://www.tiktok.com/@dichillne/video/7577760451266678036,Quán Mỳ Tương Đen ONGI JJAJANG Tại Hà Nội | TikTokKhám Phá Những Món Ngâm Tương Tuyệt Hảo Tại Hà Nội | TikTokKhám Phá Các Món Ngâm Tương Ngon Nhất Tại Hà Nội | TikTokMì tương đen ngon ở Hà Nội: Moonie Snacks Cầu Giấy & gợi ý ...TikTok - Make Your Day,"Nov 28, 2025 · Khám phá quán mỳ tương đen mới ở Hà Nội với giá chỉ 63 xu và anh chủ người Hàn dễ thương. Đừng bỏ lỡ! #langthanghanoi #hanoi #foodhanoi #mytuongden Đây là bản tóm tắt nội dung do AI tạo và không nhằm mục đích cung cấp ngữ cảnh thực tế. May 27, 2023 · 24.7K Lượt thích,172 Bình luận.Video TikTok từ Hà Bụt iu đời (@habutiudoi): ""Chắc chắn bạn sẽ yêu thích các món ngâm tương ngon từ Bếp Mẹ Gấu! Đừng bỏ lỡ cơ hội thưởng thức nhé! #cahoingamtuong #trungngamtuong #bép mẹ gấu"". Mar 18, 2025 · Tìm hiểu những món ngâm tương đỉnh nhất tại Hà Nội và cách làm trứng ngâm tương hấp dẫn. #AnCungTikTok #tiktokfood #LearnOnTikTok Đây là bản tóm tắt nội dung do AI tạo và không nhằm mục đích cung cấp ngữ cảnh thực tế. Thử tìm theo cụm từ “mì tương đen tươi” hoặc “mì tương đen topping” để lọc nhà hàng phù hợp. Bạn muốn mình liệt kê địa chỉ cụ thể hoặc so sánh giá-menu giữa vài quán nổi bật không? TikTok - trends start here. On a device or on the web, viewers can watch and discover millions of personalized short videos. Download the app to get started."
Tương Mai,Hà Nội,quán ăn ở Tương Mai Hà Nội,7237774806945484038,habutiudoi,https://www.tiktok.com/@habutiudoi/video/7237774806945484038,Khám Phá Những Món Ngâm Tương Tuyệt Hảo Tại Hà Nội | TikTok,"May 27, 2023 · 24.7K Lượt thích,172 Bình luận.Video TikTok từ Hà Bụt iu đời (@habutiudoi): ""Chắc chắn bạn sẽ yêu thích các món ngâm tương ngon từ Bếp Mẹ Gấu! Đừng bỏ lỡ cơ hội thưởng thức nhé! #cahoingamtuong #trungngamtuong #bép mẹ gấu""."
Tương Mai,Hà Nội,quán ăn ở Tương Mai Hà Nội,7483088488615775506,eatwithmynoreo,https://www.tiktok.com/@eatwithmynoreo/video/7483088488615775506,Khám Phá Các Món Ngâm Tương Ngon Nhất Tại Hà Nội | TikTokMì tương đen ngon ở Hà Nội: Moonie Snacks Cầu Giấy & gợi ý ...TikTok - Make Your Day,"Mar 18, 2025 · Tìm hiểu những món ngâm tương đỉnh nhất tại Hà Nội và cách làm trứng ngâm tương hấp dẫn. #AnCungTikTok #tiktokfood #LearnOnTikTok Đây là bản tóm tắt nội dung do AI tạo và không nhằm mục đích cung cấp ngữ cảnh thực tế. Thử tìm theo cụm từ “mì tương đen tươi” hoặc “mì tương đen topping” để lọc nhà hàng phù hợp. Bạn muốn mình liệt kê địa chỉ cụ thể hoặc so sánh giá-menu giữa vài quán nổi bật không? TikTok - trends start here. On a device or on the web, viewers can watch and discover millions of personalized short videos. Download the app to get started."
Tương Mai,Hà Nội,quán ăn ở Tương Mai Hà Nội,7670107696468643093,kindoflvdr,https://www.tiktok.com/@kindoflvdr/video/7670107696468643093,Mì tương đen ngon ở Hà Nội: Moonie Snacks Cầu Giấy & gợi ý ...,Thử tìm theo cụm từ “mì tương đen tươi” hoặc “mì tương đen topping” để lọc nhà hàng phù hợp. Bạn muốn mình liệt kê địa chỉ cụ thể hoặc so sánh giá-menu giữa vài quán nổi bật không?
Lĩnh Nam,Hà Nội,quán ăn ở Lĩnh Nam Hà Nội,7681353858718846216,chaga321linhnam,https://www.tiktok.com/@chaga321linhnam/video/7681353858718846216,Ăn ngon Hoàng Mai Hà Nội: quán ăn Lĩnh Nam đáng thử | TikTok,"Kết luận Lĩnh Nam, Hoàng Mai là điểm đáng thử cho người muốn “ăn ngon mỗi ngày” ở Hà Nội: đa dạng món Bắc, quán địa phương phong phú và giá cả hợp lý. Thử bún, phở, cơm phần và đồ nướng buổi tối — lựa chọn dựa trên sở thích khẩu vị và thời điểm trong ngày."
Lĩnh Nam,Hà Nội,quán ăn ở Lĩnh Nam Hà Nội,7641284526395673864,chaga321linhnam,https://www.tiktok.com/@chaga321linhnam/video/7641284526395673864,"Ăn vặt Hoàng Mai: Gợi ý quán ngon ở Lĩnh Nam, Hoàng Mai | TikTok","Tổng quan Tập hợp các gợi ý ăn vặt tại khu vực Lĩnh Nam, quận Hoàng Mai — phù hợp cho người tìm quán vặt, đồ ăn nhanh và điểm dừng chân khi đi chơi quanh Hoàng Mai."
Lĩnh Nam,Hà Nội,quán ăn ở Lĩnh Nam Hà Nội,7611499605225704722,chaga321linhnam,https://www.tiktok.com/@chaga321linhnam/video/7611499605225704722,Quán Ăn Vặt Lĩnh Nam Hoàng Mai - Ngon Bổ Rẻ | TikTok,"506 Lượt thích,Video TikTok từ chaga321linhnam (@chaga321linhnam): ""Khám phá quán ăn vặt Lĩnh Nam Hoàng Mai với đa dạng món ngon, giá cả phải chăng. Trải nghiệm ẩm thực đường phố độc đáo. #changasotthai321lĩnhnam #lĩnhnam_hoangmai_hn #ănvathoangmai #anvatlinhnam #anngonmoingay""."
Lĩnh Nam,Hà Nội,quán ăn ở Lĩnh Nam Hà Nội,7665285564882521352,chaga321linhnam,https://www.tiktok.com/@chaga321linhnam/video/7665285564882521352,"Ăn vặt Lĩnh Nam Hoàng Mai: món ngon ở Lĩnh Nam, Hà Nội | TikTok","- Món nên thử: gợi ý các món ăn vặt thường xuất hiện trong video và hashtag: các đồ vặt đường phố, quán nhỏ bán bánh, đồ chiên, đồ nướng và đồ ăn nhanh kiểu Hà Nội."
Lĩnh Nam,Hà Nội,quán ăn ở Lĩnh Nam Hà Nội,7643862559828790546,chaga321linhnam,https://www.tiktok.com/@chaga321linhnam/video/7643862559828790546,"Chân gà sốt Thái - nơi ăn ngon ở Lĩnh Nam, Hoàng Mai | TikTok","Kết thúc Chân gà sốt Thái ở Lĩnh Nam, Hoàng Mai là lựa chọn ăn vặt hợp lý khi bạn muốn vị cay chua đặc trưng. Tìm quán theo hashtag và tên khu (Lĩnh Nam, Hoàng Mai) hoặc so sánh với phiên bản ở Phú Nhuận để chọn đúng khẩu vị bạn thích."
Lĩnh Nam,Hà Nội,quán ăn ở Lĩnh Nam Hà Nội,7678746996601048327,chaga321linhnam,https://www.tiktok.com/@chaga321linhnam/video/7678746996601048327,Ăn vặt Lĩnh Nam Hoàng Mai Hà Nội: món ngon đáng thử | TikTok,"- Kiểm tra vệ sinh cơ bản: quán đông khách thường có luân chuyển đồ nhanh, tươi hơn. Kết thúc Lĩnh Nam, Hoàng Mai là điểm phù hợp cho ai muốn thưởng thức đa dạng món ăn vặt Hà Nội: từ đồ nướng, bún đậu đến đồ uống truyền thống."
Lĩnh Nam,Hà Nội,quán ăn ở Lĩnh Nam Hà Nội,7671294571455958275,reviewhanoi.40,https://www.tiktok.com/@reviewhanoi.40/video/7671294571455958275,Quán Ngon Lĩnh Nam: Gà Cháy Tỏi & Combo 2 Người 150k | TikTok,"Hôm nay, chúng ta sẽ cùng nhau khám phá một quán ăn cực kỳ hấp dẫn tại Lĩnh Nam, nơi nổi tiếng với món ngan cháy tỏi thơm ngon mà ít người biết đến."
Hoàng Mai,Hà Nội,quán ăn ở Hoàng Mai Hà Nội,7322478912464997678,yeuhanoithichriviu,https://www.tiktok.com/@yeuhanoithichriviu/video/7322478912464997678,"Quán ăn vặt siêu hot ở khu Hoàng Mai | TikTokTop Những Quán Ăn Ngon Tại Hoàng Mai - Phần 1 | TikTokĐịnh Công, Hoàng Mai - Review Ăn Uống và Quán Lẩu Ngon | TikTokQuán ăn ngon tại Phố Tân Mai, Quận Hoàng Mai, Hà Nội | TikTokQuán Bún Chả ở Đền Lừ . Hoàng Mai ăn gì #miihoangmai # ...Quán Mì vằn thắn Đức Ký Mì Gia ở Trương Định , Hoàng Mai ăn ...Bún Bò Huế Dì Thẩm siêu ngon ở Mai Động, Hoàng Mai | TikTok","Jan 10, 2024 · Khám phá quán ăn vặt siêu hot tại Hoàng Mai với món ngon độc đáo! Tham gia cùng chúng tôi trong hành trình ẩm thực này! #ancungtiktok #foodreview TikTok video from Thực Đơn Hà Nội (@thucdonhanoi): “Khám phá những quán ăn ngon tại Hoàng Mai với những món đặc sản không thể bỏ lỡ! #hoangmaifood #foodhanoi #hoangmai #quanngon”. Jan 6, 2025 · Khám phá những quán ăn gợi ý ở quận Hoàng Mai, Định Công, với view hồ cực chill và lẩu gà chấm tôm sông ngon bổ rẻ. Quán dễ thương cho anh em quê Thanh Hoá, hãy đến thử ngay! #anhvuoi #chubaoanhvuoi #foodreview #metub #ancungtiktok #reviewanngon #địnhcông Sep 2, 2020 · 16K Lượt thích,181 Bình luận.Video TikTok từ Lăn Cùng Bean (@eatwithbeann_): ""Khám phá các món ngon với giá 30.000 - 40.000 vnđ tại quán ăn mới mở, đều đặn từ 7:00 - 14:00. #eatwithbeann_ #tiktokfood #foodlover"". Quán Nem Nướng Di-chi ở Dương Văn Bé . Hoàng Mai ăn gì #miihoangmai #foodtiktok #ăncungtiktok #viraltiktok #nemnuong 388 Lượt thích,22 Bình luận.Video TikTok từ Mii Hoàng Mai (@mii.hoang.mai68): ""Quán Mì vằn thắn Đức Ký Mì Gia ở Trương Định , Hoàng Mai ăn gì ? #miihoangmai #hoangmai #foodtiktok #viraltiktok"".âm thanh gốc - Mii Hoàng Mai. Không gian và vị trí Quán nằm ở khu Mai Động, dễ tìm khi đi ăn trong quận Hoàng Mai. Không gian phù hợp cho bữa sáng hoặc bữa trưa nhanh; phục vụ chủ yếu hướng đến ăn tại chỗ và mang về."
Hoàng Mai,Hà Nội,quán ăn ở Hoàng Mai Hà Nội,7456778787380858119,anhvuoi,https://www.tiktok.com/@anhvuoi/video/7456778787380858119,"Định Công, Hoàng Mai - Review Ăn Uống và Quán Lẩu Ngon | TikTokQuán ăn ngon tại Phố Tân Mai, Quận Hoàng Mai, Hà Nội | TikTokQuán Bún Chả ở Đền Lừ . Hoàng Mai ăn gì #miihoangmai # ...Quán Mì vằn thắn Đức Ký Mì Gia ở Trương Định , Hoàng Mai ăn ...Bún Bò Huế Dì Thẩm siêu ngon ở Mai Động, Hoàng Mai | TikTok","Jan 6, 2025 · Khám phá những quán ăn gợi ý ở quận Hoàng Mai, Định Công, với view hồ cực chill và lẩu gà chấm tôm sông ngon bổ rẻ. Quán dễ thương cho anh em quê Thanh Hoá, hãy đến thử ngay! #anhvuoi #chubaoanhvuoi #foodreview #metub #ancungtiktok #reviewanngon #địnhcông Sep 2, 2020 · 16K Lượt thích,181 Bình luận.Video TikTok từ Lăn Cùng Bean (@eatwithbeann_): ""Khám phá các món ngon với giá 30.000 - 40.000 vnđ tại quán ăn mới mở, đều đặn từ 7:00 - 14:00. #eatwithbeann_ #tiktokfood #foodlover"". Quán Nem Nướng Di-chi ở Dương Văn Bé . Hoàng Mai ăn gì #miihoangmai #foodtiktok #ăncungtiktok #viraltiktok #nemnuong 388 Lượt thích,22 Bình luận.Video TikTok từ Mii Hoàng Mai (@mii.hoang.mai68): ""Quán Mì vằn thắn Đức Ký Mì Gia ở Trương Định , Hoàng Mai ăn gì ? #miihoangmai #hoangmai #foodtiktok #viraltiktok"".âm thanh gốc - Mii Hoàng Mai. Không gian và vị trí Quán nằm ở khu Mai Động, dễ tìm khi đi ăn trong quận Hoàng Mai. Không gian phù hợp cho bữa sáng hoặc bữa trưa nhanh; phục vụ chủ yếu hướng đến ăn tại chỗ và mang về."
Hoàng Mai,Hà Nội,quán ăn ở Hoàng Mai Hà Nội,6867816539274431746,eatwithbeann_,https://www.tiktok.com/@eatwithbeann_/video/6867816539274431746,"Quán ăn ngon tại Phố Tân Mai, Quận Hoàng Mai, Hà Nội | TikTok","Sep 2, 2020 · 16K Lượt thích,181 Bình luận.Video TikTok từ Lăn Cùng Bean (@eatwithbeann_): ""Khám phá các món ngon với giá 30.000 - 40.000 vnđ tại quán ăn mới mở, đều đặn từ 7:00 - 14:00. #eatwithbeann_ #tiktokfood #foodlover""."
Hoàng Mai,Hà Nội,quán ăn ở Hoàng Mai Hà Nội,7688576779535142151,mii.hoang.mai68,https://www.tiktok.com/@mii.hoang.mai68/video/7688576779535142151,Quán Bún Chả ở Đền Lừ . Hoàng Mai ăn gì #miihoangmai # ...,Quán Nem Nướng Di-chi ở Dương Văn Bé . Hoàng Mai ăn gì #miihoangmai #foodtiktok #ăncungtiktok #viraltiktok #nemnuong
Hoàng Mai,Hà Nội,quán ăn ở Hoàng Mai Hà Nội,7668304558648773896,mii.hoang.mai68,https://www.tiktok.com/@mii.hoang.mai68/video/7668304558648773896,"Quán Mì vằn thắn Đức Ký Mì Gia ở Trương Định , Hoàng Mai ăn ...","388 Lượt thích,22 Bình luận.Video TikTok từ Mii Hoàng Mai (@mii.hoang.mai68): ""Quán Mì vằn thắn Đức Ký Mì Gia ở Trương Định , Hoàng Mai ăn gì ? #miihoangmai #hoangmai #foodtiktok #viraltiktok"".âm thanh gốc - Mii Hoàng Mai."
Hoàng Mai,Hà Nội,quán ăn ở Hoàng Mai Hà Nội,7676827644180188423,mii.hoang.mai68,https://www.tiktok.com/@mii.hoang.mai68/video/7676827644180188423,"Bún Bò Huế Dì Thẩm siêu ngon ở Mai Động, Hoàng Mai | TikTok","Không gian và vị trí Quán nằm ở khu Mai Động, dễ tìm khi đi ăn trong quận Hoàng Mai. Không gian phù hợp cho bữa sáng hoặc bữa trưa nhanh; phục vụ chủ yếu hướng đến ăn tại chỗ và mang về."
Hoàng Liệt,Hà Nội,quán ăn ở Hoàng Liệt Hà Nội,7499782291166743816,hanashicoffee,https://www.tiktok.com/@hanashicoffee/video/7499782291166743816,Quán Cafe Chill Ở Hoàng Liệt: Trải Nghiệm Tuyệt Vời | TikTokTikTok - Make Your DayLakafe Coffee Thanh Liệt - Quán cafe Hà Nội đẹp như Đà Lạt ...Hoàng Liệt Daily (@hoanglietdaily) | TikTokHà Nội Ăn Gì ? (@hanoiangi) | TikTokTrà Hoàng Lan ở 1000M gây sốt thu Hà Nội | TikTokTikTok,"May 2, 2025 · Khám phá quán cafe chill ở Hoàng Liệt với không gian thoải mái và món bánh ngon. Dành cho những ai yêu thích cafe và âm nhạc acoustic. #hanashicoffee #xuhuong TikTok - trends start here. On a device or on the web, viewers can watch and discover millions of personalized short videos. Download the app to get started. Đường đến và địa chỉ Tên quán: Lakafe Coffee Thanh Liệt. Địa điểm ở Hà Nội (Thanh Liệt) thuận tiện cho người ở các quận lân cận. Nên kiểm tra bản đồ hoặc mạng xã hội của quán để cập nhật giờ mở cửa và chỗ đỗ xe. Hoàng Liệt Daily (@hoanglietdaily) trên TikTok |20.4K Lượt thích.3645 Follower.Xem video phổ biến của Hoàng Liệt Daily: ""Dẹp nghỉ khỏe luôn c..."", ""chắc hẳn mọi người a..."". Hãy tham gia cùng 1M follower trên TikTok để xem nhiều nội dung vrmgr, hanoiangi, hnag hơn 932 Lượt thích,148 Bình luận.Video TikTok từ Mê Ăn Uống 😋 (@trainghiemcungnga): ""Clip giới thiệu Trà Hoàng Lan tại 1000M đang gây sốt mùa thu Hà Nội; tên quán và hashtag liên quan được nêu. AI Video Summary: Trà Hoàng Lan tại 1000M đang gây sốt mùa thu Hà Nội, với sự kết hợp độc đáo của trà San Tuyết và hoa Hoàng Lan mang ... Log in to follow creators, like videos, and view comments. Log in. Create TikTok effects, get a reward. Company. About Newsroom Contact Careers"
Hoàng Liệt,Hà Nội,quán ăn ở Hoàng Liệt Hà Nội,7640828886196047124,iamsiia_,https://www.tiktok.com/@iamsiia_/video/7640828886196047124,Lakafe Coffee Thanh Liệt - Quán cafe Hà Nội đẹp như Đà Lạt ...Hoàng Liệt Daily (@hoanglietdaily) | TikTokHà Nội Ăn Gì ? (@hanoiangi) | TikTokTrà Hoàng Lan ở 1000M gây sốt thu Hà Nội | TikTokTikTok,"Đường đến và địa chỉ Tên quán: Lakafe Coffee Thanh Liệt. Địa điểm ở Hà Nội (Thanh Liệt) thuận tiện cho người ở các quận lân cận. Nên kiểm tra bản đồ hoặc mạng xã hội của quán để cập nhật giờ mở cửa và chỗ đỗ xe. Hoàng Liệt Daily (@hoanglietdaily) trên TikTok |20.4K Lượt thích.3645 Follower.Xem video phổ biến của Hoàng Liệt Daily: ""Dẹp nghỉ khỏe luôn c..."", ""chắc hẳn mọi người a..."". Hãy tham gia cùng 1M follower trên TikTok để xem nhiều nội dung vrmgr, hanoiangi, hnag hơn 932 Lượt thích,148 Bình luận.Video TikTok từ Mê Ăn Uống 😋 (@trainghiemcungnga): ""Clip giới thiệu Trà Hoàng Lan tại 1000M đang gây sốt mùa thu Hà Nội; tên quán và hashtag liên quan được nêu. AI Video Summary: Trà Hoàng Lan tại 1000M đang gây sốt mùa thu Hà Nội, với sự kết hợp độc đáo của trà San Tuyết và hoa Hoàng Lan mang ... Log in to follow creators, like videos, and view comments. Log in. Create TikTok effects, get a reward. Company. About Newsroom Contact Careers"
Hoàng Liệt,Hà Nội,quán ăn ở Hoàng Liệt Hà Nội,7688281179664944404,trainghiemcungnga,https://www.tiktok.com/@trainghiemcungnga/video/7688281179664944404,Trà Hoàng Lan ở 1000M gây sốt thu Hà Nội | TikTok,"932 Lượt thích,148 Bình luận.Video TikTok từ Mê Ăn Uống 😋 (@trainghiemcungnga): ""Clip giới thiệu Trà Hoàng Lan tại 1000M đang gây sốt mùa thu Hà Nội; tên quán và hashtag liên quan được nêu. AI Video Summary: Trà Hoàng Lan tại 1000M đang gây sốt mùa thu Hà Nội, với sự kết hợp độc đáo của trà San Tuyết và hoa Hoàng Lan mang ..."
Yên Sở,Hà Nội,quán ăn ở Yên Sở Hà Nội,7649780702719806728,anhouseyenso,https://www.tiktok.com/@anhouseyenso/video/7649780702719806728,"Quán ăn ngon gần Công viên Yên Sở | Review địa chỉ, món ăn ...","Bài viết này tổng hợp thông tin review, món ăn và địa chỉ những quán ăn vặt, quán ngon quanh khu Yên Sở — giúp bạn biết “ăn gì gần Công viên Yên Sở” và nhanh chóng đến đúng chỗ mà tác giả video giới thiệu."
Yên Sở,Hà Nội,quán ăn ở Yên Sở Hà Nội,7599889190871928082,mii.hoang.mai68,https://www.tiktok.com/@mii.hoang.mai68/video/7599889190871928082,Quán Katinat Chill Nhất Yên Sở: Địa Điểm Chữa Lành | TikTok,"Khám phá quán Katinat chill nhất tại Yên Sở, Hoàng Mai, Hà Nội. Trải nghiệm không gian thư giãn tuyệt vời! #katinat #miihoangmai #hoangmai #hanoi #xuhuong"
Yên Sở,Hà Nội,quán ăn ở Yên Sở Hà Nội,7499697276739243271,dtpp_11,https://www.tiktok.com/@dtpp_11/video/7499697276739243271,Trải Nghiệm Quán Katinat Công Viên Yên Sở | TikTokLẨU NƯỚNG MER GARDEN - YÊN SỞ (@mer.garden) | TikTokCông Viên Yên Sở - Điểm Chill Cuối Tuần Lý Tưởng Tại Hà Nội ...#yên_sở Gắn hashtag cho các video trên TikTokKatinat Công Viên Yên Sở: Quán Chill Siêu Đông | TikTok,"May 2, 2025 · Khám phá quán trà sữa Katinat nổi tiếng ở Yên Sở. Không gian chill nhưng cực đông! #katinatyenso #katinat #congvienyenso Đây là bản tóm tắt nội dung do AI tạo và không nhằm mục đích cung cấp ngữ cảnh thực tế. Hãy tham gia cùng 1290 follower trên TikTok để xem nhiều nội dung mergarden, xuhuong, funny hơn Jun 30, 2025 · 468 Lượt thích,48 Bình luận.Video TikTok từ greencampingyenso (@greencampingyenso): ""Khám phá Công Viên Yên Sở, địa điểm lý tưởng cho camping và chill cuối tuần. Tham khảo review và chi phí tại đây! #greencampingyenso #yensopark #campinglife"". #yên_sở | 15.6K người đã xem nội dung này. Xem các video ngắn về #yên_sở trên TikTok. May 2, 2025 · TikTok video from H (@iaa_h): “Khám phá Katinat ở công viên Yên Sở với không gian chill và các góc chụp ảnh đẹp. Đừng bỏ lỡ! #xuhuong #katinat #2025 #yensopark”."
Yên Sở,Hà Nội,quán ăn ở Yên Sở Hà Nội,7521684375566699797,greencampingyenso,https://www.tiktok.com/@greencampingyenso/video/7521684375566699797,Công Viên Yên Sở - Điểm Chill Cuối Tuần Lý Tưởng Tại Hà Nội ...,"Jun 30, 2025 · 468 Lượt thích,48 Bình luận.Video TikTok từ greencampingyenso (@greencampingyenso): ""Khám phá Công Viên Yên Sở, địa điểm lý tưởng cho camping và chill cuối tuần. Tham khảo review và chi phí tại đây! #greencampingyenso #yensopark #campinglife""."
Yên Sở,Hà Nội,quán ăn ở Yên Sở Hà Nội,7499780046714916103,iaa_h,https://www.tiktok.com/@iaa_h/video/7499780046714916103,Katinat Công Viên Yên Sở: Quán Chill Siêu Đông | TikTok,"May 2, 2025 · TikTok video from H (@iaa_h): “Khám phá Katinat ở công viên Yên Sở với không gian chill và các góc chụp ảnh đẹp. Đừng bỏ lỡ! #xuhuong #katinat #2025 #yensopark”."
Phương Liệt,Hà Nội,quán ăn ở Phương Liệt Hà Nội,7154239414439349510,tuilasapne,https://www.tiktok.com/@tuilasapne/video/7154239414439349510,"Khám Phá Ốc Ngon ở Đinh Liệt Hà Nội | TikTokLakafe Coffee Thanh Liệt - Quán cafe Hà Nội đẹp như Đà Lạt ...OMNY PHƯƠNG LIỆT (@omny.phuongliet) | TikTokTikTok - Make Your DayBan công cafe - Số 2 P. Đinh Liệt, Hàng Đào, Hoàn Kiếm, Hà ...Ốc Hà Trang Đinh Liệt có đáng tiền hông #eatwithbeann_ # ...OMNY Phương Liệt khai trương hôm nay — mở cửa 10h–22h | TikTok","Oct 14, 2022 · Thử ngay các quán ốc tại Đinh Liệt Hà Nội với hương vị độc đáo không thể bỏ lỡ! #Master2022byTikTok #reviewanngon #hellohanoi Đây là bản tóm tắt nội dung do AI tạo và không nhằm mục đích cung cấp ngữ cảnh thực tế. Đường đến và địa chỉ Tên quán: Lakafe Coffee Thanh Liệt. Địa điểm ở Hà Nội (Thanh Liệt) thuận tiện cho người ở các quận lân cận. Nên kiểm tra bản đồ hoặc mạng xã hội của quán để cập nhật giờ mở cửa và chỗ đỗ xe. Hãy tham gia cùng 3227 follower trên TikTok để xem nhiều nội dung omnykygui, phoidoxinh, learnontiktok hơn TikTok - trends start here. On a device or on the web, viewers can watch and discover millions of personalized short videos. Download the app to get started. Jun 11, 2023 · Trải nghiệm quán cafe ban công tại Hà Nội với trang trí đẹp mắt, view hồ gươm cực kỳ thú vị và dịch vụ chu đáo. Khám phá ngay! #bancongcafe #cafe #coffeetiktok #quannayodau #thang6 #reviewcafe #cafehoankiem 122 Lượt thích,Video TikTok từ Lăn Cùng Bean (@eatwithbeann_): ""Ốc Hà Trang Đinh Liệt có đáng tiền hông #eatwithbeann_ #ancungtiktok #learnontiktok #food #ocluoc #nembui #hanoifood"".New Face - 69. - Theo dõi hashtag #omnykygui và #phoidoxinh để cập nhật ưu đãi hoặc hoạt động tại cửa hàng. Kết luận OMNY Phương Liệt vừa thông báo khai trương sắp diễn ra; cửa hàng mở cửa hàng ngày từ 10h đến 22h. Theo dõi các hashtag liên quan để nhận tin tức và khuyến mãi từ sự kiện."
Phương Liệt,Hà Nội,quán ăn ở Phương Liệt Hà Nội,7640828886196047124,iamsiia_,https://www.tiktok.com/@iamsiia_/video/7640828886196047124,"Lakafe Coffee Thanh Liệt - Quán cafe Hà Nội đẹp như Đà Lạt ...OMNY PHƯƠNG LIỆT (@omny.phuongliet) | TikTokTikTok - Make Your DayBan công cafe - Số 2 P. Đinh Liệt, Hàng Đào, Hoàn Kiếm, Hà ...Ốc Hà Trang Đinh Liệt có đáng tiền hông #eatwithbeann_ # ...OMNY Phương Liệt khai trương hôm nay — mở cửa 10h–22h | TikTok","Đường đến và địa chỉ Tên quán: Lakafe Coffee Thanh Liệt. Địa điểm ở Hà Nội (Thanh Liệt) thuận tiện cho người ở các quận lân cận. Nên kiểm tra bản đồ hoặc mạng xã hội của quán để cập nhật giờ mở cửa và chỗ đỗ xe. Hãy tham gia cùng 3227 follower trên TikTok để xem nhiều nội dung omnykygui, phoidoxinh, learnontiktok hơn TikTok - trends start here. On a device or on the web, viewers can watch and discover millions of personalized short videos. Download the app to get started. Jun 11, 2023 · Trải nghiệm quán cafe ban công tại Hà Nội với trang trí đẹp mắt, view hồ gươm cực kỳ thú vị và dịch vụ chu đáo. Khám phá ngay! #bancongcafe #cafe #coffeetiktok #quannayodau #thang6 #reviewcafe #cafehoankiem 122 Lượt thích,Video TikTok từ Lăn Cùng Bean (@eatwithbeann_): ""Ốc Hà Trang Đinh Liệt có đáng tiền hông #eatwithbeann_ #ancungtiktok #learnontiktok #food #ocluoc #nembui #hanoifood"".New Face - 69. - Theo dõi hashtag #omnykygui và #phoidoxinh để cập nhật ưu đãi hoặc hoạt động tại cửa hàng. Kết luận OMNY Phương Liệt vừa thông báo khai trương sắp diễn ra; cửa hàng mở cửa hàng ngày từ 10h đến 22h. Theo dõi các hashtag liên quan để nhận tin tức và khuyến mãi từ sự kiện."
Phương Liệt,Hà Nội,quán ăn ở Phương Liệt Hà Nội,7243408179973885189,quannayodau,https://www.tiktok.com/@quannayodau/video/7243408179973885189,"Ban công cafe - Số 2 P. Đinh Liệt, Hàng Đào, Hoàn Kiếm, Hà ...Ốc Hà Trang Đinh Liệt có đáng tiền hông #eatwithbeann_ # ...OMNY Phương Liệt khai trương hôm nay — mở cửa 10h–22h | TikTok","Jun 11, 2023 · Trải nghiệm quán cafe ban công tại Hà Nội với trang trí đẹp mắt, view hồ gươm cực kỳ thú vị và dịch vụ chu đáo. Khám phá ngay! #bancongcafe #cafe #coffeetiktok #quannayodau #thang6 #reviewcafe #cafehoankiem 122 Lượt thích,Video TikTok từ Lăn Cùng Bean (@eatwithbeann_): ""Ốc Hà Trang Đinh Liệt có đáng tiền hông #eatwithbeann_ #ancungtiktok #learnontiktok #food #ocluoc #nembui #hanoifood"".New Face - 69. - Theo dõi hashtag #omnykygui và #phoidoxinh để cập nhật ưu đãi hoặc hoạt động tại cửa hàng. Kết luận OMNY Phương Liệt vừa thông báo khai trương sắp diễn ra; cửa hàng mở cửa hàng ngày từ 10h đến 22h. Theo dõi các hashtag liên quan để nhận tin tức và khuyến mãi từ sự kiện."
Phương Liệt,Hà Nội,quán ăn ở Phương Liệt Hà Nội,7492651338115927303,eatwithbeann_,https://www.tiktok.com/@eatwithbeann_/video/7492651338115927303,Ốc Hà Trang Đinh Liệt có đáng tiền hông #eatwithbeann_ # ...,"122 Lượt thích,Video TikTok từ Lăn Cùng Bean (@eatwithbeann_): ""Ốc Hà Trang Đinh Liệt có đáng tiền hông #eatwithbeann_ #ancungtiktok #learnontiktok #food #ocluoc #nembui #hanoifood"".New Face - 69."
Phương Liệt,Hà Nội,quán ăn ở Phương Liệt Hà Nội,7650641752637885717,omny.phuongliet,https://www.tiktok.com/@omny.phuongliet/video/7650641752637885717,OMNY Phương Liệt khai trương hôm nay — mở cửa 10h–22h | TikTok,- Theo dõi hashtag #omnykygui và #phoidoxinh để cập nhật ưu đãi hoặc hoạt động tại cửa hàng. Kết luận OMNY Phương Liệt vừa thông báo khai trương sắp diễn ra; cửa hàng mở cửa hàng ngày từ 10h đến 22h. Theo dõi các hashtag liên quan để nhận tin tức và khuyến mãi từ sự kiện.
Khương Đình,Hà Nội,quán ăn ở Khương Đình Hà Nội,7445162415215480065,havuhuhuhu,https://www.tiktok.com/@havuhuhuhu/video/7445162415215480065,"Khám Phá Quán Bánh Mì Ngon Khương Đình | TikTokQuán Cơm Tươi Ngon Kim Giang, Khương Đình | TikTokKhám Phá Bánh Xèo Nem Lụi Ngon Nhất Khương Đình | TikTokQuán ăn ẩn giấu Khương Đình: Mì lòng ngon | TikTokMì gà tần và mì chua cay: Đánh giá quán Khương đình | TikTokAventus Coffee Khương Đình — Quán cafe sân vườn phong cách ...ThaiUmee Khương Trung | TikTok Places","Dec 6, 2024 · 1202 Lượt thích,22 Bình luận.Video TikTok từ Hà Vũ (@havuhuhuhu): ""Tìm hiểu quán bánh mì và xôi mở khu Khương Đình với những món ăn hấp dẫn. Đừng bỏ lỡ! #xoi #banhmi #reviewanngon"". Tìm quán cơm tươi ngon tại Kim Giang, Khương Đình? Khám phá các món ăn hấp dẫn như gà nướng lu, thịt rang cháy cạnh và đặc sản Lạng Sơn. #duongangi #kimgiang #khuongdinh 7895 Lượt thích,294 Bình luận.Video TikTok từ Ha Vu (@havuhuhuhu): ""Hãy cùng khám phá quán bánh xèo Hoa Trang tại Khương Đình! Đánh giá món ngon và những trải nghiệm tuyệt vời. #banhxeo #nemlui #xfood"". Khám phá quán ăn ẩn giấu tại Khương Đình với món mì lòng trứ danh. Trải nghiệm hương vị độc đáo và hấp dẫn. #duongangi #milong Apr 15, 2024 · Khám phá thực đơn mì gà tần và mì chua cay tại quán Khương đình, trải nghiệm vị ngon và giá cả hợp lý. #trunglee #thodiahanoi #miko Kết luận: nếu tìm quán cafe có vườn, vibe Châu Âu và bingsu ngon tại Hà Nội, Aventus Coffee Khương Đình là lựa chọn đáng thử. Bạn đã ghé qua đâu tương tự ở Hà Nội? Hành trình khám phá ẩm thực p40: Lẩu sườn bò kim chi 🤤🤤🤤 ui ở đây ngon nha các bà, giá cả cũng phải chăng nữa, các bà nhớ thử nghen? #cohrbeomukbang #lausuonbokimchi #thaiumee #ngon #foodlover"
Khương Đình,Hà Nội,quán ăn ở Khương Đình Hà Nội,7621549502977330453,duong_an_gi,https://www.tiktok.com/@duong_an_gi/video/7621549502977330453,"Quán Cơm Tươi Ngon Kim Giang, Khương Đình | TikTok","Tìm quán cơm tươi ngon tại Kim Giang, Khương Đình? Khám phá các món ăn hấp dẫn như gà nướng lu, thịt rang cháy cạnh và đặc sản Lạng Sơn. #duongangi #kimgiang #khuongdinh"
Khương Đình,Hà Nội,quán ăn ở Khương Đình Hà Nội,7439603579427622164,havuhuhuhu,https://www.tiktok.com/@havuhuhuhu/video/7439603579427622164,Khám Phá Bánh Xèo Nem Lụi Ngon Nhất Khương Đình | TikTokQuán ăn ẩn giấu Khương Đình: Mì lòng ngon | TikTokMì gà tần và mì chua cay: Đánh giá quán Khương đình | TikTokAventus Coffee Khương Đình — Quán cafe sân vườn phong cách ...ThaiUmee Khương Trung | TikTok Places,"7895 Lượt thích,294 Bình luận.Video TikTok từ Ha Vu (@havuhuhuhu): ""Hãy cùng khám phá quán bánh xèo Hoa Trang tại Khương Đình! Đánh giá món ngon và những trải nghiệm tuyệt vời. #banhxeo #nemlui #xfood"". Khám phá quán ăn ẩn giấu tại Khương Đình với món mì lòng trứ danh. Trải nghiệm hương vị độc đáo và hấp dẫn. #duongangi #milong Apr 15, 2024 · Khám phá thực đơn mì gà tần và mì chua cay tại quán Khương đình, trải nghiệm vị ngon và giá cả hợp lý. #trunglee #thodiahanoi #miko Kết luận: nếu tìm quán cafe có vườn, vibe Châu Âu và bingsu ngon tại Hà Nội, Aventus Coffee Khương Đình là lựa chọn đáng thử. Bạn đã ghé qua đâu tương tự ở Hà Nội? Hành trình khám phá ẩm thực p40: Lẩu sườn bò kim chi 🤤🤤🤤 ui ở đây ngon nha các bà, giá cả cũng phải chăng nữa, các bà nhớ thử nghen? #cohrbeomukbang #lausuonbokimchi #thaiumee #ngon #foodlover"
Khương Đình,Hà Nội,quán ăn ở Khương Đình Hà Nội,7629943734075084053,duong_an_gi,https://www.tiktok.com/@duong_an_gi/video/7629943734075084053,Quán ăn ẩn giấu Khương Đình: Mì lòng ngon | TikTok,Khám phá quán ăn ẩn giấu tại Khương Đình với món mì lòng trứ danh. Trải nghiệm hương vị độc đáo và hấp dẫn. #duongangi #milong
Khương Đình,Hà Nội,quán ăn ở Khương Đình Hà Nội,7358093449964326161,trunglee.review,https://www.tiktok.com/@trunglee.review/video/7358093449964326161,Mì gà tần và mì chua cay: Đánh giá quán Khương đình | TikTokAventus Coffee Khương Đình — Quán cafe sân vườn phong cách ...ThaiUmee Khương Trung | TikTok Places,"Apr 15, 2024 · Khám phá thực đơn mì gà tần và mì chua cay tại quán Khương đình, trải nghiệm vị ngon và giá cả hợp lý. #trunglee #thodiahanoi #miko Kết luận: nếu tìm quán cafe có vườn, vibe Châu Âu và bingsu ngon tại Hà Nội, Aventus Coffee Khương Đình là lựa chọn đáng thử. Bạn đã ghé qua đâu tương tự ở Hà Nội? Hành trình khám phá ẩm thực p40: Lẩu sườn bò kim chi 🤤🤤🤤 ui ở đây ngon nha các bà, giá cả cũng phải chăng nữa, các bà nhớ thử nghen? #cohrbeomukbang #lausuonbokimchi #thaiumee #ngon #foodlover"
Khương Đình,Hà Nội,quán ăn ở Khương Đình Hà Nội,7668189701559356692,troncuatho._,https://www.tiktok.com/@troncuatho._/video/7668189701559356692,Aventus Coffee Khương Đình — Quán cafe sân vườn phong cách ...,"Kết luận: nếu tìm quán cafe có vườn, vibe Châu Âu và bingsu ngon tại Hà Nội, Aventus Coffee Khương Đình là lựa chọn đáng thử. Bạn đã ghé qua đâu tương tự ở Hà Nội?"
Thanh Xuân,Hà Nội,quán ăn ở Thanh Xuân Hà Nội,7508542931364482312,,https://www.tiktok.com/@/video/7508542931364482312,TikTok - Make Your Day,TikTok - Make Your Day
Thanh Xuân,Hà Nội,quán ăn ở Thanh Xuân Hà Nội,7006467767717203206,,https://www.tiktok.com/@/_sauce90/video/7006467767717203206,TikTok,TikTok for GoodAdvertiseSell on TikTok ShopTikTok LIVE Creator NetworksDevelopersTransparencyTikTok EmbedsSoundOn Music DistributionTikTok LiveTikTok Shop
Thanh Xuân,Hà Nội,quán ăn ở Thanh Xuân Hà Nội,7345623727712914720,,https://www.tiktok.com/@/video/7345623727712914720,TikTok - Make Your Day,Log in to TikTok This post may not be comfortable for some audiences. Log in to make the most of your experience.
Thanh Xuân,Hà Nội,quán ăn ở Thanh Xuân Hà Nội,6925497998071860485,,https://www.tiktok.com/@/video/6925497998071860485/,TikTok - Make Your Day,ไม่มีหน้านี้อยู่ ขออภัยด้วย โปรดลองอีกครั้งในภายหลัง ลอง ...
Thanh Xuân,Hà Nội,quán ăn ở Thanh Xuân Hà Nội,7470274605895372078,,https://www.tiktok.com/@/video/7470274605895372078,TikTok - Make Your Day,"This account is private Looking for videos? Try browsing our trending creators, hashtags, and sounds."
Thanh Xuân,Hà Nội,quán ăn ở Thanh Xuân Hà Nội,7044390184313507118,,https://www.tiktok.com/@/video/7044390184313507118,TikTok - Make Your Day,"Video currently unavailable Looking for videos? Try browsing our trending creators, hashtags, and sounds."
Thanh Xuân,Hà Nội,quán ăn ở Thanh Xuân Hà Nội,7689969618521312533,,https://www.tiktok.com/video/7689969618521312533,TikTok,2 days ago · TikTok ... TikTok
Thanh Xuân,Hà Nội,quán ăn ở Thanh Xuân Hà Nội,7253346147761196290,,https://www.tiktok.com/video/7253346147761196290,TikTok,Redirecting to /404?fromUrl=/video/7253346147761196290.
Thanh Xuân,Hà Nội,quán ăn ở Thanh Xuân Hà Nội,7243438444293246250,,https://www.tiktok.com/video/7243438444293246250,TikTok,Redirecting to /404?fromUrl=/video/7243438444293246250.
Thanh Xuân,Hà Nội,quán ăn ở Thanh Xuân Hà Nội,7580287102248586519,,https://www.tiktok.com/video/7580287102248586519,TikTok,4 0 4 Couldn't find this page Check out more trending videos on TikTok Watch now
Thanh Xuân,Hà Nội,quán ăn ở Thanh Xuân Hà Nội,7671599976769719560,hiepkhaipha99,https://www.tiktok.com/@hiepkhaipha99/video/7671599976769719560,"Hun Garden Hà Nội: Quán chill, đồ ăn ngon ở Thanh Xuân | TikTok","- Hỏi thử suất hoặc phần ăn dành cho nhóm nếu đi đông. - Thử những món được đề xuất tại quán để có trải nghiệm đặc trưng. Kết luận Hun Garden là lựa chọn hợp lý nếu bạn tìm một quán chill, đồ ăn ngon ở Hà Nội, khu Thanh Xuân gần Lê Văn Lương."
Thanh Xuân,Hà Nội,quán ăn ở Thanh Xuân Hà Nội,7637791979115449620,kietduonglang,https://www.tiktok.com/@kietduonglang/video/7637791979115449620,"Ăn gì với 20k ở khu vực Thanh Xuân, Hà Nội? | TikTok","Lead Bạn còn 20k và đang ở khu vực Thanh Xuân, gần 215A Khương Trung (Hà Nội)? Bài viết này tổng hợp gợi ý món ăn, quán vặt và mẹo để ăn no trong tầm giá 20.000 đồng quanh khu vực đó — phù hợp cho học sinh, sinh viên hoặc ai muốn tiết kiệm."
Thanh Xuân,Hà Nội,quán ăn ở Thanh Xuân Hà Nội,7582755319260941586,holatacosvietnam,https://www.tiktok.com/@holatacosvietnam/video/7582755319260941586,Khám Phá 3 Sở Ở Thanh Xuân Đáng Nhớ! | TikTokHẻm Thanh Xuân: Quán cà phê mang đi matcha latte & trà quất ...Quán Hàn ngon rẻ ở Thanh Xuân — Miss Bistro review | TikTokBún chả Chính Kinh Hà Nội – Review quán ngon tại Thanh Xuân ...,"Dec 12, 2025 · Khám Phá 3 Sở Ở Thanh Xuân Đáng Nhớ! Cùng tìm hiểu 3 sở ăn uống nổi bật ở Thanh Xuân! Lưu lại ngay để không bỏ lỡ những món ngon hấp dẫn. #holatacos #tacos #tacosvietnam #hanoifood #bánhngon Q: Có quán cà phê mang đi nào ở Thanh Xuân giống Hẻm không? A: Video này tập trung vào các quán Hẻm tại Thanh Xuân, giới thiệu các loại đồ uống take away như matcha latte và trà quất."". Nội dung tập trung vào đồ Hàn ngon, menu Miss Bistro và trải nghiệm ăn uống giá hợp lý quanh khu Thanh Xuân. Điểm chính - Vị trí: khu Thanh Xuân, thuận tiện cho sinh viên và người đi chơi khu vực này; gần các điểm tham khảo như Beta Thanh Xuân, Da Liễu Trung Ương, Nguyễn Trãi. Kết luận và khuyến nghị Quán bún chả ở 109 Chính Kinh là lựa chọn đáng thử nếu bạn muốn ăn bún chả Hà Nội chuẩn vị tại Thanh Xuân. Thử ghi chú: đi vào giờ thấp điểm để tránh chờ, nếm nước chấm trước khi thêm gia vị."
Thanh Xuân,Hà Nội,quán ăn ở Thanh Xuân Hà Nội,7674901327679474952,hemthanhxuancuatoi,https://www.tiktok.com/@hemthanhxuancuatoi/video/7674901327679474952,Hẻm Thanh Xuân: Quán cà phê mang đi matcha latte & trà quất ...,"Q: Có quán cà phê mang đi nào ở Thanh Xuân giống Hẻm không? A: Video này tập trung vào các quán Hẻm tại Thanh Xuân, giới thiệu các loại đồ uống take away như matcha latte và trà quất.""."
Thanh Xuân,Hà Nội,quán ăn ở Thanh Xuân Hà Nội,7657518594237992213,maididate_,https://www.tiktok.com/@maididate_/video/7657518594237992213,Quán Hàn ngon rẻ ở Thanh Xuân — Miss Bistro review | TikTok,"Nội dung tập trung vào đồ Hàn ngon, menu Miss Bistro và trải nghiệm ăn uống giá hợp lý quanh khu Thanh Xuân. Điểm chính - Vị trí: khu Thanh Xuân, thuận tiện cho sinh viên và người đi chơi khu vực này; gần các điểm tham khảo như Beta Thanh Xuân, Da Liễu Trung Ương, Nguyễn Trãi."
Từ Liêm,Hà Nội,quán ăn ở Từ Liêm Hà Nội,7561441323513859346,ninhtito,https://www.tiktok.com/@ninhtito/video/7561441323513859346,Khám Phá 24 Giờ Ẩm Thực Bắc Từ Liêm HN | TikTok,"12.3K Lượt thích,259 Bình luận.Video TikTok từ Ninh Tito (@ninhtito): ""Cùng Ninh trải nghiệm 24 giờ ăn sập quận Bắc Từ Liêm với những địa điểm hấp dẫn! #ninhtito #ancungtiktok #hanoi #foodtour""."
Từ Liêm,Hà Nội,quán ăn ở Từ Liêm Hà Nội,7651538878569958676,eggybeo,https://www.tiktok.com/@eggybeo/video/7651538878569958676,Mì tôm nổi tiếng ở Nam Từ Liêm — ăn ở đâu ngon nhất? | TikTok,"Kết luận và lời khuyên Tìm quán mì tôm nổi tiếng ở Nam Từ Liêm khi bạn ở gần Vinschool để thử các phiên bản: mì trứng béo (eggy beo), mì tương đen hoặc mì kèm tôm. Ghé vào giờ vắng hơn để có chỗ ngồi và trải nghiệm trọn vẹn."
Từ Liêm,Hà Nội,quán ăn ở Từ Liêm Hà Nội,7563559160516758804,dichillne,https://www.tiktok.com/@dichillne/video/7563559160516758804,Top Quán Ăn Nướng Ngon Ở Bắc Từ Liêm | TikTok,"Oct 21, 2025 · 2005 Lượt thích,23 Bình luận.Video TikTok từ Chillne (@dichillne): ""Khám phá quán nướng Hưng Thịnh ở Bắc Từ Liêm với hương vị tuyệt vời. Đừng bỏ lỡ! #langthanghanoi #hanoi #hanoianngon #bactuliem""."
Từ Liêm,Hà Nội,quán ăn ở Từ Liêm Hà Nội,7277918099918146818,tep2002_,https://www.tiktok.com/@tep2002_/video/7277918099918146818,Buffet 139k tại Nam Từ Liêm: Thiên đường ẩm thực | TikTokĐồ ăn Hàn Quốc hấp dẫn tại Bắc Từ Liêm | TikTokBắc Từ Liêm Hà Nội: Hướng dẫn dạo phố & điểm đến nổi bật | TikTok,"Sep 12, 2023 · Khám phá buffet ngon tại Nam Từ Liêm với đồ ăn đa dạng giá student-friendly. Đừng bỏ lỡ trải nghiệm ẩm thực hấp dẫn này! #ReviewAnNgon #AnCungTikTok Sep 23, 2024 · Khám phá các quán gà rán và hải sản Hàn Quốc ngon tại Bắc Từ Liêm. Một trải nghiệm ẩm thực thú vị đang chờ đón bạn! #learnontiktok #vtmgr #ancungtiktok #bachuareview Kết luận Bắc Từ Liêm là lựa chọn phù hợp cho chuyến dạo phố ngắn trong Hà Nội, với nhiều ngõ, tuyến đường và điểm sống động để khám phá."
Từ Liêm,Hà Nội,quán ăn ở Từ Liêm Hà Nội,7417772936595000583,bachuareview,https://www.tiktok.com/@bachuareview/video/7417772936595000583,Đồ ăn Hàn Quốc hấp dẫn tại Bắc Từ Liêm | TikTokBắc Từ Liêm Hà Nội: Hướng dẫn dạo phố & điểm đến nổi bật | TikTok,"Sep 23, 2024 · Khám phá các quán gà rán và hải sản Hàn Quốc ngon tại Bắc Từ Liêm. Một trải nghiệm ẩm thực thú vị đang chờ đón bạn! #learnontiktok #vtmgr #ancungtiktok #bachuareview Kết luận Bắc Từ Liêm là lựa chọn phù hợp cho chuyến dạo phố ngắn trong Hà Nội, với nhiều ngõ, tuyến đường và điểm sống động để khám phá."
Từ Liêm,Hà Nội,quán ăn ở Từ Liêm Hà Nội,7671936949954940181,thosan_tien_thuong,https://www.tiktok.com/@thosan_tien_thuong/video/7671936949954940181,Bắc Từ Liêm Hà Nội: Hướng dẫn dạo phố & điểm đến nổi bật | TikTok,"Kết luận Bắc Từ Liêm là lựa chọn phù hợp cho chuyến dạo phố ngắn trong Hà Nội, với nhiều ngõ, tuyến đường và điểm sống động để khám phá."
Thượng Cát,Hà Nội,quán ăn ở Thượng Cát Hà Nội,7673473822372252949,29hanoi.dangcap,https://www.tiktok.com/@29hanoi.dangcap/video/7673473822372252949,"Phường Thượng Cát là một phường thuộc thành phố Hà Nội, hoạt ...","63 Lượt thích,Video TikTok từ hà nội xịn (@29hanoi.dangcap): ""Phường Thượng Cát là một phường thuộc thành phố Hà Nội, hoạt động theo mô hình chính quyền địa phương 2 cấp từ 01/07/2025."
Thượng Cát,Hà Nội,quán ăn ở Thượng Cát Hà Nội,7669724488656751893,dataland_,https://www.tiktok.com/@dataland_/video/7669724488656751893,Hạng 3 - Thượng Cát | Xếp hạng tiềm năng 126 xã phường Hà Nội ...,"881 Lượt thích,120 Bình luận.Video TikTok từ DATALAND Hà Nội (@dataland_): ""Hạng 3 - Thượng Cát | Xếp hạng tiềm năng 126 xã phường Hà Nội #dataland #hanoi #diembungphat #bds #batdongsan"".âm thanh gốc - DATALAND Hà Nội."
Đông Ngạc,Hà Nội,quán ăn ở Đông Ngạc Hà Nội,7676351577778654481,dicunglinhnao,https://www.tiktok.com/@dicunglinhnao/video/7676351577778654481,"Quán cafe ngói Đông Anh: ăn uống, không gian cuối tuần | TikTok","Quán cafe ngói ở Đông Anh là điểm đến quen thuộc cho những ai tìm không gian nhẹ nhàng kết hợp đồ ăn, đồ uống và trò chuyện cuối tuần. Video giới thiệu ngắn gọn về quán ghi nhận: quán nằm ở khu Đông Anh, nổi bật với mái ngói, phù hợp cho buổi hẹn cuối năm hoặc dịp đầu năm. Không gian và phong cách ..."
Đông Ngạc,Hà Nội,quán ăn ở Đông Ngạc Hà Nội,7680550480858074389,dng.thu.h2,https://www.tiktok.com/@dng.thu.h2/video/7680550480858074389,"Bán thịt tươi xuyên lễ tại 192 Kẻ Vẽ - Đông Ngạc, Bắc Từ Liêm ...","Mô tả ngắn gọn: chủ cửa hàng bán thịt tươi tại số 192 Kẻ Vẽ, Đông Ngạc, Bắc Từ Liêm (Hà Nội) đang gặp tình trạng chợ ế ẩm trong dịp lễ, dù vẫn mở bán như thường. Hashtag liên quan: #Emhabanthti #Xuhuong #Viral."
Đông Ngạc,Hà Nội,quán ăn ở Đông Ngạc Hà Nội,7689439676838530325,doanxtranq,https://www.tiktok.com/@doanxtranq/video/7689439676838530325,Thề ở HN k biết còn chỗ nào buffet nướng 199 mà view đỉnh ...,"220 Lượt thích,43 Bình luận.Video TikTok từ Doãn Trang ăn gì đây (@doanxtranq): ""Thề ở HN k biết còn chỗ nào buffet nướng 199🐠 mà view đỉnh như này nữa k 😭 Thịt tươi, menu đa dạng, bàn t gọi gần 20 đĩa ăn no ị luôn nhé ##hanoiangi##ytuonghenho##buffet##nướng##hadong"".âm thanh gốc - Doãn Trang ăn gì đây."
Xuân Đỉnh,Hà Nội,quán ăn ở Xuân Đỉnh Hà Nội,7680142356334578964,nguyn.hng.dim061,https://www.tiktok.com/@nguyn.hng.dim061/video/7680142356334578964,"Review 30 bữa ăn sáng tại Xuân Đỉnh: quán ngon, giá hợp lý ...","Kết luận Video và nội dung hướng đến người muốn tìm quán ăn sáng ngon, giá hợp lý tại Xuân Đỉnh; review dựa trên nhiều lần trải nghiệm (khoảng 2,5 năm và 30 bữa) giúp người xem có cơ sở tin cậy để quyết định thử quán."
Xuân Đỉnh,Hà Nội,quán ăn ở Xuân Đỉnh Hà Nội,7674545662494592276,nguyn.hng.dim061,https://www.tiktok.com/@nguyn.hng.dim061/video/7674545662494592276,"30 ngày food tour tại Xuân Đỉnh: review ăn ngon, mukbang địa ...","- Đi theo nhóm nhỏ để thử đa dạng món hơn. - Đặt câu hỏi với chủ quán về cách chế biến nếu muốn biết chi tiết món ăn. Kết luận 30 ngày food tour ở Xuân Đỉnh là cách hoàn hảo để khám phá ẩm thực địa phương, từ quán bình dân đến đồ ăn vặt hấp dẫn."
Xuân Đỉnh,Hà Nội,quán ăn ở Xuân Đỉnh Hà Nội,7548800170780036360,hanoiangi,https://www.tiktok.com/@hanoiangi/video/7548800170780036360,"Quán nướng đông nhất Xuân Đỉnh ở Hà Nội | TikTokBéo Nướng - Quán Nướng Hút Khách Ở Xuân Đỉnh | TikTokỐc Minh Việt: Quán Nướng Ngon Tại Xuân Đỉnh | TikTokQuán Mì Chua Cay Nổi Bật Tại Xuân Đỉnh, Hà Nội | TikTokTê Tê Bunsik CS7 Xuân La: review quán ăn muộn ở Hà Nội | TikTok","Khám phá quán nướng nổi tiếng ở Xuân Đỉnh - nơi phục vụ món nướng ngon nhất. Đến và cảm nhận! #vrmgr #hanoiangi #xuhuong 2124 Lượt thích,23 Bình luận.Video TikTok từ Eatwithmynoreo (@eatwithmynoreo): ""Khám phá quán nướng Béo tại Xuân Đỉnh, nơi tạo nên bữa tiệc ẩm thực đáng nhớ. Hãy đến và thưởng thức ngay hôm nay! #AnCungTikTok #eatwithmynoreo #tiktokfood #LearnOnTikTok"". Khám phá quán ốc Minh Việt tại Xuân Đỉnh với món nướng hấp dẫn. Ghé thăm ngay để thưởng thức ẩm thực độc đáo! #xuhuongtiktok #foodtiktok #foodreview #athuongne #quanocngon #ocnong Keywords: quán mì chua cay Hà Nội, mì chua cay Xuân Đỉnh, ăn mì chua cay ngon, review quán mì chua cay, ẩm thực Hà Nội nổi bật, mì cay lẩu nướng ngon, địa điểm ăn đêm Hà Nội Giới thiệu ngắn Quán thuộc chuỗi Tê Tê Bunsik, được người đăng nhắc kèm hashtag #tetebunsik và #motminhlangthang, gợi ý đây là trải nghiệm ăn vặt/ăn nhanh phù hợp cho buổi tối hoặc ăn muộn."
Xuân Đỉnh,Hà Nội,quán ăn ở Xuân Đỉnh Hà Nội,7592202314425879828,eatwithmynoreo,https://www.tiktok.com/@eatwithmynoreo/video/7592202314425879828,Béo Nướng - Quán Nướng Hút Khách Ở Xuân Đỉnh | TikTok,"2124 Lượt thích,23 Bình luận.Video TikTok từ Eatwithmynoreo (@eatwithmynoreo): ""Khám phá quán nướng Béo tại Xuân Đỉnh, nơi tạo nên bữa tiệc ẩm thực đáng nhớ. Hãy đến và thưởng thức ngay hôm nay! #AnCungTikTok #eatwithmynoreo #tiktokfood #LearnOnTikTok""."
Xuân Đỉnh,Hà Nội,quán ăn ở Xuân Đỉnh Hà Nội,7552496970305146120,athuongne,https://www.tiktok.com/@athuongne/video/7552496970305146120,"Ốc Minh Việt: Quán Nướng Ngon Tại Xuân Đỉnh | TikTokQuán Mì Chua Cay Nổi Bật Tại Xuân Đỉnh, Hà Nội | TikTokTê Tê Bunsik CS7 Xuân La: review quán ăn muộn ở Hà Nội | TikTok","Khám phá quán ốc Minh Việt tại Xuân Đỉnh với món nướng hấp dẫn. Ghé thăm ngay để thưởng thức ẩm thực độc đáo! #xuhuongtiktok #foodtiktok #foodreview #athuongne #quanocngon #ocnong Keywords: quán mì chua cay Hà Nội, mì chua cay Xuân Đỉnh, ăn mì chua cay ngon, review quán mì chua cay, ẩm thực Hà Nội nổi bật, mì cay lẩu nướng ngon, địa điểm ăn đêm Hà Nội Giới thiệu ngắn Quán thuộc chuỗi Tê Tê Bunsik, được người đăng nhắc kèm hashtag #tetebunsik và #motminhlangthang, gợi ý đây là trải nghiệm ăn vặt/ăn nhanh phù hợp cho buổi tối hoặc ăn muộn."
Xuân Đỉnh,Hà Nội,quán ăn ở Xuân Đỉnh Hà Nội,7595549638489328904,.banhsukem,https://www.tiktok.com/@.banhsukem/video/7595549638489328904,"Quán Mì Chua Cay Nổi Bật Tại Xuân Đỉnh, Hà Nội | TikTokTê Tê Bunsik CS7 Xuân La: review quán ăn muộn ở Hà Nội | TikTok","Keywords: quán mì chua cay Hà Nội, mì chua cay Xuân Đỉnh, ăn mì chua cay ngon, review quán mì chua cay, ẩm thực Hà Nội nổi bật, mì cay lẩu nướng ngon, địa điểm ăn đêm Hà Nội Giới thiệu ngắn Quán thuộc chuỗi Tê Tê Bunsik, được người đăng nhắc kèm hashtag #tetebunsik và #motminhlangthang, gợi ý đây là trải nghiệm ăn vặt/ăn nhanh phù hợp cho buổi tối hoặc ăn muộn."
Xuân Đỉnh,Hà Nội,quán ăn ở Xuân Đỉnh Hà Nội,7665714650289409300,motminhlangthang7,https://www.tiktok.com/@motminhlangthang7/video/7665714650289409300,Tê Tê Bunsik CS7 Xuân La: review quán ăn muộn ở Hà Nội | TikTok,"Giới thiệu ngắn Quán thuộc chuỗi Tê Tê Bunsik, được người đăng nhắc kèm hashtag #tetebunsik và #motminhlangthang, gợi ý đây là trải nghiệm ăn vặt/ăn nhanh phù hợp cho buổi tối hoặc ăn muộn."
Tây Tựu,Hà Nội,quán ăn ở Tây Tựu Hà Nội,7677218743583329557,nguyetoi_,https://www.tiktok.com/@nguyetoi_/video/7677218743583329557,Hanane Coffee and Tea Hà Nội: review quán 78 phố Nhổn - Tây ...,"Kết luận Hanane Coffee and Tea tại 78 phố Nhổn, Tây Tựu, Hà Nội là điểm tham khảo cho ai tìm quán cà phê/ trà ở khu vực này. Thông tin mô tả kèm hashtag cho thấy quán đang được chú ý trên Tiktok — đáng để ghé thử nếu muốn trải nghiệm đồ uống và không gian được chia ..."
Tây Tựu,Hà Nội,quán ăn ở Tây Tựu Hà Nội,7317202194535550215,bachuareview,https://www.tiktok.com/@bachuareview/video/7317202194535550215,Izakaya Matsuki: Quán Nhậu Kiểu Nhật Ở Hồ Tây | TikTok,"Dec 27, 2023 · Khám phá quán nhậu kiểu Nhật Izakaya Matsuki mở tới 1h sáng tại Hồ Tây, Hà Nội. Thưởng thức món ngon và không gian thoải mái! #bachuareview #LearnOnTikTok #vtmgr #ancungtiktok"
Tây Tựu,Hà Nội,quán ăn ở Tây Tựu Hà Nội,7346567107703868673,donicchillchuanchinh,https://www.tiktok.com/@donicchillchuanchinh/video/7346567107703868673,Matsuki Izakaya - Quán nhậu Nhật Bản view Hồ Tây cực chill ...,"Mar 15, 2024 · 6825 Lượt thích,197 Bình luận.Video TikTok từ Chill Chuẩn Chỉnh (@donicchillchuanchinh): ""Khám phá quán nhậu Nhật Bản tại Hồ Tây với không khí cực kỳ ấm cúng và món ăn ngon. Nơi đậm chất Nhật Bản với món xiên gà Pinto tan và sashimi cá hồi hấp dẫn. Ăn uống đa dạng, từ salad ..."
Tây Tựu,Hà Nội,quán ăn ở Tây Tựu Hà Nội,7649330497960627464,vitditrenphao,https://www.tiktok.com/@vitditrenphao/video/7649330497960627464,Sushi Hokkaido Sachi Lotte Mall Tây Hồ review | TikTok,"Địa điểm và vị trí Sushi Hokkaido Sachi nằm ở Tầng 3, Lotte Mall Tây Hồ, Hà Nội. Video/clip gắn thẻ cửa hàng này với các hashtag #sushihokkaidosachi #hokkaido #unisashimi #hanoi #foodreview #vitditrenphao, cho thấy trọng tâm là trải nghiệm ẩm thực tại nhà hàng sushi phong cách Hokkaido."
Tây Tựu,Hà Nội,quán ăn ở Tây Tựu Hà Nội,7651563594882108692,changa.nhatminh,https://www.tiktok.com/@changa.nhatminh/video/7651563594882108692,"Chân gà sốt Thái & chân gà xả tắc ở số 9 phố Nhổn, đường Tây ...Tây Tựu Hà Nội | TikTokHoa tươi tây tựu Hà Nội (@zalo0972167429) | TikTok","Nếu bạn ở khu vực Đại học Công nghiệp Hà Nội, rẽ phải từ đường Cầu Diễn vào đường Tây Tựu, ngã tư Nhổn có một địa chỉ ăn vặt nổi bật: số 9 phố Nhổn, đường Tây Tựu. Quán tập trung hai món chân gà được ưa chuộng: chân gà sốt Thái và chân gà xả tắc. 34 Lượt thích,Video TikTok từ Thợ Săn Tiền Thưởng (@thosan_tien_thuong): ""Tây Tựu Hà Nội"".original sound - panda mun. Hoa tươi tây tựu Hà Nội (@zalo0972167429) trên TikTok |239 Follower.No bio yet.Xem video mới nhất từ Hoa tươi tây tựu Hà Nội (@zalo0972167429)."
Tây Tựu,Hà Nội,quán ăn ở Tây Tựu Hà Nội,7673062333572287764,thosan_tien_thuong,https://www.tiktok.com/@thosan_tien_thuong/video/7673062333572287764,Tây Tựu Hà Nội | TikTok,"34 Lượt thích,Video TikTok từ Thợ Săn Tiền Thưởng (@thosan_tien_thuong): ""Tây Tựu Hà Nội"".original sound - panda mun."
Phú Diễn,Hà Nội,quán ăn ở Phú Diễn Hà Nội,7598388102293474568,the1ngoan,https://www.tiktok.com/@the1ngoan/video/7598388102293474568,Khám Phá Xưởng 193 Phú Diễn - Nhà Hàng Đáng Trải Nghiệm | TikTokKhám Phá Buffet Xiên Ngõ 83 Phú Diễn | TikTokPhú Diễn | TikTok PlacesĐánh giá quán buffet Nướng Vũ Phú Diễn | TikTokQuán Vũ Buffet Nướng Chảo Gang (@quanvu171phudien) | TikTokBuffet nem nướng Phú Diễn | Nem Nướng Nhật Hạ 19k | TikTokYihetang 103 Phú Diễn-Hà Nội (@yihetang.ph.din) | TikTok,"Khám Phá Xưởng 193 Phú Diễn - Nhà Hàng Đáng Trải Nghiệm Tìm hiểu về Xưởng 193 Phú Diễn với không gian đẹp và đồ ăn chất lượng. Khám phá ngay hôm nay! #xuongnhau193phudien Khám Phá Buffet Xiên Ngõ 83 Phú Diễn Tìm hiểu về Buffet Xiên Ngõ 83 Phú Diễn với món Chân Gà Nướng độc đáo. Cùng khám phá nhé! #ChanGaNuongCoThai #ChanGa #QuanAP tiem.xam.phu.dien2.193 #CapCut không biết lên video đã nét cho ae ngắm chưa nữa,ae nhớ luu khi cần nhé #Hình Xăm Rồng Nữa Cánh Tay Và Bụng #hinhxammatquy #hinhxamnghethuat Sep 27, 2023 · Đánh giá quán buffet Nướng Vũ Phú Diễn Craving some familiar flavors? 🤔 Made a rare trip to this area and, of course, had to stop by my go-to spot! 😜 At Vũ Nướng Phú Diễn, I tend to stick to what I love: a few slices of beef 🥩 and some short ribs – simple and satisfying! Quán Vũ Buffet Nướng Chảo Gang (@quanvu171phudien) trên TikTok |654 Lượt thích.95 Follower.Hotline đặt bàn 0974832230 Quán Vũ 171 Phú Diễn.Xem video mới nhất từ Quán Vũ Buffet Nướng Chảo Gang (@quanvu171phudien). - Thử hỏi về các món ăn kèm và nước chấm đặc trưng để có trải nghiệm nem nướng đầy đủ hương vị Nha Trang. Kết thúc Buffet nem nướng Phú Diễn giá 19k của Nem Nướng Nhật Hạ là lựa chọn tiết kiệm cho người thích nem nướng Nha Trang. Yihetang 103 Phú Diễn-Hà Nội (@yihetang.ph.din) trên TikTok |6349 Lượt thích.167 Follower.Yi He Tang 103 -Phú Diễn- Bắc Từ Liêm 📞: 1.9.0.0.9.9.9.9.0.6.Xem video mới nhất từ Yihetang 103 Phú Diễn-Hà Nội (@yihetang.ph.din)."
Phú Diễn,Hà Nội,quán ăn ở Phú Diễn Hà Nội,7553614353623190802,changanuong.cothai,https://www.tiktok.com/@changanuong.cothai/video/7553614353623190802,Khám Phá Buffet Xiên Ngõ 83 Phú Diễn | TikTokPhú Diễn | TikTok PlacesĐánh giá quán buffet Nướng Vũ Phú Diễn | TikTokQuán Vũ Buffet Nướng Chảo Gang (@quanvu171phudien) | TikTokBuffet nem nướng Phú Diễn | Nem Nướng Nhật Hạ 19k | TikTokYihetang 103 Phú Diễn-Hà Nội (@yihetang.ph.din) | TikTok,"Khám Phá Buffet Xiên Ngõ 83 Phú Diễn Tìm hiểu về Buffet Xiên Ngõ 83 Phú Diễn với món Chân Gà Nướng độc đáo. Cùng khám phá nhé! #ChanGaNuongCoThai #ChanGa #QuanAP tiem.xam.phu.dien2.193 #CapCut không biết lên video đã nét cho ae ngắm chưa nữa,ae nhớ luu khi cần nhé #Hình Xăm Rồng Nữa Cánh Tay Và Bụng #hinhxammatquy #hinhxamnghethuat Sep 27, 2023 · Đánh giá quán buffet Nướng Vũ Phú Diễn Craving some familiar flavors? 🤔 Made a rare trip to this area and, of course, had to stop by my go-to spot! 😜 At Vũ Nướng Phú Diễn, I tend to stick to what I love: a few slices of beef 🥩 and some short ribs – simple and satisfying! Quán Vũ Buffet Nướng Chảo Gang (@quanvu171phudien) trên TikTok |654 Lượt thích.95 Follower.Hotline đặt bàn 0974832230 Quán Vũ 171 Phú Diễn.Xem video mới nhất từ Quán Vũ Buffet Nướng Chảo Gang (@quanvu171phudien). - Thử hỏi về các món ăn kèm và nước chấm đặc trưng để có trải nghiệm nem nướng đầy đủ hương vị Nha Trang. Kết thúc Buffet nem nướng Phú Diễn giá 19k của Nem Nướng Nhật Hạ là lựa chọn tiết kiệm cho người thích nem nướng Nha Trang. Yihetang 103 Phú Diễn-Hà Nội (@yihetang.ph.din) trên TikTok |6349 Lượt thích.167 Follower.Yi He Tang 103 -Phú Diễn- Bắc Từ Liêm 📞: 1.9.0.0.9.9.9.9.0.6.Xem video mới nhất từ Yihetang 103 Phú Diễn-Hà Nội (@yihetang.ph.din)."
Phú Diễn,Hà Nội,quán ăn ở Phú Diễn Hà Nội,7283494011132726546,trangvau10,https://www.tiktok.com/@trangvau10/video/7283494011132726546,Đánh giá quán buffet Nướng Vũ Phú Diễn | TikTok,"Sep 27, 2023 · Đánh giá quán buffet Nướng Vũ Phú Diễn Craving some familiar flavors? 🤔 Made a rare trip to this area and, of course, had to stop by my go-to spot! 😜 At Vũ Nướng Phú Diễn, I tend to stick to what I love: a few slices of beef 🥩 and some short ribs – simple and satisfying!"
Phú Diễn,Hà Nội,quán ăn ở Phú Diễn Hà Nội,7662247370737847570,nongdantaplamdoanhnghiep,https://www.tiktok.com/@nongdantaplamdoanhnghiep/video/7662247370737847570,Buffet nem nướng Phú Diễn | Nem Nướng Nhật Hạ 19k | TikTok,- Thử hỏi về các món ăn kèm và nước chấm đặc trưng để có trải nghiệm nem nướng đầy đủ hương vị Nha Trang. Kết thúc Buffet nem nướng Phú Diễn giá 19k của Nem Nướng Nhật Hạ là lựa chọn tiết kiệm cho người thích nem nướng Nha Trang.
Xuân Phương,Hà Nội,quán ăn ở Xuân Phương Hà Nội,7678568334677331218,ongchauchimmoi,https://www.tiktok.com/@ongchauchimmoi/video/7678568334677331218,Phở Tíu Bà Phương — Đánh giá quán ngon giữa chợ Đồng Xuân ...,"95 Lượt thích,Video TikTok từ Ông cháu chim mồi 🐤 (@ongchauchimmoi): ""Đánh giá chi tiết Phở Tíu Bà Phương: hương vị, không gian và trải nghiệm ăn giữa chợ Đồng Xuân. #ongchauchimmoireview #reviewfood #photiubaphuong #quananngon AI Video Summary: Khám phá Phở Tíu Bà Phương, một quán ăn độc đáo giữa lòng chợ Đồng Xuân, Hà ..."
Xuân Phương,Hà Nội,quán ăn ở Xuân Phương Hà Nội,7201124974520831259,phuc2_4,https://www.tiktok.com/@phuc2_4/video/7201124974520831259,Golden Coffee: Quán Cà Phê Chill Ở Xuân Phương | TikTok,"Feb 17, 2023 · Keywords: quán cà phê ở Xuân Phương, không gian cafe vintage, Golden Coffee Phúc Diễn, cafe học bài, nơi check-in tại Hà Nội, quán cà phê mở đêm, đồ uống ngon tại cafe, địa điểm chill ở Xuân Phương, quán cà phê yên tĩnh"
Xuân Phương,Hà Nội,quán ăn ở Xuân Phương Hà Nội,7670799776161598727,tphuongg105,https://www.tiktok.com/@tphuongg105/video/7670799776161598727,Gợi ý quán ăn cho Phương — quán ngon nên thử | TikTok,"Kết luận Đề xuất quán ăn cho Phương nên linh hoạt theo vị trí, ngân sách và tâm trạng. Gợi ý kết hợp: một quán ấm cúng cho bữa chính, một quán nhanh nếu cần gấp, và một địa điểm đặc sản cho dịp muốn đổi vị."
Xuân Phương,Hà Nội,quán ăn ở Xuân Phương Hà Nội,7592202314425879828,eatwithmynoreo,https://www.tiktok.com/@eatwithmynoreo/video/7592202314425879828,Béo Nướng - Quán Nướng Hút Khách Ở Xuân Đỉnh | TikTok,"2124 Lượt thích,23 Bình luận.Video TikTok từ Eatwithmynoreo (@eatwithmynoreo): ""Khám phá quán nướng Béo tại Xuân Đỉnh, nơi tạo nên bữa tiệc ẩm thực đáng nhớ. Hãy đến và thưởng thức ngay hôm nay! #AnCungTikTok #eatwithmynoreo #tiktokfood #LearnOnTikTok""."
Xuân Phương,Hà Nội,quán ăn ở Xuân Phương Hà Nội,7674545662494592276,nguyn.hng.dim061,https://www.tiktok.com/@nguyn.hng.dim061/video/7674545662494592276,"30 ngày food tour tại Xuân Đỉnh: review ăn ngon, mukbang địa ...","- Đi theo nhóm nhỏ để thử đa dạng món hơn. - Đặt câu hỏi với chủ quán về cách chế biến nếu muốn biết chi tiết món ăn. Kết luận 30 ngày food tour ở Xuân Đỉnh là cách hoàn hảo để khám phá ẩm thực địa phương, từ quán bình dân đến đồ ăn vặt hấp dẫn."
Đại Mỗ,Hà Nội,quán ăn ở Đại Mỗ Hà Nội,7664261466316492039,kencoffee_daimo,https://www.tiktok.com/@kencoffee_daimo/video/7664261466316492039,Kén Coffee Đại Mỗ - Quán cà phê gần Aeon Hà Đông (mùa sen ...,"33 Lượt thích,Video TikTok từ Kén Coffee Đại Mỗ (@kencoffee_daimo): ""Giới thiệu Kén Coffee Đại Mỗ gần Aeon Hà Đông: địa chỉ, không gian, và chọn món mùa sen trước khi kết thúc. #KenCoffee_Dai_Mo #ca_phe_gan_aeon #kencoffee_tpgiaoluu""."
Thanh Liệt,Hà Nội,quán ăn ở Thanh Liệt Hà Nội,7640828886196047124,iamsiia_,https://www.tiktok.com/@iamsiia_/video/7640828886196047124,"Lakafe Coffee Thanh Liệt - Quán cafe Hà Nội đẹp như Đà Lạt ...Thanh Liệt Hà Nội #hottrend #xuhuong | TikTokQuán Lakafe Thanh Liệt Hà Nội – cà phê thơ, vừa chanh vừa xả ...Ban Công Coffee - Quán cafe chụp ảnh mùa thu Hà Nội (Số 2 ...HÀ NỘI TÔI ĂN GÌ? (@todaytiteat) | TikTokTrung thu Hà Nội sớm hẳn 1 tháng Bánh mì Gác - 1 Đinh Liệt ...Khám Phá Quán Phở Anh Hai Tê Liệt | TikTok","So sánh với quán ở Đà Lạt Lakafe Coffee Thanh Liệt được so sánh với nhiều quán Đà Lạt nhờ: cây xanh, tông màu ấm, không gian thư giãn. Điểm khác biệt là vị trí trong Hà Nội, dễ tiếp cận hơn cho cư dân thủ đô. Video TikTok từ Thợ Săn Tiền Thưởng (@thosan_tien_thuong): ""Thanh Liệt Hà Nội #hottrend #xuhuong"".original sound - panda mun. Điểm nhanh bạn cần biết - Tên quán: Lakafe - Địa điểm: phường Vũ Đức Uy, Thanh Liệt, Hà Nội - Ấn tượng: không gian thơ, thức uống tươi, hương chanh xả rõ - Hashtag liên quan: #caffe #xhuongtiktok Lý do nên thử - Không gian phù hợp để ""lạc"" thư giãn theo cảm nhận người đăng. Lead Ban Công Coffee (Số 2 Đinh Liệt, Hoàn Kiếm) là địa điểm đáng ghé khi muốn chụp ảnh mùa thu Hà Nội. Video ghi lại trải nghiệm thu Hà Nội trên ban công quán, phù hợp cho những ai tìm quán cafe chụp ảnh trung ở Hà Nội hoặc chụp ảnh hoa mùa thu. Hãy tham gia cùng 386.2K follower trên TikTok để xem nhiều nội dung todaytiteat, reviewanngon, vtmgr hơn 55 Lượt thích,Video TikTok từ Cán bộ ham ăn (@canbohaman): ""Trung thu Hà Nội sớm hẳn 1 tháng🌝🌎📍Bánh mì Gác - 1 Đinh Liệt #hanoi #viral #banhmi #hanoiangi #hanoifood"".Sandwich & Story - MONO & EmceeDan. Trải nghiệm phở Anh Hai Tê Liệt - món ăn độc đáo xứ Việt với hương vị thơm ngon. #art #brotherhaiphorestaurant #phoanhhai #vietnam #việtnam"
Thanh Liệt,Hà Nội,quán ăn ở Thanh Liệt Hà Nội,7677610232364780821,thosan_tien_thuong,https://www.tiktok.com/@thosan_tien_thuong/video/7677610232364780821,Thanh Liệt Hà Nội #hottrend #xuhuong | TikTok,"Video TikTok từ Thợ Săn Tiền Thưởng (@thosan_tien_thuong): ""Thanh Liệt Hà Nội #hottrend #xuhuong"".original sound - panda mun."
Thanh Liệt,Hà Nội,quán ăn ở Thanh Liệt Hà Nội,7642988859319471368,anh.min91,https://www.tiktok.com/@anh.min91/video/7642988859319471368,"Quán Lakafe Thanh Liệt Hà Nội – cà phê thơ, vừa chanh vừa xả ...","Điểm nhanh bạn cần biết - Tên quán: Lakafe - Địa điểm: phường Vũ Đức Uy, Thanh Liệt, Hà Nội - Ấn tượng: không gian thơ, thức uống tươi, hương chanh xả rõ - Hashtag liên quan: #caffe #xhuongtiktok Lý do nên thử - Không gian phù hợp để ""lạc"" thư giãn theo cảm nhận người đăng."
Thanh Liệt,Hà Nội,quán ăn ở Thanh Liệt Hà Nội,7674151758779649287,hieulum,https://www.tiktok.com/@hieulum/video/7674151758779649287,Ban Công Coffee - Quán cafe chụp ảnh mùa thu Hà Nội (Số 2 ...,"Lead Ban Công Coffee (Số 2 Đinh Liệt, Hoàn Kiếm) là địa điểm đáng ghé khi muốn chụp ảnh mùa thu Hà Nội. Video ghi lại trải nghiệm thu Hà Nội trên ban công quán, phù hợp cho những ai tìm quán cafe chụp ảnh trung ở Hà Nội hoặc chụp ảnh hoa mùa thu."
Thanh Liệt,Hà Nội,quán ăn ở Thanh Liệt Hà Nội,7679295488352374023,canbohaman,https://www.tiktok.com/@canbohaman/video/7679295488352374023,Trung thu Hà Nội sớm hẳn 1 tháng Bánh mì Gác - 1 Đinh Liệt ...,"55 Lượt thích,Video TikTok từ Cán bộ ham ăn (@canbohaman): ""Trung thu Hà Nội sớm hẳn 1 tháng🌝🌎📍Bánh mì Gác - 1 Đinh Liệt #hanoi #viral #banhmi #hanoiangi #hanoifood"".Sandwich & Story - MONO & EmceeDan."
Thanh Liệt,Hà Nội,quán ăn ở Thanh Liệt Hà Nội,7571071453777464597,naed751,https://www.tiktok.com/@naed751/video/7571071453777464597,Khám Phá Quán Phở Anh Hai Tê Liệt | TikTok,Trải nghiệm phở Anh Hai Tê Liệt - món ăn độc đáo xứ Việt với hương vị thơm ngon. #art #brotherhaiphorestaurant #phoanhhai #vietnam #việtnam
Hà Đông,Hà Nội,quán ăn ở Hà Đông Hà Nội,7473427972939107591,hanoiangi,https://www.tiktok.com/@hanoiangi/video/7473427972939107591,Khám Phá Top 3 Quán Ăn Đêm Ở Hà Đông | TikTokTop 3 Quán Ăn Sáng Ngon Nhất Hà Đông | TikToknotes.tiktok.comNhững Địa Điểm Ăn Ngon Ở Hà Đông | TikTokKhám Phá Quán Ăn Ngon Tại Hà Đông | TikTokGợi Ý Địa Điểm Ăn Sáng Ngon Ở Hà Nội | TikTokTop 10 Quán Ăn Đêm Hà Nội Không Thể Bỏ Lỡ | TikTok,"Tìm hiểu những quán ăn đêm ngon nhất ở Hà Đông, Hà Nội với Người Hà Đông. Tham gia ngay! #vrmgr #hanoiangi #xuhuong #nguoihadong #hadong Khám phá 3 quán ăn sáng tuyệt vời ở Hà Đông! Cùng mình xem có thiếu quán nào không nhé! #vrmgr #hanoiangi #xuhuong #nguoihadong #hadong Nước mía trân châu ở Hà Trung nó cứ bị cuốn thế nào ý nhể #ther_nguyen_boc_food #ancungtiktok #learnontiktok #reviewanngon #vtmgr Ther Nguyen 0 lượt thích Chị chủ quán Mì trộn Indomie bắn ráp trấn động thật #ther_nguyen_boc_food #ancungtiktok #learnontiktok #reviewanngon #vtmgr Ther Nguyen 0 lượt ... Xem ngay review về các quán ăn ngon ở Hà Đông, được đánh giá cao bởi Team Hà Đông. Ăn ngon, mê mẩn không gian tại Hà Đông với những món ngon ngon. #hadongpho #hadongban #hadongdidau #hadongangi #mmfood Nov 12, 2024 · Tìm hiểu địa điểm ăn uống thú vị tại Hà Đông với bài review chi tiết và hữu ích. #bittet #bosotvang #hanoiangi #foodreview #foodreviewhanoi Khám phá các địa điểm ăn sáng ngon tại Thủ Đô Hà Nội với các món phở hấp dẫn. Xem ngay để biết thêm chi tiết! #reviewhanoi #hanoiangi #foodtourhanoi #hanoi #hanoifood Aug 11, 2023 · 43.6K Lượt thích,439 Bình luận.Video TikTok từ Đi Ăn Đê (@.diande): ""Khám phá top 10 quán ăn đêm lý tưởng ở Hà Nội, từ xôi bàn thờ đến phở gánh. Thưởng thức những món ăn ngon và không gian náo nhiệt! #xuhuong #ReviewAnNgon #AnCungTikTok #diandem""."
Hà Đông,Hà Nội,quán ăn ở Hà Đông Hà Nội,7474595476478741777,hanoiangi,https://www.tiktok.com/@hanoiangi/video/7474595476478741777,Top 3 Quán Ăn Sáng Ngon Nhất Hà Đông | TikToknotes.tiktok.comNhững Địa Điểm Ăn Ngon Ở Hà Đông | TikTokKhám Phá Quán Ăn Ngon Tại Hà Đông | TikTokGợi Ý Địa Điểm Ăn Sáng Ngon Ở Hà Nội | TikTokTop 10 Quán Ăn Đêm Hà Nội Không Thể Bỏ Lỡ | TikTok,"Khám phá 3 quán ăn sáng tuyệt vời ở Hà Đông! Cùng mình xem có thiếu quán nào không nhé! #vrmgr #hanoiangi #xuhuong #nguoihadong #hadong Nước mía trân châu ở Hà Trung nó cứ bị cuốn thế nào ý nhể #ther_nguyen_boc_food #ancungtiktok #learnontiktok #reviewanngon #vtmgr Ther Nguyen 0 lượt thích Chị chủ quán Mì trộn Indomie bắn ráp trấn động thật #ther_nguyen_boc_food #ancungtiktok #learnontiktok #reviewanngon #vtmgr Ther Nguyen 0 lượt ... Xem ngay review về các quán ăn ngon ở Hà Đông, được đánh giá cao bởi Team Hà Đông. Ăn ngon, mê mẩn không gian tại Hà Đông với những món ngon ngon. #hadongpho #hadongban #hadongdidau #hadongangi #mmfood Nov 12, 2024 · Tìm hiểu địa điểm ăn uống thú vị tại Hà Đông với bài review chi tiết và hữu ích. #bittet #bosotvang #hanoiangi #foodreview #foodreviewhanoi Khám phá các địa điểm ăn sáng ngon tại Thủ Đô Hà Nội với các món phở hấp dẫn. Xem ngay để biết thêm chi tiết! #reviewhanoi #hanoiangi #foodtourhanoi #hanoi #hanoifood Aug 11, 2023 · 43.6K Lượt thích,439 Bình luận.Video TikTok từ Đi Ăn Đê (@.diande): ""Khám phá top 10 quán ăn đêm lý tưởng ở Hà Nội, từ xôi bàn thờ đến phở gánh. Thưởng thức những món ăn ngon và không gian náo nhiệt! #xuhuong #ReviewAnNgon #AnCungTikTok #diandem""."
Hà Đông,Hà Nội,quán ăn ở Hà Đông Hà Nội,7495625562052955410,tp.hadong,https://www.tiktok.com/@tp.hadong/video/7495625562052955410,Những Địa Điểm Ăn Ngon Ở Hà Đông | TikTok,"Xem ngay review về các quán ăn ngon ở Hà Đông, được đánh giá cao bởi Team Hà Đông. Ăn ngon, mê mẩn không gian tại Hà Đông với những món ngon ngon. #hadongpho #hadongban #hadongdidau #hadongangi #mmfood"
Hà Đông,Hà Nội,quán ăn ở Hà Đông Hà Nội,7436353562096962834,congchuahayann,https://www.tiktok.com/@congchuahayann/video/7436353562096962834,Khám Phá Quán Ăn Ngon Tại Hà Đông | TikTokGợi Ý Địa Điểm Ăn Sáng Ngon Ở Hà Nội | TikTokTop 10 Quán Ăn Đêm Hà Nội Không Thể Bỏ Lỡ | TikTok,"Nov 12, 2024 · Tìm hiểu địa điểm ăn uống thú vị tại Hà Đông với bài review chi tiết và hữu ích. #bittet #bosotvang #hanoiangi #foodreview #foodreviewhanoi Khám phá các địa điểm ăn sáng ngon tại Thủ Đô Hà Nội với các món phở hấp dẫn. Xem ngay để biết thêm chi tiết! #reviewhanoi #hanoiangi #foodtourhanoi #hanoi #hanoifood Aug 11, 2023 · 43.6K Lượt thích,439 Bình luận.Video TikTok từ Đi Ăn Đê (@.diande): ""Khám phá top 10 quán ăn đêm lý tưởng ở Hà Nội, từ xôi bàn thờ đến phở gánh. Thưởng thức những món ăn ngon và không gian náo nhiệt! #xuhuong #ReviewAnNgon #AnCungTikTok #diandem""."
Hà Đông,Hà Nội,quán ăn ở Hà Đông Hà Nội,7508677019404651783,thodiahanois,https://www.tiktok.com/@thodiahanois/video/7508677019404651783,Gợi Ý Địa Điểm Ăn Sáng Ngon Ở Hà Nội | TikTokTop 10 Quán Ăn Đêm Hà Nội Không Thể Bỏ Lỡ | TikTok,"Khám phá các địa điểm ăn sáng ngon tại Thủ Đô Hà Nội với các món phở hấp dẫn. Xem ngay để biết thêm chi tiết! #reviewhanoi #hanoiangi #foodtourhanoi #hanoi #hanoifood Aug 11, 2023 · 43.6K Lượt thích,439 Bình luận.Video TikTok từ Đi Ăn Đê (@.diande): ""Khám phá top 10 quán ăn đêm lý tưởng ở Hà Nội, từ xôi bàn thờ đến phở gánh. Thưởng thức những món ăn ngon và không gian náo nhiệt! #xuhuong #ReviewAnNgon #AnCungTikTok #diandem""."
Hà Đông,Hà Nội,quán ăn ở Hà Đông Hà Nội,7266055644891876615,.diande,https://www.tiktok.com/@.diande/video/7266055644891876615,Top 10 Quán Ăn Đêm Hà Nội Không Thể Bỏ Lỡ | TikTok,"Aug 11, 2023 · 43.6K Lượt thích,439 Bình luận.Video TikTok từ Đi Ăn Đê (@.diande): ""Khám phá top 10 quán ăn đêm lý tưởng ở Hà Nội, từ xôi bàn thờ đến phở gánh. Thưởng thức những món ăn ngon và không gian náo nhiệt! #xuhuong #ReviewAnNgon #AnCungTikTok #diandem""."
Yên Nghĩa,Hà Nội,quán ăn ở Yên Nghĩa Hà Nội,7675308627426692373,dinhdinhreview,https://www.tiktok.com/@dinhdinhreview/video/7675308627426692373,Mì Cay Yên Quán Hậu Nghĩa – Review Mì Cay Ba Báo gần công ...,"Ấn tượng món ăn Mì cay ở Yên Quán mang vị cay đặc trưng, phù hợp với người thích đồ cay; phần ăn được nhắc đến tương tự mỳ cay Ba Báo về độ cay và thành phần. Cảm nhận về độ cay, hương vị nước dùng, và sợi mì là điểm chính trong review."
Yên Nghĩa,Hà Nội,quán ăn ở Yên Nghĩa Hà Nội,7568011269966417170,letuanvu20,https://www.tiktok.com/@letuanvu20/video/7568011269966417170,"Khám Phá Quán Cường Hàu 5k Hậu Nghĩa | TikTokBún chả ngon khu vực Hà Đông, Phênika, Yên Nghĩa, Đại Nam ...hiện tại ở yên nghĩa hà đông #lũlụt #bien #view #hashtag # ...Phát Hiện quán ăn mới ngay hẽm Hội Nghĩa 07 dành cho mấy bạn ...Quán Cafe Yên: Vibe Chill Hà Nội Đẹp Nhất | TikTok#xuhuong - TikTok","Nov 2, 2025 · Đây là bản tóm tắt nội dung do AI tạo và không nhằm mục đích cung cấp ngữ cảnh thực tế. Nếu bạn cho rằng tóm tắt có thể có lỗi, vui lòng báo cáo tại: Phản hồi và trợ giúp - TikTok Bún chả ngon khu vực Hà Đông, Phênika, Yên Nghĩa, Đại Nam. Nội dung mô tả mời ghé quán: người đăng giới thiệu quán bún chả tại khu vực Hà Đông và liệt kê Phênika, Yên Nghĩa, Đại Nam, đồng thời mời người xem muốn thử thì ghé quán. Các hashtag kèm theo là #trending, #xuhuong và #bunchahanoi. Video TikTok từ Tạp Hoá 2688 (@taphoa_2688): ""hiện tại ở yên nghĩa hà đông #lũlụt #bien #view #hashtag #giaothongvanminh"".KHU VỰC YÊN NGHĨA NƯỚC NGẬP NGANG BỤNG âm thanh gốc - Tạp Hoá 2688. 759 Lượt thích,65 Bình luận.Video TikTok từ Vũ Lang Thang (@vulangthangne): ""Phát Hiện quán ăn mới ngay hẽm Hội Nghĩa 07 dành cho mấy bạn Tân Uyên nè #hoinghia #haisan #vulangthang"".âm thanh gốc - Vũ Lang Thang. Sep 28, 2023 · 395 Lượt thích,Video TikTok từ Lang Thang Cafe (@langthangcafe): ""Khám phá quán cafe Yên tại Hà Nội với không gian xanh mát và trong lành. Một địa điểm lý tưởng cho những lúc thư giãn! #cafe #coffeee #reviewcafe"". xuhuong |520.9M bài đăng Xem video mới nhất về #xuhuong trên TikTok."
Yên Nghĩa,Hà Nội,quán ăn ở Yên Nghĩa Hà Nội,7689261356494753076,ngcahn05,https://www.tiktok.com/@ngcahn05/video/7689261356494753076,"Bún chả ngon khu vực Hà Đông, Phênika, Yên Nghĩa, Đại Nam ...","Bún chả ngon khu vực Hà Đông, Phênika, Yên Nghĩa, Đại Nam. Nội dung mô tả mời ghé quán: người đăng giới thiệu quán bún chả tại khu vực Hà Đông và liệt kê Phênika, Yên Nghĩa, Đại Nam, đồng thời mời người xem muốn thử thì ghé quán. Các hashtag kèm theo là #trending, #xuhuong và #bunchahanoi."
Yên Nghĩa,Hà Nội,quán ăn ở Yên Nghĩa Hà Nội,7686329645200870664,taphoa_2688,https://www.tiktok.com/@taphoa_2688/video/7686329645200870664,hiện tại ở yên nghĩa hà đông #lũlụt #bien #view #hashtag # ...,"Video TikTok từ Tạp Hoá 2688 (@taphoa_2688): ""hiện tại ở yên nghĩa hà đông #lũlụt #bien #view #hashtag #giaothongvanminh"".KHU VỰC YÊN NGHĨA NƯỚC NGẬP NGANG BỤNG âm thanh gốc - Tạp Hoá 2688."
Yên Nghĩa,Hà Nội,quán ăn ở Yên Nghĩa Hà Nội,7688204989646294293,vulangthangne,https://www.tiktok.com/@vulangthangne/video/7688204989646294293,Phát Hiện quán ăn mới ngay hẽm Hội Nghĩa 07 dành cho mấy bạn ...,"759 Lượt thích,65 Bình luận.Video TikTok từ Vũ Lang Thang (@vulangthangne): ""Phát Hiện quán ăn mới ngay hẽm Hội Nghĩa 07 dành cho mấy bạn Tân Uyên nè #hoinghia #haisan #vulangthang"".âm thanh gốc - Vũ Lang Thang."
Yên Nghĩa,Hà Nội,quán ăn ở Yên Nghĩa Hà Nội,7283898119211846913,langthangcafe,https://www.tiktok.com/@langthangcafe/video/7283898119211846913,Quán Cafe Yên: Vibe Chill Hà Nội Đẹp Nhất | TikTok#xuhuong - TikTok,"Sep 28, 2023 · 395 Lượt thích,Video TikTok từ Lang Thang Cafe (@langthangcafe): ""Khám phá quán cafe Yên tại Hà Nội với không gian xanh mát và trong lành. Một địa điểm lý tưởng cho những lúc thư giãn! #cafe #coffeee #reviewcafe"". xuhuong |520.9M bài đăng Xem video mới nhất về #xuhuong trên TikTok."
Phú Lương,Hà Nội,quán ăn ở Phú Lương Hà Nội,7006467767717203206,,https://www.tiktok.com/@/_sauce90/video/7006467767717203206,TikTok,TikTok for GoodAdvertiseSell on TikTok ShopTikTok LIVE Creator NetworksDevelopersTransparencyTikTok EmbedsSoundOn Music DistributionTikTok LiveTikTok Shop
Phú Lương,Hà Nội,quán ăn ở Phú Lương Hà Nội,7208702356110740742,,https://support16-normal-useast1a.tiktok.com/@/video/7208702356110740742,support16-normal-useast1a.tiktok.com,support16-normal-useast1a.tiktok.com
Phú Lương,Hà Nội,quán ăn ở Phú Lương Hà Nội,7345623727712914720,,https://www.tiktok.com/@/video/7345623727712914720,TikTok - Make Your Day,Log in to TikTok This post may not be comfortable for some audiences. Log in to make the most of your experience.
Phú Lương,Hà Nội,quán ăn ở Phú Lương Hà Nội,7470274605895372078,,https://www.tiktok.com/@/video/7470274605895372078,TikTok - Make Your Day,"This account is private Looking for videos? Try browsing our trending creators, hashtags, and sounds."
Phú Lương,Hà Nội,quán ăn ở Phú Lương Hà Nội,6925497998071860485,,https://www.tiktok.com/@/video/6925497998071860485/,TikTok - Make Your Day,ไม่มีหน้านี้อยู่ ขออภัยด้วย โปรดลองอีกครั้งในภายหลัง ลอง ...
Phú Lương,Hà Nội,quán ăn ở Phú Lương Hà Nội,7478252931154955566,,https://www.tiktok.com/video/7478252931154955566,TikTok,6 days ago · TikTok ... TikTok
Phú Lương,Hà Nội,quán ăn ở Phú Lương Hà Nội,7672401248074714389,,https://www.tiktok.com/video/7672401248074714389,TikTok,4 0 4 Couldn't find this page Check out more trending videos on TikTok Watch now
Phú Lương,Hà Nội,quán ăn ở Phú Lương Hà Nội,7237950557153955098,,https://www.tiktok.com/video/7237950557153955098,TikTok,4 0 4 Couldn't find this page Check out more trending videos on TikTok Watch now
Phú Lương,Hà Nội,quán ăn ở Phú Lương Hà Nội,7471313349448305950,,https://www.tiktok.com/video/7471313349448305950,302 Found - TikTok,302 Found 302 Found TLB
Phú Lương,Hà Nội,quán ăn ở Phú Lương Hà Nội,7689059951183924486,nuongluphuongdop,https://www.tiktok.com/@nuongluphuongdop/video/7689059951183924486,"Hv Hà Nội ngày bán 70 kg thịt #phuongdop | TikTok#xuhuong gỏi cá hà tây 84 nguyễn trực phú lương hà đông xin ...Review Chi Phí Sinh Bệnh Viện Thuỵ Điển | TikTokLinh Đồng Các Tên Truyện Trúng Độc Pheromone Của Kẻ Thù Hướng ...TikTok - Make Your DayGà nướng lu 672 Láng — Quán gà nướng nổi tiếng ở Hà Nội | TikTokHun Garden Hà Nội – Quán ăn ngon ở Thanh Xuân, Lê Văn Lương ...","806 Lượt thích,Video TikTok từ Nướng Lu Phương Đốp (@nuongluphuongdop): ""Hv Hà Nội ngày bán 70 kg thịt #phuongdop"".Hv Hà Nội ngày bán 70 kg thịtâm thanh gốc - Nướng Lu Phương Đốp. Video TikTok từ Huỳnh Chef (@anhdaubep9x8): ""#xuhuong gỏi cá hà tây 84 nguyễn trực phú lương hà đông xin chào ae thần cồn 😎 #goicahatay #chefhuynh"".original sound - Phương Ly Trần. Sep 21, 2026 · 3.4M bài đăng. Hãy khám phá video liên quan đến Review Chi Phí Sinh Bệnh Viện Thuỵ Điển trên TikTok. Sep 21, 2026 · 6.2M bài đăng. Hãy khám phá video liên quan đến Linh Đồng Các Tên Truyện Trúng Độc Pheromone Của Kẻ Thù Hướng Dẫn Nghe Đầy Đủ Tại Tiểu Sử trên TikTok. TikTok - trends start here. On a device or on the web, viewers can watch and discover millions of personalized short videos. Download the app to get started. Lead Gà nướng lu 672 Láng là điểm ăn được nhắc đến với phong cách gà nướng lu đặc trưng, thu hút thực khách quanh khu vực Láng và toàn Hà Nội. Tên quán thường xuất hiện cùng hashtag #ganuonglu #lang #toinayangi #gaquay. Q: Hun Garden có địa chỉ ở đâu tại Hà Nội? A: Hun Garden nằm tại số 31A Lê Văn Lương, Hà Nội, thuộc khu vực Thanh Xuân. Q: Hun Garden phù hợp với dịp nào? A: Hun Garden là địa điểm lý tưởng để đi cùng gia đình, bạn bè hoặc đồng nghiệp, thích hợp cho các buổi tụ họp."
Phú Lương,Hà Nội,quán ăn ở Phú Lương Hà Nội,7594337300038077703,anhdaubep9x8,https://www.tiktok.com/@anhdaubep9x8/video/7594337300038077703,#xuhuong gỏi cá hà tây 84 nguyễn trực phú lương hà đông xin ...,"Video TikTok từ Huỳnh Chef (@anhdaubep9x8): ""#xuhuong gỏi cá hà tây 84 nguyễn trực phú lương hà đông xin chào ae thần cồn 😎 #goicahatay #chefhuynh"".original sound - Phương Ly Trần."
Phú Lương,Hà Nội,quán ăn ở Phú Lương Hà Nội,7679722326363016468,longun83,https://www.tiktok.com/@longun83/video/7679722326363016468,Gà nướng lu 672 Láng — Quán gà nướng nổi tiếng ở Hà Nội | TikTok,"Lead Gà nướng lu 672 Láng là điểm ăn được nhắc đến với phong cách gà nướng lu đặc trưng, thu hút thực khách quanh khu vực Láng và toàn Hà Nội. Tên quán thường xuất hiện cùng hashtag #ganuonglu #lang #toinayangi #gaquay."
Phú Lương,Hà Nội,quán ăn ở Phú Lương Hà Nội,7671603582231268629,ncthuc,https://www.tiktok.com/@ncthuc/video/7671603582231268629,"Hun Garden Hà Nội – Quán ăn ngon ở Thanh Xuân, Lê Văn Lương ...","Q: Hun Garden có địa chỉ ở đâu tại Hà Nội? A: Hun Garden nằm tại số 31A Lê Văn Lương, Hà Nội, thuộc khu vực Thanh Xuân. Q: Hun Garden phù hợp với dịp nào? A: Hun Garden là địa điểm lý tưởng để đi cùng gia đình, bạn bè hoặc đồng nghiệp, thích hợp cho các buổi tụ họp."
Bắc Kạn,Thái Nguyên,quán ăn ở Bắc Kạn Thái Nguyên,7675661622035189010,thainguyentrend.vn,https://www.tiktok.com/@thainguyentrend.vn/video/7675661622035189010,Đồn Đèn Bắc Kạn: Điểm du lịch lễ hội phù hợp ở Thái Nguyên ...,"Thông tin trung tâm - Tên gợi ý: Đồn Đèn (Bắc Kạn). - Liên quan vùng: Bắc Kạn, được hỏi trong bối cảnh người xem ở Thái Nguyên quan tâm tới địa điểm lễ. Vì sao người Thái Nguyên quan tâm - Khoảng cách di chuyển ngắn, phù hợp chuyến du lịch ngắn ngày trong dịp lễ."
Bắc Kạn,Thái Nguyên,quán ăn ở Bắc Kạn Thái Nguyên,7675372376984456469,aemienbacno11,https://www.tiktok.com/@aemienbacno11/video/7675372376984456469,Hoàng Trà Giang 212 Bắc Kạn (cũ) Thái Nguyên #no1mienbac | TikTok,"876 Lượt thích,27 Bình luận.Video TikTok từ no1 Miền Bắc bộ ️ (@aemienbacno11): ""Hoàng Trà Giang 212 Bắc Kạn (cũ) Thái Nguyên #no1mienbac"".âm thanh gốc - no1 Miền Bắc bộ ️."
Bắc Kạn,Thái Nguyên,quán ăn ở Bắc Kạn Thái Nguyên,7279020011212098834,monngonthainguyen,https://www.tiktok.com/@monngonthainguyen/video/7279020011212098834,Khám Phá Phở Ngốt Đặc Sản Bắc Kạn Tại Thái Nguyên | TikTok,"Sep 15, 2023 · 119 Lượt thích,25 Bình luận.Video TikTok từ Món Ngon Bản Thái ️ (@monngonthainguyen): ""Cùng tìm hiểu phở ngốt độc đáo tại số 91 Hoàng Ngân, Thái Nguyên với hương vị đặc biệt!"
Bắc Kạn,Thái Nguyên,quán ăn ở Bắc Kạn Thái Nguyên,7666798388964363540,vanhbackan,https://www.tiktok.com/@vanhbackan/video/7666798388964363540,Ở Bắc Kạn các bác hay ăn thịt xiên nướng ở đâu thế ạ? # ...,Ở Bắc Kạn các bác hay ăn thịt xiên nướng ở đâu thế ạ? #vanhdichoi #backan #backan97 #dulichvietnam #thainguyen âm thanh gốc - ThahTrung
Bắc Kạn,Thái Nguyên,quán ăn ở Bắc Kạn Thái Nguyên,7528989993843494152,_troosismeee,https://www.tiktok.com/@_troosismeee/video/7528989993843494152,Top Quán Ăn Ngon Ở Thái Nguyên Không Thể Bỏ Lỡ | TikTok,"Jul 20, 2025 · Khám phá những món ăn tuyệt vời tại Thái Nguyên qua video này! Tìm hiểu ngay để không bỏ lỡ. Đây là bản tóm tắt nội dung do AI tạo và không nhằm mục đích cung cấp ngữ cảnh thực tế."
Bắc Kạn,Thái Nguyên,quán ăn ở Bắc Kạn Thái Nguyên,7608959765800045842,thuhang1806,https://www.tiktok.com/@thuhang1806/video/7608959765800045842,Hết Tết: Thời Điểm Đi Kiếm Ăn Tại Bắc Kạn | TikTok,"Khám phá cuộc sống sau Tết với những trải nghiệm kiếm ăn thú vị tại Bắc Kạn và Thái Nguyên! #97bắckạn #TháiNguyên Keywords: cuộc sống Bắc Kạn, kiếm ăn sau Tết, trải nghiệm thú vị, Tết ở Thái Nguyên, cuộc sống sau Tết, văn hóa miền Bắc, khám phá Bắc Kạn, ẩm thực ..."
Gia Sàng,Thái Nguyên,quán ăn ở Gia Sàng Thái Nguyên,7528989993843494152,_troosismeee,https://www.tiktok.com/@_troosismeee/video/7528989993843494152,Top Quán Ăn Ngon Ở Thái Nguyên Không Thể Bỏ Lỡ | TikTok,"Jul 20, 2025 · Khám phá những món ăn tuyệt vời tại Thái Nguyên qua video này! Tìm hiểu ngay để không bỏ lỡ. Đây là bản tóm tắt nội dung do AI tạo và không nhằm mục đích cung cấp ngữ cảnh thực tế."
Gia Sàng,Thái Nguyên,quán ăn ở Gia Sàng Thái Nguyên,7477149605201857810,odaycoanh1993,https://www.tiktok.com/@odaycoanh1993/video/7477149605201857810,"Quán Cơm Ngon Đường Bắc Sơn, Thái Nguyên | TikTokTikTok - Make Your DayĐồ ăn ngon gần Đại học Nông Lâm Thái Nguyên: Nướng 269K thử ...Địa điểm ăn chơi mới ở Thái Nguyên | TikTokTikTokTikTok","Hôm nay, Ánh muốn chia sẻ một địa điểm ăn cơm ""ruột"" của mình ở Thái Nguyên đó chính là quán ""Bếp Ngon"" ở đường Bắc Sơn (lô 2 Bắc Sơn). 🥰 Điều đặc biệt ở đây là đồ ăn rất vừa vị, tươi ngon, sạch sẽ và giá cả hợp lý. 👍 Những ai bận rộn không có thời ... TikTok - trends start here. On a device or on the web, viewers can watch and discover millions of personalized short videos. Download the app to get started. Dec 11, 2025 · Lead Video giới thiệu trải nghiệm món nướng giá 269K được thử bởi các bạn sinh viên Đại học Nông Lâm Thái Nguyên. Nội dung tập trung vào vị trí gần trường, mức giá, chất lượng đồ ăn và cảm nhận thực tế sau test. Vị trí và hướng dẫn Quán nằm gần khu vực Đại học Nông Lâm Thái Nguyên, thuận tiện cho ... Gợi ý địa điểm ăn chơi mới tại Thái Nguyên dành cho chị em Lead Một số địa điểm ăn uống, cà phê và điểm check-in mới đang thu hút chị em Thái Nguyên—từ quán ăn ngon, quán cà phê decor xinh đến bar, pub và những góc sống ảo thích hợp gặp gỡ bạn bè. ##$++3ÿÄ± 1! A"" 2Qqa B ‘bR¡r3Á4#± áÑð$sC5 c’²ñS‚â%ÂÒ ¢t 1! A 2Qaq"" 3¡ B b# ±Á ‘rð‚ cÑ4CRÿÀ R Þ "" ÿÚ ?ój é„5ª#Ûd ,Æ, q ... ÿØÿþ Lavc58.35.100ÿÛC $$""""**+33>ÿÄ½ ! A Q1 a""‘Ñ 2 qR“¡’±ÁST B#Òbá ‚3r¢C³Dð$sc4âñ5²Ãt£ÔÓƒd 1!Q Ñ a¢AqRS2“£’"" Á#r ±‘áb3C T ..."
Gia Sàng,Thái Nguyên,quán ăn ở Gia Sàng Thái Nguyên,7582553770052324629,nhihadayyy,https://www.tiktok.com/@nhihadayyy/video/7582553770052324629,Đồ ăn ngon gần Đại học Nông Lâm Thái Nguyên: Nướng 269K thử ...,"Dec 11, 2025 · Lead Video giới thiệu trải nghiệm món nướng giá 269K được thử bởi các bạn sinh viên Đại học Nông Lâm Thái Nguyên. Nội dung tập trung vào vị trí gần trường, mức giá, chất lượng đồ ăn và cảm nhận thực tế sau test. Vị trí và hướng dẫn Quán nằm gần khu vực Đại học Nông Lâm Thái Nguyên, thuận tiện cho ..."
Gia Sàng,Thái Nguyên,quán ăn ở Gia Sàng Thái Nguyên,7671211866462358792,bbitrinh3,https://www.tiktok.com/@bbitrinh3/video/7671211866462358792,Địa điểm ăn chơi mới ở Thái Nguyên | TikTok,"Gợi ý địa điểm ăn chơi mới tại Thái Nguyên dành cho chị em Lead Một số địa điểm ăn uống, cà phê và điểm check-in mới đang thu hút chị em Thái Nguyên—từ quán ăn ngon, quán cà phê decor xinh đến bar, pub và những góc sống ảo thích hợp gặp gỡ bạn bè."
Sơn Tây,Hà Nội,quán ăn ở Sơn Tây Hà Nội,7312069743949712642,tieumanthaune,https://www.tiktok.com/@tieumanthaune/video/7312069743949712642,Quán ăn ngon ở Sơn Tây: Review ngon miệng | TikTokBún cá chấm Sơn Tây — Review quán ăn ngon nên thử | TikTokBánh Tráng Khương Lụa - Quán Top Đầu Sơn Tây | TikTokĐường vào quán Kong Buffet Sơn Tây - hướng dẫn nhanh | TikTokBún sườn chua Sơn Tây - Quán ở 22B Phùng Khắc Khoan | TikTokCháo Sườn Đặc Biệt ở Sơn Tây – Trải Nghiệm Ẩm Thực | TikTokBánh Đa Cá Quả ngon nhất Hà Nội ở Sơn Tây | Review quán Thạch ...,"Dec 13, 2023 · Khám phá quán ăn ngon ở Sơn Tây, Hà Nội với món ngon hấp dẫn và độc đáo. Hãy thử ngay! #tieumanthau #LearnonTikTok #AnCungTikTok #TryItWithTikTok #vtmgr #xuhuong #viral #Xmas2023 #fyb #SonTay #reviewanngon #foodie #foodtiktok Nội dung nhấn vào đánh giá trực tiếp: hương vị, không khí quán và cảm nhận chung khi thưởng thức món bún cá chấm ở Sơn Tây. Thứ ba — Gợi ý khi thử bún cá chấm ở Sơn Tây - Thử ăn kèm rau sống và gia vị chấm để cân bằng vị. - Gợi ý cho người đến thử: Tìm theo từ khóa “quán ngon sơn tây”, “sơn tây ăn vặt ở đâu” để định vị quán; thử món bánh tráng Khương Lụa khi tới Thành Cổ Sơn Tây; quan sát cách quán trình bày và hỏi về loại bánh tráng đặc trưng nếu quan tâm hương vị truyền thống. Thân bài - Vị trí: Quán Kong Buffet nằm ở khu Sơn Tây, dễ tiếp cận với các biển hiệu và địa điểm xung quanh. Hình ảnh trong video cho thấy lối vào rõ ràng, thuận tiện cho người lần đầu tới. Quán bún này nằm trong hẻm trên phố Phùng Khắc Khoan, Sơn Tây (gần địa chỉ 22B Phùng Khắc Khoan). Vì ở trong hẻm nên không gian thường vắng, phù hợp cho ai muốn ăn một mình hoặc muốn tránh chỗ đông. 463 Lượt thích,28 Bình luận.Video TikTok từ Man Hải Sơn Tây (@manhaisontay): ""Khám phá quán cháo sườn đặc biệt tại Sơn Tây, thưởng thức nhiều topping hấp dẫn với giá chỉ 35k! #manhai #manhaisontay #sontay"". - Khuyến nghị: nếu ai ở Hà Nội hoặc đi Sơn Tây/Thạch Thất muốn ăn Bánh Đa Cá Quả, quán này được đề xuất mạnh mẽ. Kết luận và kêu gọi hành động Tóm lại, trải nghiệm Bánh Đa Cá Quả tại quán ở Sơn Tây/Thạch Thất được đánh giá rất cao — “ai ăn cũng mê”."
Sơn Tây,Hà Nội,quán ăn ở Sơn Tây Hà Nội,7683781108177063188,hoangngoctien,https://www.tiktok.com/@hoangngoctien/video/7683781108177063188,Bún cá chấm Sơn Tây — Review quán ăn ngon nên thử | TikTok,"Nội dung nhấn vào đánh giá trực tiếp: hương vị, không khí quán và cảm nhận chung khi thưởng thức món bún cá chấm ở Sơn Tây. Thứ ba — Gợi ý khi thử bún cá chấm ở Sơn Tây - Thử ăn kèm rau sống và gia vị chấm để cân bằng vị."
Sơn Tây,Hà Nội,quán ăn ở Sơn Tây Hà Nội,7670514371872771336,beatsontay1,https://www.tiktok.com/@beatsontay1/video/7670514371872771336,Bánh Tráng Khương Lụa - Quán Top Đầu Sơn Tây | TikTok,"- Gợi ý cho người đến thử: Tìm theo từ khóa “quán ngon sơn tây”, “sơn tây ăn vặt ở đâu” để định vị quán; thử món bánh tráng Khương Lụa khi tới Thành Cổ Sơn Tây; quan sát cách quán trình bày và hỏi về loại bánh tráng đặc trưng nếu quan tâm hương vị truyền thống."
Sơn Tây,Hà Nội,quán ăn ở Sơn Tây Hà Nội,7681871429226319122,kongbuffetsontay,https://www.tiktok.com/@kongbuffetsontay/video/7681871429226319122,Đường vào quán Kong Buffet Sơn Tây - hướng dẫn nhanh | TikTokBún sườn chua Sơn Tây - Quán ở 22B Phùng Khắc Khoan | TikTokCháo Sườn Đặc Biệt ở Sơn Tây – Trải Nghiệm Ẩm Thực | TikTokBánh Đa Cá Quả ngon nhất Hà Nội ở Sơn Tây | Review quán Thạch ...,"Thân bài - Vị trí: Quán Kong Buffet nằm ở khu Sơn Tây, dễ tiếp cận với các biển hiệu và địa điểm xung quanh. Hình ảnh trong video cho thấy lối vào rõ ràng, thuận tiện cho người lần đầu tới. Quán bún này nằm trong hẻm trên phố Phùng Khắc Khoan, Sơn Tây (gần địa chỉ 22B Phùng Khắc Khoan). Vì ở trong hẻm nên không gian thường vắng, phù hợp cho ai muốn ăn một mình hoặc muốn tránh chỗ đông. 463 Lượt thích,28 Bình luận.Video TikTok từ Man Hải Sơn Tây (@manhaisontay): ""Khám phá quán cháo sườn đặc biệt tại Sơn Tây, thưởng thức nhiều topping hấp dẫn với giá chỉ 35k! #manhai #manhaisontay #sontay"". - Khuyến nghị: nếu ai ở Hà Nội hoặc đi Sơn Tây/Thạch Thất muốn ăn Bánh Đa Cá Quả, quán này được đề xuất mạnh mẽ. Kết luận và kêu gọi hành động Tóm lại, trải nghiệm Bánh Đa Cá Quả tại quán ở Sơn Tây/Thạch Thất được đánh giá rất cao — “ai ăn cũng mê”."
Sơn Tây,Hà Nội,quán ăn ở Sơn Tây Hà Nội,7657810478646709524,hiu.hi.hm,https://www.tiktok.com/@hiu.hi.hm/video/7657810478646709524,Bún sườn chua Sơn Tây - Quán ở 22B Phùng Khắc Khoan | TikTok,"Quán bún này nằm trong hẻm trên phố Phùng Khắc Khoan, Sơn Tây (gần địa chỉ 22B Phùng Khắc Khoan). Vì ở trong hẻm nên không gian thường vắng, phù hợp cho ai muốn ăn một mình hoặc muốn tránh chỗ đông."
Sơn Tây,Hà Nội,quán ăn ở Sơn Tây Hà Nội,7606900341841382677,manhaisontay,https://www.tiktok.com/@manhaisontay/video/7606900341841382677,Cháo Sườn Đặc Biệt ở Sơn Tây – Trải Nghiệm Ẩm Thực | TikTok,"463 Lượt thích,28 Bình luận.Video TikTok từ Man Hải Sơn Tây (@manhaisontay): ""Khám phá quán cháo sườn đặc biệt tại Sơn Tây, thưởng thức nhiều topping hấp dẫn với giá chỉ 35k! #manhai #manhaisontay #sontay""."
Sơn Tây,Hà Nội,quán ăn ở Sơn Tây Hà Nội,7661952939925277959,mokhoetthachthat,https://www.tiktok.com/@mokhoetthachthat/video/7661952939925277959,Bánh Đa Cá Quả ngon nhất Hà Nội ở Sơn Tây | Review quán Thạch ...,"- Khuyến nghị: nếu ai ở Hà Nội hoặc đi Sơn Tây/Thạch Thất muốn ăn Bánh Đa Cá Quả, quán này được đề xuất mạnh mẽ. Kết luận và kêu gọi hành động Tóm lại, trải nghiệm Bánh Đa Cá Quả tại quán ở Sơn Tây/Thạch Thất được đánh giá rất cao — “ai ăn cũng mê”."
Bá Xuyên,Thái Nguyên,quán ăn ở Bá Xuyên Thái Nguyên,7528989993843494152,_troosismeee,https://www.tiktok.com/@_troosismeee/video/7528989993843494152,Top Quán Ăn Ngon Ở Thái Nguyên Không Thể Bỏ Lỡ | TikTok,"Jul 20, 2025 · Khám phá những món ăn tuyệt vời tại Thái Nguyên qua video này! Tìm hiểu ngay để không bỏ lỡ. Đây là bản tóm tắt nội dung do AI tạo và không nhằm mục đích cung cấp ngữ cảnh thực tế."
Bá Xuyên,Thái Nguyên,quán ăn ở Bá Xuyên Thái Nguyên,7406552143999601936,angiangbietgireviewnay,https://www.tiktok.com/@angiangbietgireviewnay/video/7406552143999601936,"Khai trương nhà hàng Thái Lan đầu tiên tại Tp Long Xuyên, An ...","Aug 24, 2024 · Xin chào mn! Hãy cùng khám phá nhà hàng Thái đầu tiên tại Long Xuyên với những món ăn độc đáo tại Pann Thái! #quananlongxuyen #reviewlongxuyen #angiangbietgirewviewnay Đây là bản tóm tắt nội dung do AI tạo và không nhằm mục đích cung cấp ngữ cảnh thực tế."
Linh Sơn,Thái Nguyên,quán ăn ở Linh Sơn Thái Nguyên,7676404085272169749,theotrasanghan,https://www.tiktok.com/@theotrasanghan/video/7676404085272169749,"Đánh giá đồ ăn Lý Sơn: đặc sản, quán ngon và trải nghiệm 2026 ...",Kết luận Đồ ăn Lý Sơn được đánh giá cao nhờ nguồn nguyên liệu tươi từ biển và gia vị địa phương như tỏi Lý Sơn. Du khách nên thử hải sản tươi chế biến đơn giản và hỏi người địa phương về quán ngon để có trải nghiệm ẩm thực trọn vẹn.
Linh Sơn,Thái Nguyên,quán ăn ở Linh Sơn Thái Nguyên,7477149605201857810,odaycoanh1993,https://www.tiktok.com/@odaycoanh1993/video/7477149605201857810,"Quán Cơm Ngon Đường Bắc Sơn, Thái Nguyên | TikTokTop Quán Ăn Ngon Ở Thái Nguyên Không Thể Bỏ Lỡ | TikTokTikTokTikTok","Hôm nay, Ánh muốn chia sẻ một địa điểm ăn cơm ""ruột"" của mình ở Thái Nguyên đó chính là quán ""Bếp Ngon"" ở đường Bắc Sơn (lô 2 Bắc Sơn). 🥰 Điều đặc biệt ở đây là đồ ăn rất vừa vị, tươi ngon, sạch sẽ và giá cả hợp lý. 👍 Những ai bận rộn không có thời ... Jul 20, 2025 · Khám phá những món ăn tuyệt vời tại Thái Nguyên qua video này! Tìm hiểu ngay để không bỏ lỡ. Đây là bản tóm tắt nội dung do AI tạo và không nhằm mục đích cung cấp ngữ cảnh thực tế. TikTok ÿÄ] ’ S 1 a!qQ¡r ÿÀ Ð "" ÿÚ ?óøßË ð ¿“À`¯ ž ( øx áâ€G‚üdë‘³¯Œð ~a¾j ×ýB|þ *uH6!¿˜ ŠüÁù€H¯Ì ˜ ŠüÃ'P` ¼ Šñ¾@ _ y ³ýK 'hbçâ ã| :øÅ²u €* ¨ €'oªNßA€ †4 6„;@0 …À'o¬nßX° “ñ*Ÿ‰ T @ zz éè4 Lz™[6€H* ¨ €'oªNßA€ À ? í !pˆ\ vúÆíõ€ õ¨lLÀ*~!³>° ±° B€ OYë ¾³ÖßOX }=` ôõ€*'Ö ..."
Linh Sơn,Thái Nguyên,quán ăn ở Linh Sơn Thái Nguyên,7528989993843494152,_troosismeee,https://www.tiktok.com/@_troosismeee/video/7528989993843494152,Top Quán Ăn Ngon Ở Thái Nguyên Không Thể Bỏ Lỡ | TikTok,"Jul 20, 2025 · Khám phá những món ăn tuyệt vời tại Thái Nguyên qua video này! Tìm hiểu ngay để không bỏ lỡ. Đây là bản tóm tắt nội dung do AI tạo và không nhằm mục đích cung cấp ngữ cảnh thực tế."
Tùng Thiện,Hà Nội,quán ăn ở Tùng Thiện Hà Nội,7670566981250075922,tung5ty,https://www.tiktok.com/@tung5ty/video/7670566981250075922,Bún chả Hà Nội: Ăn nhẹ bát bún chả chan tại Tùng Hành | TikTok,"Với những ai tìm bún chả Hà Nội đúng chất, thử bún chả chan tại Tùng Hành là lựa chọn đáng cân nhắc. Bạn đã thử bún chả chan ở Tùng Hành chưa? Chia sẻ cảm nhận để biết chỗ này có hợp khẩu vị bạn không."
Tùng Thiện,Hà Nội,quán ăn ở Tùng Thiện Hà Nội,7601137291028909332,cungminhdiankhapmoinoi,https://www.tiktok.com/@cungminhdiankhapmoinoi/video/7601137291028909332,"Cơm Gà Má Phụng ngon ở Tùng Thiện Vương, Quận 8 | TikTokRed Bull Húc Fest 2026 Danh Sách Nghệ Sĩ | TikTokReview Quán Ăn Nhậu Tùng Đối Diện Nguyễn Văn Tuyết | TikTokKhám Phá Quán Lòng Ở Phố Tôn Thất Tùng | TikTokCơm Gà Má Phụng - Địa Chỉ Bán Đầu Tiên Tại Tùng Thiện Vương ...Vịt Quay Tỳ Bà Da Giòn - Đặc Sản Tùng Thiện Vương | TikTok","Đây là bản tóm tắt nội dung do AI tạo và không nhằm mục đích cung cấp ngữ cảnh thực tế. Nếu bạn cho rằng tóm tắt có thể có lỗi, vui lòng báo cáo tại: Phản hồi và trợ giúp - TikTok Sep 21, 2026 · 92.2M bài đăng. Hãy khám phá video liên quan đến Red Bull Húc Fest 2026 Danh Sách Nghệ Sĩ trên TikTok. Dec 5, 2022 · Đây là bản tóm tắt nội dung do AI tạo và không nhằm mục đích cung cấp ngữ cảnh thực tế. Nếu bạn cho rằng tóm tắt có thể có lỗi, vui lòng báo cáo tại: Phản hồi và trợ giúp - TikTok Apr 16, 2025 · 628 Lượt thích,Video TikTok từ Brendan Thanh Tra Đồ Ăn (@thanhtrabrendan): ""Tìm hiểu quán lòng nổi tiếng tại phố Tôn Thất Tùng. Xem thực đơn và cảm nhận ẩm thực Hà Nội tuyệt vời.#thanhtrabrendan #hanoi #longchat #food"". Jul 19, 2023 · Khám phá cơm gà má Phụng nổi tiếng với topping phong phú, giá rẻ và ngon miệng tại quận 8. Đến ngay 379 Tùng Thiện Vương để thưởng thức nha! #learnontiktok #ancungtiktok #tinhtungtang Dec 24, 2025 · Khám phá vịt quay tỳ bà da giòn tại Tùng Thiện Vương, trải nghiệm ẩm thực đặc sắc với hương vị thơm ngon! #vitquaydagion #xuhuong #vitquaydagionthienvuong"
Tùng Thiện,Hà Nội,quán ăn ở Tùng Thiện Hà Nội,7173604513511673115,hanjiun,https://www.tiktok.com/@hanjiun/video/7173604513511673115,Review Quán Ăn Nhậu Tùng Đối Diện Nguyễn Văn Tuyết | TikTokKhám Phá Quán Lòng Ở Phố Tôn Thất Tùng | TikTokCơm Gà Má Phụng - Địa Chỉ Bán Đầu Tiên Tại Tùng Thiện Vương ...Vịt Quay Tỳ Bà Da Giòn - Đặc Sản Tùng Thiện Vương | TikTok,"Dec 5, 2022 · Đây là bản tóm tắt nội dung do AI tạo và không nhằm mục đích cung cấp ngữ cảnh thực tế. Nếu bạn cho rằng tóm tắt có thể có lỗi, vui lòng báo cáo tại: Phản hồi và trợ giúp - TikTok Apr 16, 2025 · 628 Lượt thích,Video TikTok từ Brendan Thanh Tra Đồ Ăn (@thanhtrabrendan): ""Tìm hiểu quán lòng nổi tiếng tại phố Tôn Thất Tùng. Xem thực đơn và cảm nhận ẩm thực Hà Nội tuyệt vời.#thanhtrabrendan #hanoi #longchat #food"". Jul 19, 2023 · Khám phá cơm gà má Phụng nổi tiếng với topping phong phú, giá rẻ và ngon miệng tại quận 8. Đến ngay 379 Tùng Thiện Vương để thưởng thức nha! #learnontiktok #ancungtiktok #tinhtungtang Dec 24, 2025 · Khám phá vịt quay tỳ bà da giòn tại Tùng Thiện Vương, trải nghiệm ẩm thực đặc sắc với hương vị thơm ngon! #vitquaydagion #xuhuong #vitquaydagionthienvuong"
Tùng Thiện,Hà Nội,quán ăn ở Tùng Thiện Hà Nội,7493882003893308679,thanhtrabrendan,https://www.tiktok.com/@thanhtrabrendan/video/7493882003893308679,Khám Phá Quán Lòng Ở Phố Tôn Thất Tùng | TikTok,"Apr 16, 2025 · 628 Lượt thích,Video TikTok từ Brendan Thanh Tra Đồ Ăn (@thanhtrabrendan): ""Tìm hiểu quán lòng nổi tiếng tại phố Tôn Thất Tùng. Xem thực đơn và cảm nhận ẩm thực Hà Nội tuyệt vời.#thanhtrabrendan #hanoi #longchat #food""."
Tùng Thiện,Hà Nội,quán ăn ở Tùng Thiện Hà Nội,7257366573273435398,tinhtungtangvn,https://www.tiktok.com/@tinhtungtangvn/video/7257366573273435398,Cơm Gà Má Phụng - Địa Chỉ Bán Đầu Tiên Tại Tùng Thiện Vương ...Vịt Quay Tỳ Bà Da Giòn - Đặc Sản Tùng Thiện Vương | TikTok,"Jul 19, 2023 · Khám phá cơm gà má Phụng nổi tiếng với topping phong phú, giá rẻ và ngon miệng tại quận 8. Đến ngay 379 Tùng Thiện Vương để thưởng thức nha! #learnontiktok #ancungtiktok #tinhtungtang Dec 24, 2025 · Khám phá vịt quay tỳ bà da giòn tại Tùng Thiện Vương, trải nghiệm ẩm thực đặc sắc với hương vị thơm ngon! #vitquaydagion #xuhuong #vitquaydagionthienvuong"
Tùng Thiện,Hà Nội,quán ăn ở Tùng Thiện Hà Nội,7587302972359462165,vitquaydagionthienvuong,https://www.tiktok.com/@vitquaydagionthienvuong/video/7587302972359462165,Vịt Quay Tỳ Bà Da Giòn - Đặc Sản Tùng Thiện Vương | TikTok,"Dec 24, 2025 · Khám phá vịt quay tỳ bà da giòn tại Tùng Thiện Vương, trải nghiệm ẩm thực đặc sắc với hương vị thơm ngon! #vitquaydagion #xuhuong #vitquaydagionthienvuong"
Đông Kinh,Lạng Sơn,quán ăn ở Đông Kinh Lạng Sơn,7659069373847440658,hieusinsu,https://www.tiktok.com/@hieusinsu/video/7659069373847440658,Phở ngon ở Chợ Đông Kinh Lạng Sơn — Quán phở lâu đời & đáng ...,"Một trong những quán phở ngon khu vực Chợ Đông Kinh - Lạng Sơn. Video/clip này giới thiệu trải nghiệm ăn phở tại một quán quen thuộc ở khu vực chợ, nơi nổi tiếng với phở xương, phở gà và các biến thể như phở xào, phở cuốn."
Đông Kinh,Lạng Sơn,quán ăn ở Đông Kinh Lạng Sơn,7635578748020067591,hieusinsu,https://www.tiktok.com/@hieusinsu/video/7635578748020067591,Cơm huyền -cơm bình dân cổng chợ đông kinh lạng sơn # ...,"216 Lượt thích,Video TikTok từ Hiếu Sìn Sú (@hieusinsu): ""Cơm huyền -cơm bình dân cổng chợ đông kinh lạng sơn #hieusinsu #langsonangiodau #viral #foodreviewlangson #amthucxulang @Sinsustore"".Lạng sơn ăn gì ? Ở đâu âm thanh gốc - Hiếu Sìn Sú."
Đông Kinh,Lạng Sơn,quán ăn ở Đông Kinh Lạng Sơn,7497529785896209682,ngai_public,https://www.tiktok.com/@ngai_public/video/7497529785896209682,Khám Phá Phở Thảo Luân - Đặc Sản Lạng Sơn | TikTokKhám Phá Quán Ăn Ngon Tại Lạng Sơn | TikTokQuán ăn đêm ở Lạng Sơn: gợi ý ăn khuya một mình | TikTokQuán nướng mang về đông khách nhất ở Lạng Sơn | TikTok,"Apr 26, 2025 · Khám phá hương vị đặc biệt của phở bò tại Thảo Luân ở Lạng Sơn. Bạn sẽ không muốn bỏ lỡ điều này! #langson #angiolangson #foodtourlangson #reviewlangson #pho #pholangson Aug 12, 2025 · 603 Lượt thích,Video TikTok từ Đạt thích đu đưa (@datthichdudua): ""Quán với không gian rộng rãi và món ăn hấp dẫn cho anh em Lạng Sơn. Đến và thưởng thức những món ăn tuyệt vời! #langson #datthichdudua #reviewlangson #angiolangson #amthuclangson"". Lead Bạn đang tìm quán ăn đêm ở Lạng Sơn để tiếp tục sê-ri ăn khuya một mình? Dưới đây là gợi ý những kiểu quán và món nên thử khi đi ăn đêm ở thành phố này, kèm lưu ý về không gian và món phổ biến. Giới thiệu quán và bối cảnh Quán nằm tại Lạng Sơn, chuyên phục vụ đồ nướng dạng mang về. Nội dung nhấn mạnh quán đông khách, phù hợp cho người muốn ăn nhanh hoặc đặt mang về tụ tập."
Đông Kinh,Lạng Sơn,quán ăn ở Đông Kinh Lạng Sơn,7537715073305890056,datthichdudua,https://www.tiktok.com/@datthichdudua/video/7537715073305890056,Khám Phá Quán Ăn Ngon Tại Lạng Sơn | TikTokQuán ăn đêm ở Lạng Sơn: gợi ý ăn khuya một mình | TikTokQuán nướng mang về đông khách nhất ở Lạng Sơn | TikTok,"Aug 12, 2025 · 603 Lượt thích,Video TikTok từ Đạt thích đu đưa (@datthichdudua): ""Quán với không gian rộng rãi và món ăn hấp dẫn cho anh em Lạng Sơn. Đến và thưởng thức những món ăn tuyệt vời! #langson #datthichdudua #reviewlangson #angiolangson #amthuclangson"". Lead Bạn đang tìm quán ăn đêm ở Lạng Sơn để tiếp tục sê-ri ăn khuya một mình? Dưới đây là gợi ý những kiểu quán và món nên thử khi đi ăn đêm ở thành phố này, kèm lưu ý về không gian và món phổ biến. Giới thiệu quán và bối cảnh Quán nằm tại Lạng Sơn, chuyên phục vụ đồ nướng dạng mang về. Nội dung nhấn mạnh quán đông khách, phù hợp cho người muốn ăn nhanh hoặc đặt mang về tụ tập."
Đông Kinh,Lạng Sơn,quán ăn ở Đông Kinh Lạng Sơn,7652405160030784776,uniee66,https://www.tiktok.com/@uniee66/video/7652405160030784776,Quán ăn đêm ở Lạng Sơn: gợi ý ăn khuya một mình | TikTok,"Lead Bạn đang tìm quán ăn đêm ở Lạng Sơn để tiếp tục sê-ri ăn khuya một mình? Dưới đây là gợi ý những kiểu quán và món nên thử khi đi ăn đêm ở thành phố này, kèm lưu ý về không gian và món phổ biến."
Đông Kinh,Lạng Sơn,quán ăn ở Đông Kinh Lạng Sơn,7676096653748735253,thodialangson12,https://www.tiktok.com/@thodialangson12/video/7676096653748735253,Quán nướng mang về đông khách nhất ở Lạng Sơn | TikTok,"Giới thiệu quán và bối cảnh Quán nằm tại Lạng Sơn, chuyên phục vụ đồ nướng dạng mang về. Nội dung nhấn mạnh quán đông khách, phù hợp cho người muốn ăn nhanh hoặc đặt mang về tụ tập."
Dương Nội,Hà Nội,quán ăn ở Dương Nội Hà Nội,7529894237345680648,nguoingonanngon,https://www.tiktok.com/@nguoingonanngon/video/7529894237345680648,Khám Phá Quán Ăn Đêm Hoàng Dương Ở Hà Nội | TikTok,"1656 Lượt thích,67 Bình luận.Video TikTok từ Người ngon thích ăn ngon 🤭 (@nguoingonanngon): ""Thưởng thức các món ngon độc lạ như mì xào trứng Nhật và hải sản chua cay tại quán Hoàng Dương. #reviewanngon #hanoifood #nguoingonanngon""."
Dương Nội,Hà Nội,quán ăn ở Dương Nội Hà Nội,7507076920815717640,a_lu_o_sapa,https://www.tiktok.com/@a_lu_o_sapa/video/7507076920815717640,"Khai Trương Nhà Hàng Thắng Cố Ngựa A Lử Tại Hà Nội | TikToknotes.tiktok.comLẩu Ếch Ngon Nhất KĐT Dương Nội và An Hưng | TikTokSoft Opening Hanashi Dương Nội - Đón Chờ Sự Khám Phá | TikTokHà Nội Ăn Gì ? (@hanoiangi) | TikTok𝐒𝐨𝐨𝐥𝐞́𝐚 𝐂𝐨𝐟𝐟𝐞𝐞 ☕️ K07-L20 Khu A, KĐT Dương Nội, Hà Đô...","🎉 KHAI TRƯƠNG NHÀ HÀNG THẮNG CỐ NGỰA A LỬ – CƠ SỞ DƯƠNG NỘI, HÀ NỘI 🎉📅 Từ ngày 31/5/2025, A Lử chính thức phục vụ thực khách thủ đô!🥘 Chuyên các món thịt ngựa đặc sắc: • Thắng cố ngựa chuẩn vị • Ngựa tái chanh, lẩu ngựa, ngựa nướng, xào, hấp…🔥 ... Nước mía trân châu ở Hà Trung nó cứ bị cuốn thế nào ý nhể #ther_nguyen_boc_food #ancungtiktok #learnontiktok #reviewanngon #vtmgr Ther Nguyen 0 lượt thích Chị chủ quán Mì trộn Indomie bắn ráp trấn động thật #ther_nguyen_boc_food #ancungtiktok #learnontiktok #reviewanngon #vtmgr Ther Nguyen 0 lượt ... Mar 31, 2024 · 977 Lượt thích,20 Bình luận.Video TikTok từ Mỏ Khoét & Ngon Hà Đông (@ngonhadong): ""Khám phá lẩu ếch thơm ngon tại An Phú Shop Villa, Dương Nội. Đến trải nghiệm ngay món ăn tuyệt hảo này! #lẩu #lẩuếch #ngon"". Apr 18, 2025 · Keywords: Hanashi Dương Nội, Soft Opening Hanashi, quán cà phê mới Hà Nội, khám phá ẩm thực mới, địa điểm uống cà phê tại Hà Nội, trải nghiệm hương vị cà phê, không gian quán cà phê độc đáo, nghệ thuật pha chế cà phê, sự kiện khai trương cà phê ở Hà Nội Hãy tham gia cùng 1M follower trên TikTok để xem nhiều nội dung vrmgr, hanoiangi, hnag hơn “Sooléa” là quán cafe với không gian vô cùng rộng rãi 3 tầng, toạ lạc trong căn biệt thự góc ở KĐT Dương Nội, đến quán chắc chắn bạn sẽ phải bật WOW 😱."
Dương Nội,Hà Nội,quán ăn ở Dương Nội Hà Nội,7352328009703116033,ngonhadong,https://www.tiktok.com/@ngonhadong/video/7352328009703116033,"Lẩu Ếch Ngon Nhất KĐT Dương Nội và An Hưng | TikTokSoft Opening Hanashi Dương Nội - Đón Chờ Sự Khám Phá | TikTokHà Nội Ăn Gì ? (@hanoiangi) | TikTok𝐒𝐨𝐨𝐥𝐞́𝐚 𝐂𝐨𝐟𝐟𝐞𝐞 ☕️ K07-L20 Khu A, KĐT Dương Nội, Hà Đô...","Mar 31, 2024 · 977 Lượt thích,20 Bình luận.Video TikTok từ Mỏ Khoét & Ngon Hà Đông (@ngonhadong): ""Khám phá lẩu ếch thơm ngon tại An Phú Shop Villa, Dương Nội. Đến trải nghiệm ngay món ăn tuyệt hảo này! #lẩu #lẩuếch #ngon"". Apr 18, 2025 · Keywords: Hanashi Dương Nội, Soft Opening Hanashi, quán cà phê mới Hà Nội, khám phá ẩm thực mới, địa điểm uống cà phê tại Hà Nội, trải nghiệm hương vị cà phê, không gian quán cà phê độc đáo, nghệ thuật pha chế cà phê, sự kiện khai trương cà phê ở Hà Nội Hãy tham gia cùng 1M follower trên TikTok để xem nhiều nội dung vrmgr, hanoiangi, hnag hơn “Sooléa” là quán cafe với không gian vô cùng rộng rãi 3 tầng, toạ lạc trong căn biệt thự góc ở KĐT Dương Nội, đến quán chắc chắn bạn sẽ phải bật WOW 😱."
Dương Nội,Hà Nội,quán ăn ở Dương Nội Hà Nội,7494596121285741832,hanashicoffee,https://www.tiktok.com/@hanashicoffee/video/7494596121285741832,Soft Opening Hanashi Dương Nội - Đón Chờ Sự Khám Phá | TikTok,"Apr 18, 2025 · Keywords: Hanashi Dương Nội, Soft Opening Hanashi, quán cà phê mới Hà Nội, khám phá ẩm thực mới, địa điểm uống cà phê tại Hà Nội, trải nghiệm hương vị cà phê, không gian quán cà phê độc đáo, nghệ thuật pha chế cà phê, sự kiện khai trương cà phê ở Hà Nội"
Cao Xanh,Quảng Ninh,quán ăn ở Cao Xanh Quảng Ninh,7006467767717203206,,https://www.tiktok.com/@/_sauce90/video/7006467767717203206,TikTok,TikTok for GoodAdvertiseSell on TikTok ShopTikTok LIVE Creator NetworksDevelopersTransparencyTikTok EmbedsSoundOn Music DistributionTikTok LiveTikTok Shop
Cao Xanh,Quảng Ninh,quán ăn ở Cao Xanh Quảng Ninh,7508542931364482312,,https://www.tiktok.com/@/video/7508542931364482312,TikTok - Make Your Day,TikTok - Make Your Day
Cao Xanh,Quảng Ninh,quán ăn ở Cao Xanh Quảng Ninh,7345623727712914720,,https://www.tiktok.com/@/video/7345623727712914720,TikTok - Make Your Day,Log in to TikTok This post may not be comfortable for some audiences. Log in to make the most of your experience.
Cao Xanh,Quảng Ninh,quán ăn ở Cao Xanh Quảng Ninh,7629635033145412884,bycodexgaming,https://www.tiktok.com/@bycodexgaming/video/7629635033145412884,TikTok,TikTok for GoodAdvertiseSell on TikTok ShopTikTok LIVE Creator NetworksDevelopersTransparencyTikTok EmbedsSoundOn Music DistributionTikTok LiveTikTok Shop
Cao Xanh,Quảng Ninh,quán ăn ở Cao Xanh Quảng Ninh,7470274605895372078,,https://www.tiktok.com/@/video/7470274605895372078,TikTok - Make Your Day,"This account is private Looking for videos? Try browsing our trending creators, hashtags, and sounds."
Cao Xanh,Quảng Ninh,quán ăn ở Cao Xanh Quảng Ninh,7044390184313507118,,https://www.tiktok.com/@/video/7044390184313507118,TikTok - Make Your Day,"Video currently unavailable Looking for videos? Try browsing our trending creators, hashtags, and sounds."
Cao Xanh,Quảng Ninh,quán ăn ở Cao Xanh Quảng Ninh,7612982828782882069,,https://www.tiktok.com/video/7612982828782882069,TikTok,TikTok ... TikTok
Cao Xanh,Quảng Ninh,quán ăn ở Cao Xanh Quảng Ninh,7243438444293246250,,https://www.tiktok.com/video/7243438444293246250,TikTok,Redirecting to /404?fromUrl=/video/7243438444293246250.
Cao Xanh,Quảng Ninh,quán ăn ở Cao Xanh Quảng Ninh,7228537491945540870,,https://www.tiktok.com/video/7228537491945540870,TikTok,Redirecting to /404?fromUrl=/video/7228537491945540870.
Chương Mỹ,Hà Nội,quán ăn ở Chương Mỹ Hà Nội,nbc-6-news,,https://www.nbcmiami.com/video/nbc-6-news/video-appears-to-show-blogger-perez-hilton-livestreaming-self-harm-on-tiktok/3842193/,Video appears to show blogger Perez Hilton livestreaming self ...TikTok Video Date Extractor: How to See the Exact Date of a ...Best TikTok Scrapers: Scrape Video & Profile DataTikTok Indonesia (@tiktokofficialindonesia) - Instagram,"Video appears to show blogger Perez Hilton livestreaming self-harm on TikTok Deputies responded to a home in Miami-Dade on Tuesday night after receiving multiple calls about a person livestreaming ... Find the exact date and time a TikTok video was published. Enhance the accuracy of your market research, content verification, and legal investigations with precise timestamps. Jul 24, 2026 · Compare the best TikTok scraper tools in 2026. Scrape TikTok video, profile, and user data with Python or API. Includes benchmark results and step-by-step code. 3M Followers, 118 Following, 1,387 Posts - See Instagram photos and videos from TikTok Indonesia (@tiktokofficialindonesia)"
Chương Mỹ,Hà Nội,quán ăn ở Chương Mỹ Hà Nội,7676817175058959637,thodiachuongmy1,https://www.tiktok.com/@thodiachuongmy1/video/7676817175058959637,Quán mỳ cay thập cẩm ngon nhất ở Chương Mỹ - review cuối ...,"Kết luận Quán là lựa chọn đáng thử ở Chương Mỹ cho người thích mỳ cay và muốn thử trà tắc xí muội ngon. Nếu cần chỉ dẫn chi tiết hơn (giá, giờ mở cửa, địa chỉ cụ thể), có thể xem video trong series hoặc đặt câu hỏi để nhận thêm thông tin từ người review."
Chương Mỹ,Hà Nội,quán ăn ở Chương Mỹ Hà Nội,7682767814435949845,congtungtrai,https://www.tiktok.com/@congtungtrai/video/7682767814435949845,Lasi Coffee Chương Mỹ: Quán như Đà Lạt ở Tiên Phương | TikTok,"Kết luận Lasi Coffee Chương Mỹ là lựa chọn hợp lý nếu bạn muốn trải nghiệm không gian giống Đà Lạt gần Hà Nội. Nếu bạn quan tâm địa chỉ cụ thể, giờ mở cửa hoặc menu, tìm kiếm “Lasi Coffee Chương Mỹ” sẽ cho thông tin chi tiết và hình ảnh do khách chia sẻ."
Chương Mỹ,Hà Nội,quán ăn ở Chương Mỹ Hà Nội,7647525417548533000,hoondecoffee25,https://www.tiktok.com/@hoondecoffee25/video/7647525417548533000,Quán cafe HoonDe Coffee ở Chương Mỹ Hà Nội — review nhanh ...,"Giới thiệu nhanh HoonDe Coffee nằm ở khu Chương Mỹ, Hà Nội, được nhắc tới như một điểm cafe thu hút xu hướng. Nội dung gốc tập trung vào cảm xúc bất ngờ, khuyến khích khám phá không gian và đồ uống của quán."
Chương Mỹ,Hà Nội,quán ăn ở Chương Mỹ Hà Nội,7370512422173560065,gianglangthangvn,https://www.tiktok.com/@gianglangthangvn/video/7370512422173560065,Quán Cafe View Ruộng Lúa Tại Chương Mỹ Hà Nội | TikTokReview Quán Cafe Đẹp Chương Mỹ: Bản Mõ Chill | TikTokThe Fellows Grill trở lại Chương Mỹ – quán ăn mở lại sau thời ...Jollibee Chúc Sơn Chuông Mỹ Hà Nội chính thức khai trương,"May 19, 2024 · 44.7K Lượt thích,2144 Bình luận.Video TikTok từ Giang Lang Thang 🇻🇳 (@gianglangthangvn): ""Khám phá quán cafe giữa đồng lúa đẹp nhất Chương Mỹ Hà Nội. Tận hưởng không gian thư giãn, món ngon và cảnh đẹp tại đây. #hanoi #dulich #checkinhanoi"". Khám phá Bản Mõ Cafe, quán cafe đẹp trên đỉnh núi Chương Mỹ với view triệu đô và không gian mộc mạc, sang chảnh. Thưởng thức cà phê muối và lấy lại năng lượng. #review #30days #congkhothuy The Fellows Grill vừa chính thức quay trở lại Chương Mỹ sau một thời gian tạm ở ẩn để làm lại từ đầu. Tin này báo hiệu quán sẽ mở cửa trở lại, tiếp tục phục vụ khách hàng tại khu vực Chương Mỹ. Jollibee Chúc Sơn Chuông Mỹ Hà Nội chính thức khai trương Lead Jollibee Chúc Sơn (huyện Chương Mỹ, Hà Nội) chính thức khai trương — tin tức được chia sẻ kèm hashtag #jollibee #jollibeevietnam #chucson #chuongmy."
Chương Mỹ,Hà Nội,quán ăn ở Chương Mỹ Hà Nội,7629566125445156116,congkhothuy,https://www.tiktok.com/@congkhothuy/video/7629566125445156116,Review Quán Cafe Đẹp Chương Mỹ: Bản Mõ Chill | TikTok,"Khám phá Bản Mõ Cafe, quán cafe đẹp trên đỉnh núi Chương Mỹ với view triệu đô và không gian mộc mạc, sang chảnh. Thưởng thức cà phê muối và lấy lại năng lượng. #review #30days #congkhothuy"
Chương Mỹ,Hà Nội,quán ăn ở Chương Mỹ Hà Nội,7671980787423513876,lasicoffeebistro,https://www.tiktok.com/@lasicoffeebistro/video/7671980787423513876,The Fellows Grill trở lại Chương Mỹ – quán ăn mở lại sau thời ...,"The Fellows Grill vừa chính thức quay trở lại Chương Mỹ sau một thời gian tạm ở ẩn để làm lại từ đầu. Tin này báo hiệu quán sẽ mở cửa trở lại, tiếp tục phục vụ khách hàng tại khu vực Chương Mỹ."
Chương Mỹ,Hà Nội,quán ăn ở Chương Mỹ Hà Nội,7659362499703180564,tohieu8h,https://www.tiktok.com/@tohieu8h/video/7659362499703180564,Jollibee Chúc Sơn Chuông Mỹ Hà Nội chính thức khai trương,"Jollibee Chúc Sơn Chuông Mỹ Hà Nội chính thức khai trương Lead Jollibee Chúc Sơn (huyện Chương Mỹ, Hà Nội) chính thức khai trương — tin tức được chia sẻ kèm hashtag #jollibee #jollibeevietnam #chucson #chuongmy."
Hạ Long,Quảng Ninh,quán ăn ở Hạ Long Quảng Ninh,7680051993087331591,insightquangninh,https://www.tiktok.com/@insightquangninh/video/7680051993087331591,Quảng Ninh ăn gì ngon: gợi ý món nổi bật ở Hạ Long | TikTok,"Kết luận Quảng Ninh, đặc biệt Hạ Long, có nhiều món và địa điểm khiến thực khách đánh giá cao: hải sản tươi, chả mực, bún hải sản và quán ven biển là những lựa chọn hàng đầu."
Hạ Long,Quảng Ninh,quán ăn ở Hạ Long Quảng Ninh,7663757302582758677,hieudatenzteetravel,https://www.tiktok.com/@hieudatenzteetravel/video/7663757302582758677,"Quán cơm siêu ngon ở Hạ Long - review, địa chỉ và trải nghiệm ...","Quán cơm siêu ngon ở Hạ Long — tổng quan nhanh Quán cơm siêu ngon ở Hạ Long được nhắc đến trong video/mô tả với gợi ý trải nghiệm ăn uống thoải mái: cơm và cà phê, không gian phù hợp cho người du lịch."
Hạ Long,Quảng Ninh,quán ăn ở Hạ Long Quảng Ninh,7666058759424183570,hapudayne,https://www.tiktok.com/@hapudayne/video/7666058759424183570,"Quán ăn 118 Cầu Gỗ Hạ Long: Review nhanh, địa chỉ và cảm nhận ...","Lead Quán 118 Cầu Gỗ nằm tại 118 Cầu Gỗ, khu Hà Tu, Quảng Ninh (đối diện trạm đăng kiểm Hà Phong, Hạ Long). Sau bữa ăn, cảm nhận chung là vẫn rất mê — gợi ý rõ ràng cho ai muốn tìm quán gần khu Sun World Hạ Long hoặc điểm tham quan công tráng Hạ Long."
Hạ Long,Quảng Ninh,quán ăn ở Hạ Long Quảng Ninh,7376653251485175047,food_tour_quang_ninh,https://www.tiktok.com/@food_tour_quang_ninh/video/7376653251485175047,Khám Phá Quán Ăn Dân Dã Ngon Ở Hạ Long | TikTok,"Jun 4, 2024 · Khám Phá Quán Ăn Dân Dã Ngon Ở Hạ Long Khám phá quán ăn Cây Bàng tại Hạ Long với món ruốc biển, lẩu xương, và những trải nghiệm ẩm thực tuyệt vời. #foodtourquangninh #reviewdulichhalong"
Hạ Long,Quảng Ninh,quán ăn ở Hạ Long Quảng Ninh,7531671249227910408,haiduaminhvuighe,https://www.tiktok.com/@haiduaminhvuighe/video/7531671249227910408,"Khám Phá Ẩm Thực Các Quán Local Ở Hạ Long | TikTokHướng Dẫn Đến Quán Buffet Hải Sản Hạ Long | TikTokQuán Cơm Bao Cấp ở Hạ Long , bước vào đây cảm giác như được ...","Tham gia foodtour ở Hạ Long để trải nghiệm ẩm thực độc đáo và quán ăn địa phương nổi bật. #foodtourhalong #vtmgr #AnCungTikTok #halong #quangninh Nov 19, 2025 · Khám phá quán buffet hải sản Hạ Long với hướng dẫn chi tiết giúp bạn tìm đến dễ dàng hơn! #buffet #quangninh #hạlong #buffethaisanhalong #xuhuong Quán Cơm Bao Cấp ở Hạ Long , bước vào đây cảm giác như được trở về với thời thơ ấu , mình đã thử mời các bạn đến nha #xuhuongtiktok#condauquangninh#quancombaocaphalong#quancombaocap"
Hạ Long,Quảng Ninh,quán ăn ở Hạ Long Quảng Ninh,7574446121485913351,haisanhalong14,https://www.tiktok.com/@haisanhalong14/video/7574446121485913351,"Hướng Dẫn Đến Quán Buffet Hải Sản Hạ Long | TikTokQuán Cơm Bao Cấp ở Hạ Long , bước vào đây cảm giác như được ...","Nov 19, 2025 · Khám phá quán buffet hải sản Hạ Long với hướng dẫn chi tiết giúp bạn tìm đến dễ dàng hơn! #buffet #quangninh #hạlong #buffethaisanhalong #xuhuong Quán Cơm Bao Cấp ở Hạ Long , bước vào đây cảm giác như được trở về với thời thơ ấu , mình đã thử mời các bạn đến nha #xuhuongtiktok#condauquangninh#quancombaocaphalong#quancombaocap"
Hạ Long,Quảng Ninh,quán ăn ở Hạ Long Quảng Ninh,7592225274465504519,condauquangninh,https://www.tiktok.com/@condauquangninh/video/7592225274465504519,"Quán Cơm Bao Cấp ở Hạ Long , bước vào đây cảm giác như được ...","Quán Cơm Bao Cấp ở Hạ Long , bước vào đây cảm giác như được trở về với thời thơ ấu , mình đã thử mời các bạn đến nha #xuhuongtiktok#condauquangninh#quancombaocaphalong#quancombaocap"
Tuần Châu,Quảng Ninh,quán ăn ở Tuần Châu Quảng Ninh,7355923720113851655,khongthichonhaa,https://www.tiktok.com/@khongthichonhaa/video/7355923720113851655,"Khám Phá Coffee Harmony tại Tuần Châu, Hạ Long | TikTokHarmony Hill Tuần Châu Hạ Long Nếu như ... - TikTokTikTok One Creative SuiteCơm niêu Tuần Châu Hạ Long — quán mới giá rẻ, món cơm nhà ...Buffet Sen Hà Thành - Review Nhà Hàng Buffet Hải Sản Ở Tuần ...Khám Phá Tuần Châu Farm: Khu Vui Chơi Tuyệt Đẹp | TikTokTuần Châu Farm - Điểm Check-in Hấp Dẫn Ở Tuần Châu | TikTok","Apr 9, 2024 · 45.6K Lượt thích,1622 Bình luận.Video TikTok từ KHÔNG THÍCH Ở NHÀ (@khongthichonhaa): ""Tận hưởng không gian cà phê tuyệt đẹp tại Harmony Hill, Tuần Châu với vé 60k bao gồm nước. #xuhuong #cafe #tuanchau #harmonyhilltuanchau"". Apr 22, 2024 · Cafe Harmony Hill nằm trên sân khấu đồi thông Tuần Châu, giá vé vào cổng 60 cá mà bạn sẽ thu trọn tầm mắt 1 Đà Lạt nằm trên đảo. Cf là tổ hợp ăn, uống, bbq ngoài trời, cuối tuần thường tổ chức các đêm nhạc ngoài trời. Hashtag Discover new trends on TikTok through hashtags Creator Coming soon Connect with the hottest creators on TikTok Video Find inspiration through trending TikTok videos Lead Quán cơm niêu mới mở gần khu Tuần Châu, Hạ Long, được khen giá cả siêu hợp lí và có các món cơm nhà đậm vị. Đây là lựa chọn phù hợp cho bữa trưa hoặc ăn gia đình khi tham quan Bãi Cháy — đặc biệt nếu muốn ăn cơm niêu hoặc hải sản nhẹ nhàng, giá bình dân. Dec 23, 2022 · Với mức giá gần 300k mà được ăn gần 200 món thì quá hời! Quầy live truyền thống tái hiện lại các món ăn vỉa hè đặc trưng của Hà Nội như bún chả, bánh cuốn, chả cá Vọng. 🤤 Ngoài ra còn có đồ chiên, đồ Nhật, đồ nướng (hải sản, chân gà, cánh gà). Jan 23, 2025 · 930 Lượt thích,50 Bình luận.Video TikTok từ Food tour Quảng Ninh (@food_tour_quang_ninh): ""Đến Tuần Châu Farm trải nghiệm không gian như châu Âu, vui chơi cho mọi lứa tuổi. Mở cửa từ 8h-17h, vé vào cổng 100.000đ. #dulichquangninh #dulichhalong"". Jan 9, 2025 · Khám phá Tuần Châu Farm, địa điểm check-in mới lạ tại Tuần Châu với không gian tuyệt đẹp. Chia sẻ trải nghiệm của bạn! #tuanchaufarm #daotuanchau #vtmgr #tuanchauisland"
Tuần Châu,Quảng Ninh,quán ăn ở Tuần Châu Quảng Ninh,7360523640602971400,habunbun,https://www.tiktok.com/@habunbun/video/7360523640602971400,"Harmony Hill Tuần Châu Hạ Long Nếu như ... - TikTokTikTok One Creative SuiteCơm niêu Tuần Châu Hạ Long — quán mới giá rẻ, món cơm nhà ...Buffet Sen Hà Thành - Review Nhà Hàng Buffet Hải Sản Ở Tuần ...Khám Phá Tuần Châu Farm: Khu Vui Chơi Tuyệt Đẹp | TikTokTuần Châu Farm - Điểm Check-in Hấp Dẫn Ở Tuần Châu | TikTok","Apr 22, 2024 · Cafe Harmony Hill nằm trên sân khấu đồi thông Tuần Châu, giá vé vào cổng 60 cá mà bạn sẽ thu trọn tầm mắt 1 Đà Lạt nằm trên đảo. Cf là tổ hợp ăn, uống, bbq ngoài trời, cuối tuần thường tổ chức các đêm nhạc ngoài trời. Hashtag Discover new trends on TikTok through hashtags Creator Coming soon Connect with the hottest creators on TikTok Video Find inspiration through trending TikTok videos Lead Quán cơm niêu mới mở gần khu Tuần Châu, Hạ Long, được khen giá cả siêu hợp lí và có các món cơm nhà đậm vị. Đây là lựa chọn phù hợp cho bữa trưa hoặc ăn gia đình khi tham quan Bãi Cháy — đặc biệt nếu muốn ăn cơm niêu hoặc hải sản nhẹ nhàng, giá bình dân. Dec 23, 2022 · Với mức giá gần 300k mà được ăn gần 200 món thì quá hời! Quầy live truyền thống tái hiện lại các món ăn vỉa hè đặc trưng của Hà Nội như bún chả, bánh cuốn, chả cá Vọng. 🤤 Ngoài ra còn có đồ chiên, đồ Nhật, đồ nướng (hải sản, chân gà, cánh gà). Jan 23, 2025 · 930 Lượt thích,50 Bình luận.Video TikTok từ Food tour Quảng Ninh (@food_tour_quang_ninh): ""Đến Tuần Châu Farm trải nghiệm không gian như châu Âu, vui chơi cho mọi lứa tuổi. Mở cửa từ 8h-17h, vé vào cổng 100.000đ. #dulichquangninh #dulichhalong"". Jan 9, 2025 · Khám phá Tuần Châu Farm, địa điểm check-in mới lạ tại Tuần Châu với không gian tuyệt đẹp. Chia sẻ trải nghiệm của bạn! #tuanchaufarm #daotuanchau #vtmgr #tuanchauisland"
Tuần Châu,Quảng Ninh,quán ăn ở Tuần Châu Quảng Ninh,7651946766614465799,ghienanvathalong,https://www.tiktok.com/@ghienanvathalong/video/7651946766614465799,"Cơm niêu Tuần Châu Hạ Long — quán mới giá rẻ, món cơm nhà ...","Lead Quán cơm niêu mới mở gần khu Tuần Châu, Hạ Long, được khen giá cả siêu hợp lí và có các món cơm nhà đậm vị. Đây là lựa chọn phù hợp cho bữa trưa hoặc ăn gia đình khi tham quan Bãi Cháy — đặc biệt nếu muốn ăn cơm niêu hoặc hải sản nhẹ nhàng, giá bình dân."
Tuần Châu,Quảng Ninh,quán ăn ở Tuần Châu Quảng Ninh,7180339417612078363,halongtrongbung,https://www.tiktok.com/@halongtrongbung/video/7180339417612078363,Buffet Sen Hà Thành - Review Nhà Hàng Buffet Hải Sản Ở Tuần ...Khám Phá Tuần Châu Farm: Khu Vui Chơi Tuyệt Đẹp | TikTokTuần Châu Farm - Điểm Check-in Hấp Dẫn Ở Tuần Châu | TikTok,"Dec 23, 2022 · Với mức giá gần 300k mà được ăn gần 200 món thì quá hời! Quầy live truyền thống tái hiện lại các món ăn vỉa hè đặc trưng của Hà Nội như bún chả, bánh cuốn, chả cá Vọng. 🤤 Ngoài ra còn có đồ chiên, đồ Nhật, đồ nướng (hải sản, chân gà, cánh gà). Jan 23, 2025 · 930 Lượt thích,50 Bình luận.Video TikTok từ Food tour Quảng Ninh (@food_tour_quang_ninh): ""Đến Tuần Châu Farm trải nghiệm không gian như châu Âu, vui chơi cho mọi lứa tuổi. Mở cửa từ 8h-17h, vé vào cổng 100.000đ. #dulichquangninh #dulichhalong"". Jan 9, 2025 · Khám phá Tuần Châu Farm, địa điểm check-in mới lạ tại Tuần Châu với không gian tuyệt đẹp. Chia sẻ trải nghiệm của bạn! #tuanchaufarm #daotuanchau #vtmgr #tuanchauisland"
Tuần Châu,Quảng Ninh,quán ăn ở Tuần Châu Quảng Ninh,7463109628511980807,food_tour_quang_ninh,https://www.tiktok.com/@food_tour_quang_ninh/video/7463109628511980807,Khám Phá Tuần Châu Farm: Khu Vui Chơi Tuyệt Đẹp | TikTokTuần Châu Farm - Điểm Check-in Hấp Dẫn Ở Tuần Châu | TikTok,"Jan 23, 2025 · 930 Lượt thích,50 Bình luận.Video TikTok từ Food tour Quảng Ninh (@food_tour_quang_ninh): ""Đến Tuần Châu Farm trải nghiệm không gian như châu Âu, vui chơi cho mọi lứa tuổi. Mở cửa từ 8h-17h, vé vào cổng 100.000đ. #dulichquangninh #dulichhalong"". Jan 9, 2025 · Khám phá Tuần Châu Farm, địa điểm check-in mới lạ tại Tuần Châu với không gian tuyệt đẹp. Chia sẻ trải nghiệm của bạn! #tuanchaufarm #daotuanchau #vtmgr #tuanchauisland"
Tuần Châu,Quảng Ninh,quán ăn ở Tuần Châu Quảng Ninh,7457890381200510216,nangdauquangninh,https://www.tiktok.com/@nangdauquangninh/video/7457890381200510216,Tuần Châu Farm - Điểm Check-in Hấp Dẫn Ở Tuần Châu | TikTok,"Jan 9, 2025 · Khám phá Tuần Châu Farm, địa điểm check-in mới lạ tại Tuần Châu với không gian tuyệt đẹp. Chia sẻ trải nghiệm của bạn! #tuanchaufarm #daotuanchau #vtmgr #tuanchauisland"
Móng Cái 2,Quảng Ninh,quán ăn ở Móng Cái 2 Quảng Ninh,7467926505557986582,,https://www.tiktok.com/@/video/7467926505557986582,TikTok - Make Your Day,TikTok - Make Your Day
Móng Cái 2,Quảng Ninh,quán ăn ở Móng Cái 2 Quảng Ninh,7345623727712914720,,https://www.tiktok.com/@/video/7345623727712914720,TikTok - Make Your Day,Log in to TikTok This post may not be comfortable for some audiences. Log in to make the most of your experience.
Móng Cái 2,Quảng Ninh,quán ăn ở Móng Cái 2 Quảng Ninh,7208702356110740742,,https://support16-normal-useast1a.tiktok.com/@/video/7208702356110740742,support16-normal-useast1a.tiktok.com,support16-normal-useast1a.tiktok.com
Móng Cái 2,Quảng Ninh,quán ăn ở Móng Cái 2 Quảng Ninh,7006467767717203206,,https://www.tiktok.com/@/_sauce90/video/7006467767717203206,TikTok,TikTok for GoodAdvertiseSell on TikTok ShopTikTok LIVE Creator NetworksDevelopersTransparencyTikTok EmbedsSoundOn Music DistributionTikTok LiveTikTok Shop
Móng Cái 2,Quảng Ninh,quán ăn ở Móng Cái 2 Quảng Ninh,6925497998071860485,,https://www.tiktok.com/@/video/6925497998071860485/,TikTok - Make Your Day,ไม่มีหน้านี้อยู่ ขออภัยด้วย โปรดลองอีกครั้งในภายหลัง ลอง ...
Móng Cái 2,Quảng Ninh,quán ăn ở Móng Cái 2 Quảng Ninh,7470274605895372078,,https://www.tiktok.com/@/video/7470274605895372078,TikTok - Make Your Day,"This account is private Looking for videos? Try browsing our trending creators, hashtags, and sounds."
Móng Cái 2,Quảng Ninh,quán ăn ở Móng Cái 2 Quảng Ninh,7612982828782882069,,https://www.tiktok.com/video/7612982828782882069,TikTok,TikTok ... TikTok
Móng Cái 2,Quảng Ninh,quán ăn ở Móng Cái 2 Quảng Ninh,7580287102248586519,,https://www.tiktok.com/video/7580287102248586519,TikTok,4 0 4 Couldn't find this page Check out more trending videos on TikTok Watch now
Móng Cái 2,Quảng Ninh,quán ăn ở Móng Cái 2 Quảng Ninh,7682386207241948423,mayquangninh_reviewer,https://www.tiktok.com/@mayquangninh_reviewer/video/7682386207241948423,"Một ngày ở Móng Cái: Đi đâu, ăn gì, trải nghiệm nhanh | TikTok",Kết thúc Lịch trình một ngày ở Móng Cái phù hợp với người muốn trải nghiệm nhanh ẩm thực và không khí địa phương. Bạn có thêm gợi ý điểm đến hay quán ngon nào ở Móng Cái không? Chia sẻ trải nghiệm để giúp các reviewer và foodreview khác.
Móng Cái 2,Quảng Ninh,quán ăn ở Móng Cái 2 Quảng Ninh,7647874184390954261,khanhtomdayy07,https://www.tiktok.com/@khanhtomdayy07/video/7647874184390954261,Ăn hải sản tươi buổi hoàng hôn ở Móng Cái Quảng Ninh | TikTok,"Địa điểm - Móng Cái, Quảng Ninh: khu vực ven biển nổi tiếng, dễ tiếp cận khách muốn ăn hải sản tươi. - Gợi ý: khu Trà Cổ được đề cập như một địa danh liên quan, phù hợp cho chuyến đi kết hợp ngắm biển và ăn hải sản."
Móng Cái 2,Quảng Ninh,quán ăn ở Móng Cái 2 Quảng Ninh,7640065479226182930,girlhaihuoc03,https://www.tiktok.com/@girlhaihuoc03/video/7640065479226182930,Bánh đúc Móng Cái: địa chỉ ăn một lần nhớ mãi (Móng Cái ...,"Kết thúc Bánh đúc Móng Cái là món ăn vặt đặc trưng, đáng thử khi đến Quảng Ninh — mềm tan, topping thịt băm và tép, bán từ sáng đến tối, đủ lý do để rủ bạn bè đi thưởng thức ngay."
Móng Cái 2,Quảng Ninh,quán ăn ở Móng Cái 2 Quảng Ninh,7639040580651126036,mongcaididauangi,https://www.tiktok.com/@mongcaididauangi/video/7639040580651126036,"Phố đi bộ Phường Móng Cái 2 - Khám phá, ăn uống và trải ...","Kết luận Phố đi bộ Phường Móng Cái 2 là điểm đến lý tưởng để khám phá ẩm thực, tận hưởng không khí thành phố và lưu lại những khoảnh khắc đẹp. Nếu bạn đang tìm nơi “ăn cùng TikTok” ở Móng Cái, đây là địa chỉ đáng thử. Hashtags #mongcaicity #ancungtiktok"
Móng Cái 2,Quảng Ninh,quán ăn ở Móng Cái 2 Quảng Ninh,7662630480839249170,mayquangninh_reviewer,https://www.tiktok.com/@mayquangninh_reviewer/video/7662630480839249170,Mọi người ra Móng Cái thì ghé đây ăn thử nha #mayquangninh # ...,"680 Lượt thích,51 Bình luận.Video TikTok từ Mây Quảng Ninh (@mayquangninh_reviewer): ""Mọi người ra Móng Cái thì ghé đây ăn thử nha #mayquangninh #reviewer #mongcai #quangninh #foodreview"".Nhà hàng Hoà Vân Bãi biển Trà Cổ Móng cái - QNâm thanh gốc - Mây Quảng Ninh."
Móng Cái 2,Quảng Ninh,quán ăn ở Móng Cái 2 Quảng Ninh,7643078383680638229,yeuyeu477,https://www.tiktok.com/@yeuyeu477/video/7643078383680638229,"Móng Cái Quảng Ninh: Phố giàu, hải sản tươi ngon và 8 bún cua ...","Nếu bạn đang tìm điểm ăn ngon và muốn thấy một góc Quảng Ninh khác lạ, Móng Cái đáng để lưu vào hành trình. Bạn đã thử bún cua Móng Cái hay hải sản ở đây chưa? Chia sẻ trải nghiệm để người khác biết thêm gợi ý địa điểm ăn uống."
Móng Cái 2,Quảng Ninh,quán ăn ở Móng Cái 2 Quảng Ninh,7663766109295807762,hoaivlogchillchill,https://www.tiktok.com/@hoaivlogchillchill/video/7663766109295807762,Bún cù kỳ Móng Cái và quẩy huyền thoại — ăn thử ở Móng Cái ...,"Kết luận Bún cù kỳ Móng Cái cùng quẩy huyền thoại là trải nghiệm ẩm thực địa phương đáng thử khi đến Quảng Ninh. Nếu bạn đang lên lịch du lịch Móng Cái, thêm một bữa bún cù kỳ kèm quẩy vào hành trình sẽ là ký ức vị giác khó quên."
Móng Cái 1,Quảng Ninh,quán ăn ở Móng Cái 1 Quảng Ninh,7467926505557986582,,https://www.tiktok.com/@/video/7467926505557986582,TikTok - Make Your Day,TikTok - Make Your Day
Móng Cái 1,Quảng Ninh,quán ăn ở Móng Cái 1 Quảng Ninh,7345623727712914720,,https://www.tiktok.com/@/video/7345623727712914720,TikTok - Make Your Day,Log in to TikTok This post may not be comfortable for some audiences. Log in to make the most of your experience.
Móng Cái 1,Quảng Ninh,quán ăn ở Móng Cái 1 Quảng Ninh,7208702356110740742,,https://support16-normal-useast1a.tiktok.com/@/video/7208702356110740742,support16-normal-useast1a.tiktok.com,support16-normal-useast1a.tiktok.com
Móng Cái 1,Quảng Ninh,quán ăn ở Móng Cái 1 Quảng Ninh,7006467767717203206,,https://www.tiktok.com/@/_sauce90/video/7006467767717203206,TikTok,TikTok for GoodAdvertiseSell on TikTok ShopTikTok LIVE Creator NetworksDevelopersTransparencyTikTok EmbedsSoundOn Music DistributionTikTok LiveTikTok Shop
Móng Cái 1,Quảng Ninh,quán ăn ở Móng Cái 1 Quảng Ninh,6925497998071860485,,https://www.tiktok.com/@/video/6925497998071860485/,TikTok - Make Your Day,ไม่มีหน้านี้อยู่ ขออภัยด้วย โปรดลองอีกครั้งในภายหลัง ลอง ...
Móng Cái 1,Quảng Ninh,quán ăn ở Móng Cái 1 Quảng Ninh,7470274605895372078,,https://www.tiktok.com/@/video/7470274605895372078,TikTok - Make Your Day,"This account is private Looking for videos? Try browsing our trending creators, hashtags, and sounds."
Móng Cái 1,Quảng Ninh,quán ăn ở Móng Cái 1 Quảng Ninh,7612982828782882069,,https://www.tiktok.com/video/7612982828782882069,TikTok,TikTok ... TikTok
Móng Cái 1,Quảng Ninh,quán ăn ở Móng Cái 1 Quảng Ninh,7253346147761196290,,https://www.tiktok.com/video/7253346147761196290,TikTok,Redirecting to /404?fromUrl=/video/7253346147761196290.
Móng Cái 1,Quảng Ninh,quán ăn ở Móng Cái 1 Quảng Ninh,7682386207241948423,mayquangninh_reviewer,https://www.tiktok.com/@mayquangninh_reviewer/video/7682386207241948423,"Một ngày ở Móng Cái: Đi đâu, ăn gì, trải nghiệm nhanh | TikTok","Một ngày ở Móng Cái: Đi đâu, ăn gì, trải nghiệm nhanh Lead Muốn tận dụng trọn vẹn một ngày ở Móng Cái? Bài viết này gợi ý lịch trình ngắn, những điểm đến đáng chú ý và món ăn nên thử khi khám phá thành phố biên giới thuộc Quảng Ninh."
Móng Cái 1,Quảng Ninh,quán ăn ở Móng Cái 1 Quảng Ninh,7640065479226182930,girlhaihuoc03,https://www.tiktok.com/@girlhaihuoc03/video/7640065479226182930,Bánh đúc Móng Cái: địa chỉ ăn một lần nhớ mãi (Móng Cái ...,"Kết thúc Bánh đúc Móng Cái là món ăn vặt đặc trưng, đáng thử khi đến Quảng Ninh — mềm tan, topping thịt băm và tép, bán từ sáng đến tối, đủ lý do để rủ bạn bè đi thưởng thức ngay."
Móng Cái 1,Quảng Ninh,quán ăn ở Móng Cái 1 Quảng Ninh,7647874184390954261,khanhtomdayy07,https://www.tiktok.com/@khanhtomdayy07/video/7647874184390954261,Ăn hải sản tươi buổi hoàng hôn ở Móng Cái Quảng Ninh | TikTok,"Địa điểm - Móng Cái, Quảng Ninh: khu vực ven biển nổi tiếng, dễ tiếp cận khách muốn ăn hải sản tươi. - Gợi ý: khu Trà Cổ được đề cập như một địa danh liên quan, phù hợp cho chuyến đi kết hợp ngắm biển và ăn hải sản."
Móng Cái 1,Quảng Ninh,quán ăn ở Móng Cái 1 Quảng Ninh,7643078383680638229,yeuyeu477,https://www.tiktok.com/@yeuyeu477/video/7643078383680638229,"Móng Cái Quảng Ninh: Phố giàu, hải sản tươi ngon và 8 bún cua ...","Nếu bạn đang tìm điểm ăn ngon và muốn thấy một góc Quảng Ninh khác lạ, Móng Cái đáng để lưu vào hành trình. Bạn đã thử bún cua Móng Cái hay hải sản ở đây chưa? Chia sẻ trải nghiệm để người khác biết thêm gợi ý địa điểm ăn uống."
Móng Cái 1,Quảng Ninh,quán ăn ở Móng Cái 1 Quảng Ninh,7662630480839249170,mayquangninh_reviewer,https://www.tiktok.com/@mayquangninh_reviewer/video/7662630480839249170,Mọi người ra Móng Cái thì ghé đây ăn thử nha #mayquangninh # ...,"680 Lượt thích,51 Bình luận.Video TikTok từ Mây Quảng Ninh (@mayquangninh_reviewer): ""Mọi người ra Móng Cái thì ghé đây ăn thử nha #mayquangninh #reviewer #mongcai #quangninh #foodreview"".Nhà hàng Hoà Vân Bãi biển Trà Cổ Móng cái - QNâm thanh gốc - Mây Quảng Ninh."
Móng Cái 1,Quảng Ninh,quán ăn ở Móng Cái 1 Quảng Ninh,7663766109295807762,hoaivlogchillchill,https://www.tiktok.com/@hoaivlogchillchill/video/7663766109295807762,Bún cù kỳ Móng Cái và quẩy huyền thoại — ăn thử ở Móng Cái ...,"Tìm quán và từ khóa liên quan - Tìm theo cụm từ: “bún cù kỳ Móng Cái”, “bún cua biệt thự Móng Cái”, hoặc “bún cù kỳ ở Móng Cái” để thấy các gợi ý quán và video foodtour."
Móng Cái 1,Quảng Ninh,quán ăn ở Móng Cái 1 Quảng Ninh,7656682720348671253,miaocuisine,https://www.tiktok.com/@miaocuisine/video/7656682720348671253,Buffet viên chiên Móng Cái 50k một bát — ăn thả ga | TikTok,"- Tìm quán: tìm theo từ khóa liên quan như “buffet viên chiên Móng Cái”, “buffet xiên Móng Cái”, “quán cá viên chiên ở Móng Cái” để thấy đánh giá và địa chỉ cụ thể."
Thục Phán,Cao Bằng,quán ăn ở Thục Phán Cao Bằng,nbc-6-news,,https://www.nbcmiami.com/video/nbc-6-news/video-appears-to-show-blogger-perez-hilton-livestreaming-self-harm-on-tiktok/3842193/,Video appears to show blogger Perez Hilton livestreaming self ...Tennessee Wendy’s manager arrested after admitting to tying ...Ella Langley claps back at fans over viral Knoxville fan ...TikTok Video Date Extractor: How to See the Exact Date of a ...,"Deputies responded to a home in Miami-Dade on Tuesday night after receiving multiple calls about a person livestreaming themselves self-harming on social media. NBC6’s Julia Bagg reports. A Tennessee Wendy’s restaurant manager has been arrested after admitting to cops she tied her neurodivergent co-worker to a kitchen grill – and bizarrely claimed it was part of a TikTok stunt ... 4 days ago · A TikTok video from Ella Langley's Knoxville show captures the tense fan exchange that divided the internet amid her record-breaking ""Choosin' Texas"" run. Find the exact date and time a TikTok video was published. Enhance the accuracy of your market research, content verification, and legal investigations with precise timestamps."
Thục Phán,Cao Bằng,quán ăn ở Thục Phán Cao Bằng,7496039257438473494,channgancb,https://www.tiktok.com/@channgancb/video/7496039257438473494,Khám Phá Thị Trấn Thục Phán Cao Bằng | TikTok,"Apr 22, 2025 · 788 Lượt thích,66 Bình luận.Video TikTok từ Chân Ngắn (@channgancb): ""Khám phá vẻ đẹp Thục Phán với cảnh quan tuyệt đẹp và di sản văn hóa. Tự hào quê hương, hãy cùng tìm hiểu! #thanhphocaobang #canhdepcaobang #dulichcaobang""."
Thục Phán,Cao Bằng,quán ăn ở Thục Phán Cao Bằng,7373231448725163265,camap.duu,https://www.tiktok.com/@camap.duu/video/7373231448725163265,Đặc sản và quán ăn ngon ở Cao Bằng | TikTokTikTok One Creative SuiteBún bò ngã tư Nà Cáp Cao Bằng - Review quán ... - TikTok#caobangfood Gắn hashtag cho các video trên TikTokĂn Sập Cao Bằng (@ansapcaobang) | TikTokĂn Sập Cao Bằng trên TikTok,"May 26, 2024 · Khám phá các món ăn sáng và trưa hấp dẫn tại Cao Bằng và những địa điểm ẩm thực độc đáo. Tìm hiểu về đặc sản và top nhà hàng từ food tour Cao Bằng. Đây là bản tóm tắt nội dung do AI tạo và không nhằm mục đích cung cấp ngữ cảnh thực tế. Hashtag Discover new trends on TikTok through hashtags Creator Coming soon Connect with the hottest creators on TikTok Video Find inspiration through trending TikTok videos So sánh & liên quan Người quan tâm cũng tìm kiếm “Bún Bò Huế” và “bánh bò Cao Bằng” — cho thấy nhu cầu so sánh hương vị miền Trung với biến thể địa phương và khám phá thêm đặc sản như bánh bò ở Cao Bằng. haly188 Dù đi chơi xa vẫn muốn ăn cơm nhà 😋😋 Quán Yên ở Cao Bằng nha #caobangreview#caobangtrip#caobangfood#caobang#vietnam Ăn Sập Cao Bằng (@ansapcaobang) trên TikTok |325.9K Lượt thích.22.4K Follower.Mình muốn TRẢI NGHIỆM & ĂN món ngon Cao Bằng 🌟 Contact for work 0913 888 391🌟.Xem video phổ biến của Ăn Sập Cao Bằng: ""Khi photographer mê ..."", ""Quả Vải Rừng - Ẩm th..."". Apr 17, 2023 · Chân Gà Nướng chẩm chéo tại quán cần địa chỉ ở Cao Bằng, thơm ngon cay cay hương chua, chấm cùng nước chấm omachi đặc biệt. Xem ngay để biết thêm chi tiết! #ascb #tiktokfood #foodtiktok #reviewcaobang #foodreview #ancungtiktok #changanuong"
Thục Phán,Cao Bằng,quán ăn ở Thục Phán Cao Bằng,7676138673078897941,nanghen.caobang,https://www.tiktok.com/@nanghen.caobang/video/7676138673078897941,Bún bò ngã tư Nà Cáp Cao Bằng - Review quán ... - TikTok,So sánh & liên quan Người quan tâm cũng tìm kiếm “Bún Bò Huế” và “bánh bò Cao Bằng” — cho thấy nhu cầu so sánh hương vị miền Trung với biến thể địa phương và khám phá thêm đặc sản như bánh bò ở Cao Bằng.
Thục Phán,Cao Bằng,quán ăn ở Thục Phán Cao Bằng,7222957182034185499,ansapcaobang,https://www.tiktok.com/@ansapcaobang/video/7222957182034185499,Ăn Sập Cao Bằng trên TikTok,"Apr 17, 2023 · Chân Gà Nướng chẩm chéo tại quán cần địa chỉ ở Cao Bằng, thơm ngon cay cay hương chua, chấm cùng nước chấm omachi đặc biệt. Xem ngay để biết thêm chi tiết! #ascb #tiktokfood #foodtiktok #reviewcaobang #foodreview #ancungtiktok #changanuong"
Móng Cái 3,Quảng Ninh,quán ăn ở Móng Cái 3 Quảng Ninh,7006467767717203206,,https://www.tiktok.com/@/_sauce90/video/7006467767717203206,TikTok,TikTok for GoodAdvertiseSell on TikTok ShopTikTok LIVE Creator NetworksDevelopersTransparencyTikTok EmbedsSoundOn Music DistributionTikTok LiveTikTok Shop
Móng Cái 3,Quảng Ninh,quán ăn ở Móng Cái 3 Quảng Ninh,7508542931364482312,,https://www.tiktok.com/@/video/7508542931364482312,TikTok - Make Your Day,TikTok - Make Your Day
Móng Cái 3,Quảng Ninh,quán ăn ở Móng Cái 3 Quảng Ninh,7345623727712914720,,https://www.tiktok.com/@/video/7345623727712914720,TikTok - Make Your Day,Log in to TikTok This post may not be comfortable for some audiences. Log in to make the most of your experience.
Móng Cái 3,Quảng Ninh,quán ăn ở Móng Cái 3 Quảng Ninh,7470274605895372078,,https://www.tiktok.com/@/video/7470274605895372078,TikTok - Make Your Day,"This account is private Looking for videos? Try browsing our trending creators, hashtags, and sounds."
Móng Cái 3,Quảng Ninh,quán ăn ở Móng Cái 3 Quảng Ninh,7044390184313507118,,https://www.tiktok.com/@/video/7044390184313507118,TikTok - Make Your Day,"Video currently unavailable Looking for videos? Try browsing our trending creators, hashtags, and sounds."
Móng Cái 3,Quảng Ninh,quán ăn ở Móng Cái 3 Quảng Ninh,6925497998071860485,,https://www.tiktok.com/@/video/6925497998071860485/,TikTok - Make Your Day,ไม่มีหน้านี้อยู่ ขออภัยด้วย โปรดลองอีกครั้งในภายหลัง ลอง ...
Móng Cái 3,Quảng Ninh,quán ăn ở Móng Cái 3 Quảng Ninh,7612982828782882069,,https://www.tiktok.com/video/7612982828782882069,TikTok,TikTok ... TikTok
Móng Cái 3,Quảng Ninh,quán ăn ở Móng Cái 3 Quảng Ninh,7243438444293246250,,https://www.tiktok.com/video/7243438444293246250,TikTok,Redirecting to /404?fromUrl=/video/7243438444293246250.
Móng Cái 3,Quảng Ninh,quán ăn ở Móng Cái 3 Quảng Ninh,7640065479226182930,girlhaihuoc03,https://www.tiktok.com/@girlhaihuoc03/video/7640065479226182930,Bánh đúc Móng Cái: địa chỉ ăn một lần nhớ mãi (Móng Cái ...,"Người bản địa dẫn đến quán bánh đúc nổi tiếng trong vùng: quán đã mở được 15 năm và rất có uy tín, phục vụ đông khách từ khoảng 6:00 sáng đến 22:00 tối."
Móng Cái 3,Quảng Ninh,quán ăn ở Móng Cái 3 Quảng Ninh,7687019881610448148,ancungminhcon,https://www.tiktok.com/@ancungminhcon/video/7687019881610448148,Cơm rang nổi tiếng Móng Cái | TikTok,Cơm rang nổi tiếng Móng Cái được giới thiệu trong video kèm các hashtag liên quan đến du lịch và ẩm thực. Nội dung liên kết món ăn với địa điểm Móng Cái và tỉnh Quảng Ninh.
Móng Cái 3,Quảng Ninh,quán ăn ở Móng Cái 3 Quảng Ninh,7682386207241948423,mayquangninh_reviewer,https://www.tiktok.com/@mayquangninh_reviewer/video/7682386207241948423,"Một ngày ở Móng Cái: Đi đâu, ăn gì, trải nghiệm nhanh | TikTok",AI Video Summary: A day trip to Móng Cái includes dining at Nhà hàng Hòa Vân for fresh seafood and visiting Trà HOA Charizu for kumquat tea. The itinerary also features a stop at Khoai Thị Sắn for grilled dishes and souvenir shopping at Pink Store for Chinese snacks.
Móng Cái 3,Quảng Ninh,quán ăn ở Móng Cái 3 Quảng Ninh,7678596530495851784,dinhquocthanh_quangninh,https://www.tiktok.com/@dinhquocthanh_quangninh/video/7678596530495851784,"Ăn Rằm Tháng 7 Tại Móng Cái, Quảng Ninh ... - TikTok","Đây là một lời mời chân thành dành cho những ai đang tìm kiếm một địa điểm ăn uống trong dịp Rằm tháng Bảy. Không gian tại đây mang một vẻ đẹp đặc trưng của vùng đất Móng Cái, gợi lên cảm giác về một ""thanh cuộc sống cuối đời"" bình yên và thư thái."
Móng Cái 3,Quảng Ninh,quán ăn ở Móng Cái 3 Quảng Ninh,7672382355197234452,tourquoctegiare,https://www.tiktok.com/@tourquoctegiare/video/7672382355197234452,"Khám phá Móng Cái, Quảng Ninh: hướng dẫn du lịch ngắn | TikTok","Kết luận và lời mời tương tác Móng Cái là điểm kết hợp giữa trải nghiệm biển và khám phá vùng biên, phù hợp cho chuyến đi ngắn ngày từ Quảng Ninh hoặc Hà Nội. Bạn đã từng tới Móng Cái hoặc Đông Hưng chưa?"
Mông Dương,Quảng Ninh,quán ăn ở Mông Dương Quảng Ninh,7682386207241948423,mayquangninh_reviewer,https://www.tiktok.com/@mayquangninh_reviewer/video/7682386207241948423,"Một ngày ở Móng Cái: Đi đâu, ăn gì, trải nghiệm nhanh | TikTok","Một ngày ở Móng Cái: Đi đâu, ăn gì, trải nghiệm nhanh Lead Muốn tận dụng trọn vẹn một ngày ở Móng Cái? Bài viết này gợi ý lịch trình ngắn, những điểm đến đáng chú ý và món ăn nên thử khi khám phá thành phố biên giới thuộc Quảng Ninh."
Mông Dương,Quảng Ninh,quán ăn ở Mông Dương Quảng Ninh,7643078383680638229,yeuyeu477,https://www.tiktok.com/@yeuyeu477/video/7643078383680638229,"Móng Cái Quảng Ninh: Phố giàu, hải sản tươi ngon và 8 bún cua ...","Nếu bạn đang tìm điểm ăn ngon và muốn thấy một góc Quảng Ninh khác lạ, Móng Cái đáng để lưu vào hành trình. Bạn đã thử bún cua Móng Cái hay hải sản ở đây chưa? Chia sẻ trải nghiệm để người khác biết thêm gợi ý địa điểm ăn uống."
Mông Dương,Quảng Ninh,quán ăn ở Mông Dương Quảng Ninh,7577823906266893585,miloondiet,https://www.tiktok.com/@miloondiet/video/7577823906266893585,Khám Phá Món Phở Tại Quán Ăn Ở Quảng Ninh | TikTokTop 20 Món Ăn Đặc Sản Tại Quảng Ninh | TikTokmời cả nhà ăn cơm mới 2 ae ở 14 quảng ninh đất mỏ #Hashtag ...,"Nov 29, 2025 · Khám Phá Món Phở Tại Quán Ăn Ở Quảng Ninh Thưởng thức phở bò gói hấp dẫn và khám phá cách làm món ngon với Milo ít đường! Nhấn vào xem ngay! #miloondiet #vtmqn #vtmgr Đây là bản tóm tắt nội dung do AI tạo và không nhằm mục đích cung cấp ngữ cảnh thực tế. Mar 30, 2024 · Top 20 Món Ăn Đặc Sản Tại Quảng Ninh Khám phá 20 món ăn đặc sản tuyệt vời của Quảng Ninh. Đừng bỏ lỡ những trải nghiệm ẩm thực thú vị ở đây! #thuylinhbooking #dulichvietnam #dacsanvietnam Video TikTok từ Tú Lạc🔋Đường 🔋 (@vuvantu088): ""mời cả nhà ăn cơm mới 2 ae ở 14 quảng ninh đất mỏ #Hashtag"".nhạc nền - Ji Ka@ - Ji ka."
Mông Dương,Quảng Ninh,quán ăn ở Mông Dương Quảng Ninh,7352139627471424775,langthanghalong2428,https://www.tiktok.com/@langthanghalong2428/video/7352139627471424775,Top 20 Món Ăn Đặc Sản Tại Quảng Ninh | TikTokmời cả nhà ăn cơm mới 2 ae ở 14 quảng ninh đất mỏ #Hashtag ...,"Mar 30, 2024 · Top 20 Món Ăn Đặc Sản Tại Quảng Ninh Khám phá 20 món ăn đặc sản tuyệt vời của Quảng Ninh. Đừng bỏ lỡ những trải nghiệm ẩm thực thú vị ở đây! #thuylinhbooking #dulichvietnam #dacsanvietnam Video TikTok từ Tú Lạc🔋Đường 🔋 (@vuvantu088): ""mời cả nhà ăn cơm mới 2 ae ở 14 quảng ninh đất mỏ #Hashtag"".nhạc nền - Ji Ka@ - Ji ka."
Mông Dương,Quảng Ninh,quán ăn ở Mông Dương Quảng Ninh,7688965937428532498,vuvantu088,https://www.tiktok.com/@vuvantu088/video/7688965937428532498,mời cả nhà ăn cơm mới 2 ae ở 14 quảng ninh đất mỏ #Hashtag ...,"Video TikTok từ Tú Lạc🔋Đường 🔋 (@vuvantu088): ""mời cả nhà ăn cơm mới 2 ae ở 14 quảng ninh đất mỏ #Hashtag"".nhạc nền - Ji Ka@ - Ji ka."
Mông Dương,Quảng Ninh,quán ăn ở Mông Dương Quảng Ninh,7640065479226182930,girlhaihuoc03,https://www.tiktok.com/@girlhaihuoc03/video/7640065479226182930,Bánh đúc Móng Cái: địa chỉ ăn một lần nhớ mãi (Móng Cái ...,"Kết thúc Bánh đúc Móng Cái là món ăn vặt đặc trưng, đáng thử khi đến Quảng Ninh — mềm tan, topping thịt băm và tép, bán từ sáng đến tối, đủ lý do để rủ bạn bè đi thưởng thức ngay."
Quang Hanh,Quảng Ninh,quán ăn ở Quang Hanh Quảng Ninh,7456994558199500050,food_tour_quang_ninh,https://www.tiktok.com/@food_tour_quang_ninh/video/7456994558199500050,Onsen Quang Hanh: Trải nghiệm đỉnh cao cùng người yêu | TikTokQuang Hanh Quảng Ninh | TikTokKhám phá thế giới ẩm thực trên TikTok với 10 tài khoản nội ...TikTok One Creative SuiteReview Chi Phí Sinh Bệnh Viện Thuỵ Điển | TikTokSuất 50k full trứng: review món ăn Quảng Ninh | TikTokTop 20 Món Ăn Đặc Sản Tại Quảng Ninh | TikTok,"Jan 7, 2025 · Onsen Quang Hanh: Trải nghiệm đỉnh cao cùng người yêu Khám phá Onsen Quang Hanh, trải nghiệm đỉnh cao cùng người yêu. Đừng bỏ lỡ điểm đến #dulichhalong #dulichquangninh. Đây là bản tóm tắt nội dung do AI tạo và không nhằm mục đích cung cấp ngữ cảnh thực tế. Video TikTok từ Thợ Săn Tiền Thưởng (@thosan_tien_thuong): ""Quang Hanh Quảng Ninh"".original sound - panda mun. Nếu là một tín đồ thuộc hội sành ăn, bạn nhất định không thể bỏ lỡ top 10 tài khoản TikTok về chủ đề ẩm thực được cộng đồng người dùng nền tảng yêu thích nhất năm vừa qua. Hashtag Discover new trends on TikTok through hashtags Creator Coming soon Connect with the hottest creators on TikTok Video Find inspiration through trending TikTok videos Sep 21, 2026 · 3.4M bài đăng. Hãy khám phá video liên quan đến Review Chi Phí Sinh Bệnh Viện Thuỵ Điển trên TikTok. Kết luận và lời khuyên Nếu bạn tìm suất ăn giá 50k có nhiều trứng và muốn biết liệu phù hợp khẩu vị Quảng Ninh, video này cung cấp đánh giá trực tiếp về giá trị và thành phần. Mar 30, 2024 · Top 20 Món Ăn Đặc Sản Tại Quảng Ninh Khám phá 20 món ăn đặc sản tuyệt vời của Quảng Ninh. Đừng bỏ lỡ những trải nghiệm ẩm thực thú vị ở đây! #thuylinhbooking #dulichvietnam #dacsanvietnam"
Quang Hanh,Quảng Ninh,quán ăn ở Quang Hanh Quảng Ninh,7687171701007863061,thosan_tien_thuong,https://www.tiktok.com/@thosan_tien_thuong/video/7687171701007863061,Quang Hanh Quảng Ninh | TikTok,"Video TikTok từ Thợ Săn Tiền Thưởng (@thosan_tien_thuong): ""Quang Hanh Quảng Ninh"".original sound - panda mun."
Quang Hanh,Quảng Ninh,quán ăn ở Quang Hanh Quảng Ninh,7674966802383785237,duy.anh_food,https://www.tiktok.com/@duy.anh_food/video/7674966802383785237,Suất 50k full trứng: review món ăn Quảng Ninh | TikTok,"Kết luận và lời khuyên Nếu bạn tìm suất ăn giá 50k có nhiều trứng và muốn biết liệu phù hợp khẩu vị Quảng Ninh, video này cung cấp đánh giá trực tiếp về giá trị và thành phần."
Quang Hanh,Quảng Ninh,quán ăn ở Quang Hanh Quảng Ninh,7352139627471424775,langthanghalong2428,https://www.tiktok.com/@langthanghalong2428/video/7352139627471424775,Top 20 Món Ăn Đặc Sản Tại Quảng Ninh | TikTok,"Mar 30, 2024 · Top 20 Món Ăn Đặc Sản Tại Quảng Ninh Khám phá 20 món ăn đặc sản tuyệt vời của Quảng Ninh. Đừng bỏ lỡ những trải nghiệm ẩm thực thú vị ở đây! #thuylinhbooking #dulichvietnam #dacsanvietnam"
Cửa Ông,Quảng Ninh,quán ăn ở Cửa Ông Quảng Ninh,7467926505557986582,,https://www.tiktok.com/@/video/7467926505557986582,TikTok - Make Your Day,TikTok - Make Your Day
Cửa Ông,Quảng Ninh,quán ăn ở Cửa Ông Quảng Ninh,7006467767717203206,,https://www.tiktok.com/@/_sauce90/video/7006467767717203206,TikTok,TikTok for GoodAdvertiseSell on TikTok ShopTikTok LIVE Creator NetworksDevelopersTransparencyTikTok EmbedsSoundOn Music DistributionTikTok LiveTikTok Shop
Cửa Ông,Quảng Ninh,quán ăn ở Cửa Ông Quảng Ninh,7208702356110740742,,https://support16-normal-useast1a.tiktok.com/@/video/7208702356110740742,support16-normal-useast1a.tiktok.com,support16-normal-useast1a.tiktok.com
Cửa Ông,Quảng Ninh,quán ăn ở Cửa Ông Quảng Ninh,7345623727712914720,,https://www.tiktok.com/@/video/7345623727712914720,TikTok - Make Your Day,Log in to TikTok This post may not be comfortable for some audiences. Log in to make the most of your experience.
Cửa Ông,Quảng Ninh,quán ăn ở Cửa Ông Quảng Ninh,6925497998071860485,,https://www.tiktok.com/@/video/6925497998071860485/,TikTok - Make Your Day,ไม่มีหน้านี้อยู่ ขออภัยด้วย โปรดลองอีกครั้งในภายหลัง ลอง ...
Cửa Ông,Quảng Ninh,quán ăn ở Cửa Ông Quảng Ninh,7470274605895372078,,https://www.tiktok.com/@/video/7470274605895372078,TikTok - Make Your Day,"This account is private Looking for videos? Try browsing our trending creators, hashtags, and sounds."
Cửa Ông,Quảng Ninh,quán ăn ở Cửa Ông Quảng Ninh,7612982828782882069,,https://www.tiktok.com/video/7612982828782882069,TikTok,TikTok ... TikTok
Cửa Ông,Quảng Ninh,quán ăn ở Cửa Ông Quảng Ninh,7384833270912961825,,https://www.tiktok.com/video/7384833270912961825,TikTok,4 0 4 Couldn't find this page Check out more trending videos on TikTok Watch now
Cửa Ông,Quảng Ninh,quán ăn ở Cửa Ông Quảng Ninh,7322863705207737607,thuhuongvandon,https://www.tiktok.com/@thuhuongvandon/video/7322863705207737607,Bánh Cuốn Ngã 3 Chợ Cửa Ông: Hương Vị Đặc Sản Quảng Ninh | TikTok,"Jan 11, 2024 · Khám phá món bánh cuốn tại Ngã 3 Chợ Cửa Ông, một đặc sản không thể bỏ qua ở Quảng Ninh! #thuhuongvandon #banhcuoncuaong #dencuaong"
Cửa Ông,Quảng Ninh,quán ăn ở Cửa Ông Quảng Ninh,7665369032526269717,titmitquangninh,https://www.tiktok.com/@titmitquangninh/video/7665369032526269717,Bánh tiêu phô mai trứng chảy Cửa Ông - Thử ngay Lý Thường ...,"Địa điểm - Vị trí ghi trong cover: Lý Thường Kiệt, Cửa Ông, Quảng Ninh. - Lần đầu xuất hiện ở Cửa Ông, phù hợp để thử khi tham quan khu vực. Lời khuyên khi thử - Thưởng thức khi còn nóng để phô mai và trứng giữ độ kéo sợi, độ chảy tốt nhất."
Cửa Ông,Quảng Ninh,quán ăn ở Cửa Ông Quảng Ninh,7611159217642245384,chuadaocoto68,https://www.tiktok.com/@chuadaocoto68/video/7611159217642245384,Khám Phá Đền Cửa Ông Tâm Linh Quảng Ninh | TikTok,"Đền Cửa Ông là điểm đến tâm linh nổi tiếng Quảng Ninh, nơi thờ Trần Quốc Tảng – danh tướng thời Trần. Đầu năm, người dân và du khách về đây dâng hương cầu bình an, sức khỏe, làm ăn thuận lợi.Đền nằm trên đồi cao, hướng ra vịnh Bái Tử Long, không gian thoáng ..."
Cửa Ông,Quảng Ninh,quán ăn ở Cửa Ông Quảng Ninh,7666071093777616149,aboutthuw,https://www.tiktok.com/@aboutthuw/video/7666071093777616149,Quan Lạn Quảng Ninh travel guide: ăn uống & homestay gợi ý ...,"Tóm tắt nhanh về Quan Lạn (Quảng Ninh) và những gợi ý cần biết Quan Lạn (thuộc Quảng Ninh) là điểm du lịch biển nhỏ, phù hợp cho chuyến nghỉ ngắn. Nội dung tập trung vào ba điều chính: chỗ ở, món ăn nổi bật và ghi chú du lịch ngắn gọn."
Cửa Ông,Quảng Ninh,quán ăn ở Cửa Ông Quảng Ninh,7352139627471424775,langthanghalong2428,https://www.tiktok.com/@langthanghalong2428/video/7352139627471424775,Top 20 Món Ăn Đặc Sản Tại Quảng Ninh | TikTokĐền Cửa Ông Quảng Ninh 2026 #halongtattantat ... - TikTok,"Mar 30, 2024 · Top 20 Món Ăn Đặc Sản Tại Quảng Ninh Khám phá 20 món ăn đặc sản tuyệt vời của Quảng Ninh. Đừng bỏ lỡ những trải nghiệm ẩm thực thú vị ở đây! #thuylinhbooking #dulichvietnam #dacsanvietnam 523 Lượt thích,Video TikTok từ Hạ Long Tất Tần Tật (@halongtattantat): ""Đền Cửa Ông Quảng Ninh 2026 #halongtattantat #dencuaong #reviewhalongtattantat #2026"".âm thanh gốc - Hạ Long Tất Tần Tật."
Cửa Ông,Quảng Ninh,quán ăn ở Cửa Ông Quảng Ninh,7608894558318988565,halongtattantat,https://www.tiktok.com/@halongtattantat/video/7608894558318988565,Đền Cửa Ông Quảng Ninh 2026 #halongtattantat ... - TikTok,"523 Lượt thích,Video TikTok từ Hạ Long Tất Tần Tật (@halongtattantat): ""Đền Cửa Ông Quảng Ninh 2026 #halongtattantat #dencuaong #reviewhalongtattantat #2026"".âm thanh gốc - Hạ Long Tất Tần Tật."
Cửa Ông,Quảng Ninh,quán ăn ở Cửa Ông Quảng Ninh,7466805022165175560,hal0ngchill,https://www.tiktok.com/@hal0ngchill/video/7466805022165175560,"Khám Phá Đền Cửa Ông tại Quảng Ninh | TikTokCửa Ông | TikTok PlacesLễ hội Đền Cửa Ông tại Quảng Ninh 2025 | TikTokTikTok - Make Your DayĐền Cửa Ông: Nơi Tôn Kính Trần Quốc Tảng | TikTokKhám Phá Đền Cửa Ông Trên Con Đường Du Xuân 2025 | TikTokKhám Phá Đền Cửa Ông Tại Cẩm Phả, Quảng Ninh | TikTok","Feb 2, 2025 · 12.7K Lượt thích,401 Bình luận.Video TikTok từ Hạ Long Chill (@hal0ngchill): ""Khám phá Đền Cửa Ông và Chùa Ba Vàng ở Quảng Ninh, nơi văn hóa và thiên nhiên hòa quyện. #dencuaong #halong #baichay #quangninh #halongchill"". 10.7K videos. Explore Cửa Ông on TikTok Aug 15, 2025 · Đền Cửa Ông nằm tại phường Cửa Ông, thành phố Cẩm Phả, tỉnh Quảng Ninh. Đây là nơi thờ Hưng Nhượng Đại Vương Trần Quốc Tảng cùng nhiều nhân vật nổi tiếng thời nhà Trần, và cũng là nơi diễn ra Lễ hội đền Cửa Ông hằng năm. #dencuaong #quangninh #haudong #tiktok #xuhuong TikTok - trends start here. On a device or on the web, viewers can watch and discover millions of personalized short videos. Download the app to get started. Jun 21, 2025 · Đền Cửa Ông Đền Cửa Ông (còn gọi là Đông Hải linh từ hay đền Đức Ông) nằm trên địa bàn phường Cửa Ông, thành phố Cẩm Phả, tỉnh Quảng Ninh. Đền thờ thần chủ là Quốc Khảo Hưng Nhượng Đại Vương Trần Quốc Tảng, ngoài ra còn phối thờ Cửu Thiên Vũ Đế Quốc Phụ Nhân Vũ Hưng Đạo Đại Vương cùng ... 1690 Lượt thích,52 Bình luận.Video TikTok từ Hạ Long Tất Tần Tật (@halongtattantat): ""Khám phá vẻ đẹp Đền Cửa Ông cùng những trải nghiệm thú vị trong dịp xuân 2025. #hạlongtấttầntật #reviewhalongtattantat #dencuaong #duxuan2025"". 105 Lượt thích,Video TikTok từ Quảng Ninh tôi yêu (@14quangninhtoiyeu): ""Đền Cửa Ông, biểu tượng văn hóa lịch sử, nơi thờ Trần Quốc Tảng, mang lại bình an và tài lộc. Khám phá vẻ đẹp và ý nghĩa của di tích này! #quangninhtoiyeu #xyzbca #viral #capcut""."
Nùng Trí Cao,Cao Bằng,quán ăn ở Nùng Trí Cao Cao Bằng,7664084023861349653,khnh.ld11,https://www.tiktok.com/@khnh.ld11/video/7664084023861349653,Khám phá chợ phiên vùng cao Cao Bằng và đặc sản Tày Nùng | TikTok,"Kết thúc Chợ phiên vùng cao ở Cách Linh, Cao Bằng là điểm đến lý tưởng để khám phá văn hóa Tày, Nùng và thưởng thức đặc sản như bánh cuốn, bánh áp chao. Bạn có thể ghi lại trải nghiệm ăn uống (mukbang) để chia sẻ hương vị vùng cao với người xem."
Nùng Trí Cao,Cao Bằng,quán ăn ở Nùng Trí Cao Cao Bằng,7674453111724936455,truonghoaithuong298,https://www.tiktok.com/@truonghoaithuong298/video/7674453111724936455,Ăn gì ở Cao Bằng: review đồ ăn Angi Cao Bằng | TikTok,"A: Video gợi ý những món ăn đặc sản và trải nghiệm ẩm thực tại Cao Bằng mà bạn nên thử. Q: Quán ăn nào ở Angi Cao Bằng được gợi ý? A: Video tập trung review các món ăn và trải nghiệm ẩm thực tại Angi Cao Bằng, đưa ra lời khuyên về những gì nên thử."
Nùng Trí Cao,Cao Bằng,quán ăn ở Nùng Trí Cao Cao Bằng,7373231448725163265,camap.duu,https://www.tiktok.com/@camap.duu/video/7373231448725163265,Đặc sản và quán ăn ngon ở Cao Bằng | TikTokQuá nhanh quá đẳng cấp đến từ vị trí của Nùng Trí Cao với các ...Bún bò ngã tư Nà Cáp Cao Bằng - Review quán ... - TikTok,"May 26, 2024 · Khám phá các món ăn sáng và trưa hấp dẫn tại Cao Bằng và những địa điểm ẩm thực độc đáo. Tìm hiểu về đặc sản và top nhà hàng từ food tour Cao Bằng. Đây là bản tóm tắt nội dung do AI tạo và không nhằm mục đích cung cấp ngữ cảnh thực tế. 26 Lượt thích,Video TikTok từ Giàng Ơi (@giangoi20): ""Quá nhanh quá đẳng cấp đến từ vị trí của Nùng Trí Cao với các cao thủ Lày Cỏ top đầu Cao Bằng#xuhuong #caobang #layco #2026 #lehoi"".âm thanh gốc - Giàng Ơi. So sánh & liên quan Người quan tâm cũng tìm kiếm “Bún Bò Huế” và “bánh bò Cao Bằng” — cho thấy nhu cầu so sánh hương vị miền Trung với biến thể địa phương và khám phá thêm đặc sản như bánh bò ở Cao Bằng."
Nùng Trí Cao,Cao Bằng,quán ăn ở Nùng Trí Cao Cao Bằng,7672975187498781973,giangoi20,https://www.tiktok.com/@giangoi20/video/7672975187498781973,Quá nhanh quá đẳng cấp đến từ vị trí của Nùng Trí Cao với các ...,"26 Lượt thích,Video TikTok từ Giàng Ơi (@giangoi20): ""Quá nhanh quá đẳng cấp đến từ vị trí của Nùng Trí Cao với các cao thủ Lày Cỏ top đầu Cao Bằng#xuhuong #caobang #layco #2026 #lehoi"".âm thanh gốc - Giàng Ơi."
Nùng Trí Cao,Cao Bằng,quán ăn ở Nùng Trí Cao Cao Bằng,7676138673078897941,nanghen.caobang,https://www.tiktok.com/@nanghen.caobang/video/7676138673078897941,Bún bò ngã tư Nà Cáp Cao Bằng - Review quán ... - TikTok,So sánh & liên quan Người quan tâm cũng tìm kiếm “Bún Bò Huế” và “bánh bò Cao Bằng” — cho thấy nhu cầu so sánh hương vị miền Trung với biến thể địa phương và khám phá thêm đặc sản như bánh bò ở Cao Bằng.
Cẩm Phả,Quảng Ninh,quán ăn ở Cẩm Phả Quảng Ninh,7522823115622354194,mayquangninh_reviewer,https://www.tiktok.com/@mayquangninh_reviewer/video/7522823115622354194,Quán Ăn Đêm Ngon Nhất Cẩm Phả - Địa Điểm Không Thể Bỏ Qua ...,"Jul 3, 2025 · Khám phá quán ăn đêm với món ngon đa dạng tại Cẩm Phả. Đảm bảo trải nghiệm ẩm thực tuyệt vời! #anroilanwithvann #quangninh #foodreview Đây là bản tóm tắt nội dung do AI tạo và không nhằm mục đích cung cấp ngữ cảnh thực tế."
Cẩm Phả,Quảng Ninh,quán ăn ở Cẩm Phả Quảng Ninh,7654174677463747848,mayquangninh_reviewer,https://www.tiktok.com/@mayquangninh_reviewer/video/7654174677463747848,Ở Cẩm Phả ăn nhà hàng này cũng ngon nè #mayquangninh # ...,"676 Lượt thích,49 Bình luận.Video TikTok từ Mây Quảng Ninh (@mayquangninh_reviewer): ""Ở Cẩm Phả ăn nhà hàng này cũng ngon nè #mayquangninh #reviewer #foodreview #quangninh #campha"".Nhà hàng Đức Anh Tổ 4 Khu 8 Cẩm Thành Cẩm Phả - QNâm thanh gốc - Mây Quảng Ninh."
Cẩm Phả,Quảng Ninh,quán ăn ở Cẩm Phả Quảng Ninh,7548446570824486151,mayquangninh_reviewer,https://www.tiktok.com/@mayquangninh_reviewer/video/7548446570824486151,Cháo quẩy ngon ở Cẩm Phả | TikTok,"Sep 10, 2025 · Khám phá quán cháo quẩy nổi tiếng tại Cẩm Phả với nhiều món ăn vặt hấp dẫn. Địa chỉ: 56A Võ Huy Tâm, Quang Ninh. #mayquangninh #angichoigioquangninh #anroilanwithvann"
Cẩm Phả,Quảng Ninh,quán ăn ở Cẩm Phả Quảng Ninh,7542891417278991634,mayquangninh_reviewer,https://www.tiktok.com/@mayquangninh_reviewer/video/7542891417278991634,Quán Ốc Cẩm Phả: Địa Điểm Ăn Đêm Ngon Nhất | TikTok,"Aug 26, 2025 · Khám phá quán ốc lâu đời ở Cẩm Phả với menu đa dạng và không gian sạch sẽ. Thực đơn phong phú từ ốc len đến mì xào. #mayquangninh #anroilanwithvann"
Cẩm Phả,Quảng Ninh,quán ăn ở Cẩm Phả Quảng Ninh,7653264672652594449,thuongtho97,https://www.tiktok.com/@thuongtho97/video/7653264672652594449,Quán bún Dốc Hải Yến Cẩm Phả – Giá 30·40·50k | TikTok,"Trải nghiệm ẩm thực - Quán phù hợp để ăn sáng hoặc trưa, so sánh với các lựa chọn khác ở Cẩm Phả như bún rạp công nhân, quán Út Hồng, hay các quán lẩu và ốc địa phương."
Cẩm Phả,Quảng Ninh,quán ăn ở Cẩm Phả Quảng Ninh,7650518434991656210,phuongthuan_food_campha,https://www.tiktok.com/@phuongthuan_food_campha/video/7650518434991656210,Quán ăn vặt Cẩm Phả: review nhiều món ngon chưa thử hết | TikTok,"Kết luận Quán ăn vặt ở Cẩm Phả đáng thử nếu muốn khám phá nhiều món khác nhau; video mang lại cảm nhận thực tế, gợi ý món nên thử và mẹo gọi để tận hưởng trọn vẹn."
Cẩm Phả,Quảng Ninh,quán ăn ở Cẩm Phả Quảng Ninh,7561059662213156116,titmitquangninh,https://www.tiktok.com/@titmitquangninh/video/7561059662213156116,Quán nướng Cherry BBQ: Vị ngon Cẩm Phả | TikTok,"Khám phá quán nướng Cherry BBQ ở Cẩm Phả với món ăn ngon miệng, phục vụ chậm nhưng đảm bảo chất lượng. Đừng quên thử ngay! #vtmgr #titmitquangninh #bbq"
Vàng Danh,Quảng Ninh,quán ăn ở Vàng Danh Quảng Ninh,7686499579797310740,dieptran1987,https://www.tiktok.com/@dieptran1987/video/7686499579797310740,Vàng Danh ở Quảng Ninh | TikTok,"Vàng Danh ở Quảng Ninh. Video ghi lại Vàng Danh tại Quảng Ninh với không khí vui vẻ; sticker trên video viết: “Vàng Danh ở Quảng Ninh\nHôm nay vui quá quá \nCô Bác oi🤣🥰”. Các truy vấn liên quan trong ứng dụng bao gồm: hầm tàu hỏa vàng danh, vàng danh bố mày đây, vàng danh, quảng ninh, quảng ninh vàng danh quán ăn, vanh danh ..."
Vàng Danh,Quảng Ninh,quán ăn ở Vàng Danh Quảng Ninh,7652597408370642194,nguyenhoanglong3878,https://www.tiktok.com/@nguyenhoanglong3878/video/7652597408370642194,Vàng Danh Uông Bí Quảng Ninh: Lịch sử mỏ ... - TikTok,"Kết luận Vàng Danh là điểm giao thoa giữa lịch sử công nghiệp mỏ và cảnh quan văn hóa, phù hợp cho người quan tâm lịch sử, văn hóa Phật giáo và trải nghiệm các khung cảnh yên bình gần Yên Tử. Bạn đã từng ghé Vàng Danh chưa?"
Vàng Danh,Quảng Ninh,quán ăn ở Vàng Danh Quảng Ninh,7598787142944410888,khunglongdangyeu,https://www.tiktok.com/@khunglongdangyeu/video/7598787142944410888,Xu Hướng Chấp Vàng Tại Quảng Ninh | TikTokVàng Danh: ý nghĩa và cách dùng hashtag VàngDanh | TikTokQuán cũ nhưng vàng: Review quán Gia đình BB Giảng Võ | TikTokTikTok - Make Your DayLụt ở Vàng Danh: sợ nhất khi mở quán | moquan274 | TikTok,"Khám phá những xu hướng chấp vàng thú vị ở Quảng Ninh. Video cùng nhiều khoảnh khắc hài hước đáng yêu! #thuysanmienbac #xuhuong #quảngninh #cadiacong Kết luận Hashtag #VàngDanh phù hợp cho nội dung nhấn mạnh giá trị, danh tiếng hoặc danh hiệu. Khi sử dụng, kết hợp các hashtag mô tả cụ thể và duy trì tính nhất quán trong thương hiệu để tối ưu hóa tiếp cận. Lead Quán Gia đình BB ở Giảng Võ được gọi là ""quán cũ nhưng vàng"": một địa chỉ quen thuộc với thực khách mê ẩm thực, giữ được chất lượng và hương vị ổn định theo thời gian. TikTok - trends start here. On a device or on the web, viewers can watch and discover millions of personalized short videos. Download the app to get started. Video mô tả tình trạng lụt xảy ra ở Vàng Danh và nỗi lo của người mở quán tại vùng đất mỏ này. Người sáng tạo nói ""Lụt! Đây chính là điều mà mình sợ nhất khi mở quán ở đất mỏ Vàng Danh"" và dùng hashtag liên quan: #moquan274, #nuongchaogang, #lausuonbokimchi, #vangdanh, #uongbi."
Vàng Danh,Quảng Ninh,quán ăn ở Vàng Danh Quảng Ninh,7675670484511509780,anhphao,https://www.tiktok.com/@anhphao/video/7675670484511509780,Vàng Danh: ý nghĩa và cách dùng hashtag VàngDanh | TikTok,"Kết luận Hashtag #VàngDanh phù hợp cho nội dung nhấn mạnh giá trị, danh tiếng hoặc danh hiệu. Khi sử dụng, kết hợp các hashtag mô tả cụ thể và duy trì tính nhất quán trong thương hiệu để tối ưu hóa tiếp cận."
Vàng Danh,Quảng Ninh,quán ăn ở Vàng Danh Quảng Ninh,7664946578485955847,su_cooking_sharing,https://www.tiktok.com/@su_cooking_sharing/video/7664946578485955847,Quán cũ nhưng vàng: Review quán Gia đình BB Giảng Võ | TikTok,"Lead Quán Gia đình BB ở Giảng Võ được gọi là ""quán cũ nhưng vàng"": một địa chỉ quen thuộc với thực khách mê ẩm thực, giữ được chất lượng và hương vị ổn định theo thời gian."
Vàng Danh,Quảng Ninh,quán ăn ở Vàng Danh Quảng Ninh,7677206823744605448,moquan274vangdanh,https://www.tiktok.com/@moquan274vangdanh/video/7677206823744605448,Lụt ở Vàng Danh: sợ nhất khi mở quán | moquan274 | TikTok,"Video mô tả tình trạng lụt xảy ra ở Vàng Danh và nỗi lo của người mở quán tại vùng đất mỏ này. Người sáng tạo nói ""Lụt! Đây chính là điều mà mình sợ nhất khi mở quán ở đất mỏ Vàng Danh"" và dùng hashtag liên quan: #moquan274, #nuongchaogang, #lausuonbokimchi, #vangdanh, #uongbi."
Yên Tử,Quảng Ninh,quán ăn ở Yên Tử Quảng Ninh,7470106567619218706,ninhtito,https://www.tiktok.com/@ninhtito/video/7470106567619218706,"Food tour Yên Tử - Uông Bí - Quảng Ninh cùng #ninhtito đầu ...Food Tour Quảng Yên: Địa điểm ăn uống ngon ở Quảng Ninh | TikTokYên Tử Quán (@0yentuquan0) | TikTokNày thì đòi đi cùng ở Yên Tử, Quảng Ninh | TikTokMăng trúc Yên Tử: Đặc sản Quảng Ninh không thể bỏ qua | TikTokĐến Yên Tử: Hướng dẫn trải nghiệm bình yên ở Quảng Ninh | TikTokDu lịch Yên Tử Quảng Ninh: điểm đến nổi bật dịp 2/9 | TikTok","Feb 11, 2025 · Food tour đêm cùng Ninh Tito! Hoá ra là ăn nhiều mà răng vẫn trắng là có bí kíp riêng 🧐 #ninhtito #PSProCare #ManhMiengNhoPSProCare #HangTyIonHoTroLoiKhuan #HợptáccùngUnilever Tổng quan Food tour Quảng Yên khai thác trải nghiệm ẩm thực địa phương tại Quảng Ninh, tổng hợp các món ngon, địa chỉ quán và cảm nhận ăn uống trong hành trình. Yên Tử Quán (@0yentuquan0) trên TikTok |13.4M Lượt thích.264K Follower.“Nữ nhi hồng, người say ta tỉnh Trường tương tư, ta tấu người nghe""Xem video phổ biến của Yên Tử Quán: ""#cotrang #nhactrungq..."", ""#trungquoc #cotrang ..."". Kết luận và kêu gọi hành động Nếu thích khoảnh khắc này, tìm thêm nội dung về Yên Tử và Quảng Ninh bằng các hashtag gốc. Chia sẻ khoảnh khắc hài của bạn khi leo núi và tag #insightquangninh để kết nối trải nghiệm tương tự. Feb 24, 2024 · Discover the Delight of Măng Trúc Yên Tử! 🏞️ Măng Trúc Yên Tử, a precious specialty gifted by nature, awaits you in Quảng Ninh! 🤩 When visiting Yên Tử, you'll easily spot locals selling this unique bamboo shoot. Bạn đã từng đến Yên Tử chưa? Chia sẻ khoảnh khắc bình yên bạn nhớ nhất khi hành hương ở đây. AI Video Summary: Khám phá Yên Tử, Quảng Ninh để tìm kiếm sự bình yên với những kinh nghiệm tham quan, cách di chuyển và các điểm nổi bật. - Lưu ý thời tiết và dịch vụ: Dịp lễ có thể tăng giá dịch vụ và chỗ ở; chuẩn bị trước đặt chỗ và kiểm tra dự báo thời tiết. Kết luận Yên Tử Quảng Ninh là điểm đến lý tưởng cho dịp 2/9 với cảnh chào cờ, không gian tâm linh và nhiều hoạt động văn hóa."
Yên Tử,Quảng Ninh,quán ăn ở Yên Tử Quảng Ninh,7662401633975848213,tienminhlong,https://www.tiktok.com/@tienminhlong/video/7662401633975848213,Food Tour Quảng Yên: Địa điểm ăn uống ngon ở Quảng Ninh | TikTok,"Tổng quan Food tour Quảng Yên khai thác trải nghiệm ẩm thực địa phương tại Quảng Ninh, tổng hợp các món ngon, địa chỉ quán và cảm nhận ăn uống trong hành trình."
Yên Tử,Quảng Ninh,quán ăn ở Yên Tử Quảng Ninh,7632671352326999304,insightquangninh,https://www.tiktok.com/@insightquangninh/video/7632671352326999304,"Này thì đòi đi cùng ở Yên Tử, Quảng Ninh | TikTok","Kết luận và kêu gọi hành động Nếu thích khoảnh khắc này, tìm thêm nội dung về Yên Tử và Quảng Ninh bằng các hashtag gốc. Chia sẻ khoảnh khắc hài của bạn khi leo núi và tag #insightquangninh để kết nối trải nghiệm tương tự."
Yên Tử,Quảng Ninh,quán ăn ở Yên Tử Quảng Ninh,7339058107064077575,nangdauquangninh,https://www.tiktok.com/@nangdauquangninh/video/7339058107064077575,Măng trúc Yên Tử: Đặc sản Quảng Ninh không thể bỏ qua | TikTok,"Feb 24, 2024 · Discover the Delight of Măng Trúc Yên Tử! 🏞️ Măng Trúc Yên Tử, a precious specialty gifted by nature, awaits you in Quảng Ninh! 🤩 When visiting Yên Tử, you'll easily spot locals selling this unique bamboo shoot."
Yên Tử,Quảng Ninh,quán ăn ở Yên Tử Quảng Ninh,7656827242890235152,bixchu,https://www.tiktok.com/@bixchu/video/7656827242890235152,Đến Yên Tử: Hướng dẫn trải nghiệm bình yên ở Quảng Ninh | TikTok,"Bạn đã từng đến Yên Tử chưa? Chia sẻ khoảnh khắc bình yên bạn nhớ nhất khi hành hương ở đây. AI Video Summary: Khám phá Yên Tử, Quảng Ninh để tìm kiếm sự bình yên với những kinh nghiệm tham quan, cách di chuyển và các điểm nổi bật."
Yên Tử,Quảng Ninh,quán ăn ở Yên Tử Quảng Ninh,7680866490609978645,quangninh.tinhhoa,https://www.tiktok.com/@quangninh.tinhhoa/video/7680866490609978645,Du lịch Yên Tử Quảng Ninh: điểm đến nổi bật dịp 2/9 | TikTok,"- Lưu ý thời tiết và dịch vụ: Dịp lễ có thể tăng giá dịch vụ và chỗ ở; chuẩn bị trước đặt chỗ và kiểm tra dự báo thời tiết. Kết luận Yên Tử Quảng Ninh là điểm đến lý tưởng cho dịp 2/9 với cảnh chào cờ, không gian tâm linh và nhiều hoạt động văn hóa."
Tân Giang,Cao Bằng,quán ăn ở Tân Giang Cao Bằng,7373231448725163265,camap.duu,https://www.tiktok.com/@camap.duu/video/7373231448725163265,"Đặc sản và quán ăn ngon ở Cao Bằng | TikTok[XẢ HÀNG] Combo 10 Hashtag cầm tay chụp ảnh Lễ Cưới, Ăn HỏiTikTok One Creative SuiteBún bò ngã tư Nà Cáp Cao Bằng - Review quán ... - TikTok#caobangfood Gắn hashtag cho các video trên TikTokCao Giang (@caogiang_chef) | TikTok","May 26, 2024 · Khám phá các món ăn sáng và trưa hấp dẫn tại Cao Bằng và những địa điểm ẩm thực độc đáo. Tìm hiểu về đặc sản và top nhà hàng từ food tour Cao Bằng. Đây là bản tóm tắt nội dung do AI tạo và không nhằm mục đích cung cấp ngữ cảnh thực tế. Mua [XẢ HÀNG] Combo 10 Hashtag cầm tay chụp ảnh Lễ Cưới, Ăn Hỏi trên TikTok Shop. Săn giá siêu hời cho Đồ trang trí lễ hội và được freeship mặt hàng đủ điều kiện. Hashtag Discover new trends on TikTok through hashtags Creator Coming soon Connect with the hottest creators on TikTok Video Find inspiration through trending TikTok videos So sánh & liên quan Người quan tâm cũng tìm kiếm “Bún Bò Huế” và “bánh bò Cao Bằng” — cho thấy nhu cầu so sánh hương vị miền Trung với biến thể địa phương và khám phá thêm đặc sản như bánh bò ở Cao Bằng. haly188 Dù đi chơi xa vẫn muốn ăn cơm nhà 😋😋 Quán Yên ở Cao Bằng nha #caobangreview#caobangtrip#caobangfood#caobang#vietnam Cao Giang (@caogiang_chef) trên TikTok |5.8M Lượt thích.665.1K Follower.Lớp học đồ ăn vặt của Giang ở link bên dưới 👇🏻👇🏻👇🏻.Xem video phổ biến của Cao Giang: ""Siêu phẩm sốt cá kho..."", ""Thịt xiên nướng ngon...""."
Tân Giang,Cao Bằng,quán ăn ở Tân Giang Cao Bằng,7676138673078897941,nanghen.caobang,https://www.tiktok.com/@nanghen.caobang/video/7676138673078897941,Bún bò ngã tư Nà Cáp Cao Bằng - Review quán ... - TikTok,So sánh & liên quan Người quan tâm cũng tìm kiếm “Bún Bò Huế” và “bánh bò Cao Bằng” — cho thấy nhu cầu so sánh hương vị miền Trung với biến thể địa phương và khám phá thêm đặc sản như bánh bò ở Cao Bằng.
Hoành Bồ,Quảng Ninh,quán ăn ở Hoành Bồ Quảng Ninh,7467926505557986582,,https://www.tiktok.com/@/video/7467926505557986582,TikTok - Make Your Day,TikTok - Make Your Day
Hoành Bồ,Quảng Ninh,quán ăn ở Hoành Bồ Quảng Ninh,7208702356110740742,,https://support16-normal-useast1a.tiktok.com/@/video/7208702356110740742,support16-normal-useast1a.tiktok.com,support16-normal-useast1a.tiktok.com
Hoành Bồ,Quảng Ninh,quán ăn ở Hoành Bồ Quảng Ninh,7345623727712914720,,https://www.tiktok.com/@/video/7345623727712914720,TikTok - Make Your Day,Log in to TikTok This post may not be comfortable for some audiences. Log in to make the most of your experience.
Hoành Bồ,Quảng Ninh,quán ăn ở Hoành Bồ Quảng Ninh,7006467767717203206,,https://www.tiktok.com/@/_sauce90/video/7006467767717203206,TikTok,TikTok for GoodAdvertiseSell on TikTok ShopTikTok LIVE Creator NetworksDevelopersTransparencyTikTok EmbedsSoundOn Music DistributionTikTok LiveTikTok Shop
Hoành Bồ,Quảng Ninh,quán ăn ở Hoành Bồ Quảng Ninh,6925497998071860485,,https://www.tiktok.com/@/video/6925497998071860485/,TikTok - Make Your Day,ไม่มีหน้านี้อยู่ ขออภัยด้วย โปรดลองอีกครั้งในภายหลัง ลอง ...
Hoành Bồ,Quảng Ninh,quán ăn ở Hoành Bồ Quảng Ninh,7470274605895372078,,https://www.tiktok.com/@/video/7470274605895372078,TikTok - Make Your Day,"This account is private Looking for videos? Try browsing our trending creators, hashtags, and sounds."
Hoành Bồ,Quảng Ninh,quán ăn ở Hoành Bồ Quảng Ninh,7671445603108375815,vit.nam4011,https://www.tiktok.com/@vit.nam4011/video/7671445603108375815,"Chợ Trới Hoành Bồ: Hướng dẫn, địa điểm và món ăn vặt nổi bật ...","Khách có thể đi xe máy hoặc ô tô đến chợ; tìm theo tên ""Chợ Trới Hoành Bồ"" trên ứng dụng bản đồ để dẫn đường chính xác. Món ăn vặt và quán đáng thử Chợ nổi tiếng với nhiều quầy ăn vặt địa phương."
Hoành Bồ,Quảng Ninh,quán ăn ở Hoành Bồ Quảng Ninh,7638565544651869458,lee.c.rt,https://www.tiktok.com/@lee.c.rt/video/7638565544651869458,"Khu trải nghiệm O Xanh ( Khe O Xanh ), Hoành Bồ, Quảng Ninh ...Khám Phá 1 Chiều Ăn Vặt Tại Chợ Trới - Hoành Bồ | TikTokKhe O Xanh Hoành Bồ Quảng Ninh đang rất hot, nhưng liệu có ...Hoành Bồ - Quảng Ninh - Thcs Trới #xh #xuhuong # ...Khởi động ngày mới với Pao Quán Hoành Mơ ở Quảng Ninh | TikTokHoàng Quân 211 Hoành Bồ @Hoangquann #xhh #xhuongg #fyp # ...","Khu trải nghiệm O Xanh ( Khe O Xanh ), Hoành Bồ, Quảng Ninh 💵 Vé vào cửa: - 79k/người lớn - 55k/trẻ em Đầy đủ bàn ghế camping bên suối, lều cắm trại, bể bơi, vườn thú,.. Có nhà hàng ăn trưa hoặc mang đồ ăn đến chill chill 1807 Lượt thích,143 Bình luận.Video TikTok từ Quảng Ninh Holic (@quang.ninh.holic): ""Trải nghiệm ẩm thực độc đáo với các món ăn vặt hấp dẫn tại chợ Trới. Khám phá ngay món ngon cùng chúng tôi! #vtmgr #quangninhholic #ancungtiktok #tet2025 #anvat"". 571 Lượt thích,41 Bình luận.Video TikTok từ TùngKhoai (@tungkhoai.pov): ""Khe O Xanh Hoành Bồ Quảng Ninh đang rất hot, nhưng liệu có đẹp như trên mạng? Mình đã đi và review thật, không PR. Xem xong nhớ cho mình ý kiến nhé #tungkhoai #creatorsearchinsights"".欢快 清新 综艺 - 张辉. 657 Lượt thích,71 Bình luận.Video TikTok từ Thợ săn tiền thưởng (@thosantienthuongqninh): ""Hoành Bồ - Quảng Ninh - Thcs Trới #xh #xuhuong #thosantienthuong"".original sound - panda mun. Khởi động ngày mới như bao ngày tại Pao Quán Hoành Mơ, Quảng Ninh Mô tả ngắn Khởi động ngày mới bằng một buổi sáng tại Pao Quán Hoành Mơ — không gian ẩm thực tại Quảng Ninh nơi người thưởng thức bắt đầu ngày mới với đồ ăn và không khí quen thuộc. Điểm nổi bật - Tên địa điểm: Pao Quán Hoành Mơ ... 20 Lượt thích,Video TikTok từ Ae Quảng Ninh 🪨 (@aequangninhchat): ""Hoàng Quân 211 Hoành Bồ @Hoangquann👀 #xhh #xhuongg #fyp #viral #quangninh"".âm thanh gốc - Ae Quảng Ninh 🪨."
Hoành Bồ,Quảng Ninh,quán ăn ở Hoành Bồ Quảng Ninh,7462357157783014663,quang.ninh.holic,https://www.tiktok.com/@quang.ninh.holic/video/7462357157783014663,"Khám Phá 1 Chiều Ăn Vặt Tại Chợ Trới - Hoành Bồ | TikTokKhe O Xanh Hoành Bồ Quảng Ninh đang rất hot, nhưng liệu có ...Hoành Bồ - Quảng Ninh - Thcs Trới #xh #xuhuong # ...Khởi động ngày mới với Pao Quán Hoành Mơ ở Quảng Ninh | TikTokHoàng Quân 211 Hoành Bồ @Hoangquann #xhh #xhuongg #fyp # ...","1807 Lượt thích,143 Bình luận.Video TikTok từ Quảng Ninh Holic (@quang.ninh.holic): ""Trải nghiệm ẩm thực độc đáo với các món ăn vặt hấp dẫn tại chợ Trới. Khám phá ngay món ngon cùng chúng tôi! #vtmgr #quangninhholic #ancungtiktok #tet2025 #anvat"". 571 Lượt thích,41 Bình luận.Video TikTok từ TùngKhoai (@tungkhoai.pov): ""Khe O Xanh Hoành Bồ Quảng Ninh đang rất hot, nhưng liệu có đẹp như trên mạng? Mình đã đi và review thật, không PR. Xem xong nhớ cho mình ý kiến nhé #tungkhoai #creatorsearchinsights"".欢快 清新 综艺 - 张辉. 657 Lượt thích,71 Bình luận.Video TikTok từ Thợ săn tiền thưởng (@thosantienthuongqninh): ""Hoành Bồ - Quảng Ninh - Thcs Trới #xh #xuhuong #thosantienthuong"".original sound - panda mun. Khởi động ngày mới như bao ngày tại Pao Quán Hoành Mơ, Quảng Ninh Mô tả ngắn Khởi động ngày mới bằng một buổi sáng tại Pao Quán Hoành Mơ — không gian ẩm thực tại Quảng Ninh nơi người thưởng thức bắt đầu ngày mới với đồ ăn và không khí quen thuộc. Điểm nổi bật - Tên địa điểm: Pao Quán Hoành Mơ ... 20 Lượt thích,Video TikTok từ Ae Quảng Ninh 🪨 (@aequangninhchat): ""Hoàng Quân 211 Hoành Bồ @Hoangquann👀 #xhh #xhuongg #fyp #viral #quangninh"".âm thanh gốc - Ae Quảng Ninh 🪨."
Hoành Bồ,Quảng Ninh,quán ăn ở Hoành Bồ Quảng Ninh,7663541773507087637,tungkhoai.pov,https://www.tiktok.com/@tungkhoai.pov/video/7663541773507087637,"Khe O Xanh Hoành Bồ Quảng Ninh đang rất hot, nhưng liệu có ...","571 Lượt thích,41 Bình luận.Video TikTok từ TùngKhoai (@tungkhoai.pov): ""Khe O Xanh Hoành Bồ Quảng Ninh đang rất hot, nhưng liệu có đẹp như trên mạng? Mình đã đi và review thật, không PR. Xem xong nhớ cho mình ý kiến nhé #tungkhoai #creatorsearchinsights"".欢快 清新 综艺 - 张辉."
Hoành Bồ,Quảng Ninh,quán ăn ở Hoành Bồ Quảng Ninh,7680495176229358869,thosantienthuongqninh,https://www.tiktok.com/@thosantienthuongqninh/video/7680495176229358869,Hoành Bồ - Quảng Ninh - Thcs Trới #xh #xuhuong # ...,"657 Lượt thích,71 Bình luận.Video TikTok từ Thợ săn tiền thưởng (@thosantienthuongqninh): ""Hoành Bồ - Quảng Ninh - Thcs Trới #xh #xuhuong #thosantienthuong"".original sound - panda mun."
Hoành Bồ,Quảng Ninh,quán ăn ở Hoành Bồ Quảng Ninh,7657620997419306260,paoquanhoanhmo,https://www.tiktok.com/@paoquanhoanhmo/video/7657620997419306260,Khởi động ngày mới với Pao Quán Hoành Mơ ở Quảng Ninh | TikTok,"Khởi động ngày mới như bao ngày tại Pao Quán Hoành Mơ, Quảng Ninh Mô tả ngắn Khởi động ngày mới bằng một buổi sáng tại Pao Quán Hoành Mơ — không gian ẩm thực tại Quảng Ninh nơi người thưởng thức bắt đầu ngày mới với đồ ăn và không khí quen thuộc. Điểm nổi bật - Tên địa điểm: Pao Quán Hoành Mơ ..."
Hoành Bồ,Quảng Ninh,quán ăn ở Hoành Bồ Quảng Ninh,7664985767281724679,aequangninhchat,https://www.tiktok.com/@aequangninhchat/video/7664985767281724679,Hoàng Quân 211 Hoành Bồ @Hoangquann #xhh #xhuongg #fyp # ...,"20 Lượt thích,Video TikTok từ Ae Quảng Ninh 🪨 (@aequangninhchat): ""Hoàng Quân 211 Hoành Bồ @Hoangquann👀 #xhh #xhuongg #fyp #viral #quangninh"".âm thanh gốc - Ae Quảng Ninh 🪨."
Mạo Khê,Quảng Ninh,quán ăn ở Mạo Khê Quảng Ninh,7663840817521495317,ongbo4con_4,https://www.tiktok.com/@ongbo4con_4/video/7663840817521495317,"Quán ăn sáng mới ở Mạo Khê – địa chỉ, món ăn và cảm nhận | TikTok","Lead Quán ăn sáng mới ở Mạo Khê vừa xuất hiện và thu hút sự chú ý của người dân địa phương. Nội dung tập trung giới thiệu địa chỉ, món ăn chủ đạo, hương vị và cảm nhận nhanh để giúp người tìm hiểu quyết định ghé thử."
Mạo Khê,Quảng Ninh,quán ăn ở Mạo Khê Quảng Ninh,7675321759997988116,mephache89,https://www.tiktok.com/@mephache89/video/7675321759997988116,Bin Quán Mạo Khê — mì cay và trà sữa gần Trường ĐHCN Quảng ...,"A short local food visit to Bin Quán in Mạo Khê near Trường Đại học Công nghiệp Quảng Ninh. The video shows the crowded shop, customers and shippers picking up orders, heavy rain and a temporary power outage while the group eats mì cay despite not tolerating spice."
Mạo Khê,Quảng Ninh,quán ăn ở Mạo Khê Quảng Ninh,7652228771776384274,lu.nng.tn.tn,https://www.tiktok.com/@lu.nng.tn.tn/video/7652228771776384274,"Bún bò Huế Kim Thành - Quán ngon ở Mạo Khê, Quảng Ninh | TikTokQuán ăn ngon ở Mạo Khê: Gợi ý địa điểm chưa review | TikTokMạo Khê ăn sáng & cafe Tân Việt Bắc: không gian, menu theo ...Phở Ngan Ngon Mạo Khê: Địa Chỉ Số 5 Vinh Thông Đáng Thử | TikTokQuán Nướng Mộc Mạo Khê: Đồ Ngon, Chill | TikTok","Bún bò Huế Kim Thành ở Mạo Khê, Quảng Ninh được khen là “siêu ngon” trong mô tả và sticker bìa. Nếu bạn đang tìm quán bún bò Huế đậm vị tại Mạo Khê, đây là gợi ý đáng thử. Lead Bạn đang tìm quán ăn ngon ở Mạo Khê mà chưa thấy review? Bài viết này tập trung gợi ý cách tìm và những loại địa điểm có khả năng chưa được review, giúp bạn khám phá món ngon mới trong khu vực. 282 Lượt thích,31 Bình luận.Video TikTok từ Người Mạo Khê Phake 🤭 (@hientang): ""Khám phá Tân Việt Bắc ở Mạo Khê: không gian rộng, chỗ gửi xe thoải mái và menu ăn sáng thay đổi theo ngày. Xem chi tiết menu và trải nghiệm. #xuhuong #maokheangi #tanvietbac #bunoc"". Một quán phở ngan được nhiều người nhắc đến như một địa chỉ ""đáng để thử"" chính là quán nằm tại số 5 đường Vinh Thông, Mạo Khê. ### Địa Chỉ Cụ Thể Quán phở ngan này có vị trí rất thuận lợi, nằm ngay mặt đường 18, thuộc số 5 đường Vinh Thông. Khám phá quán Nướng Mộc mới ở Mạo Khê, đối diện Điện Máy Xanh. Thưởng thức đồ nướng ngon và không gian thư giãn. #xuhuong #maokheangi"
Mạo Khê,Quảng Ninh,quán ăn ở Mạo Khê Quảng Ninh,7674317781625539847,mo.kh.n.ngon.hc.t,https://www.tiktok.com/@mo.kh.n.ngon.hc.t/video/7674317781625539847,Quán ăn ngon ở Mạo Khê: Gợi ý địa điểm chưa review | TikTok,"Lead Bạn đang tìm quán ăn ngon ở Mạo Khê mà chưa thấy review? Bài viết này tập trung gợi ý cách tìm và những loại địa điểm có khả năng chưa được review, giúp bạn khám phá món ngon mới trong khu vực."
Mạo Khê,Quảng Ninh,quán ăn ở Mạo Khê Quảng Ninh,7673935396337618197,hientang,https://www.tiktok.com/@hientang/video/7673935396337618197,"Mạo Khê ăn sáng & cafe Tân Việt Bắc: không gian, menu theo ...","282 Lượt thích,31 Bình luận.Video TikTok từ Người Mạo Khê Phake 🤭 (@hientang): ""Khám phá Tân Việt Bắc ở Mạo Khê: không gian rộng, chỗ gửi xe thoải mái và menu ăn sáng thay đổi theo ngày. Xem chi tiết menu và trải nghiệm. #xuhuong #maokheangi #tanvietbac #bunoc""."
Mạo Khê,Quảng Ninh,quán ăn ở Mạo Khê Quảng Ninh,7679656800928451860,ongbo4con_4,https://www.tiktok.com/@ongbo4con_4/video/7679656800928451860,Phở Ngan Ngon Mạo Khê: Địa Chỉ Số 5 Vinh Thông Đáng Thử | TikTok,"Một quán phở ngan được nhiều người nhắc đến như một địa chỉ ""đáng để thử"" chính là quán nằm tại số 5 đường Vinh Thông, Mạo Khê. ### Địa Chỉ Cụ Thể Quán phở ngan này có vị trí rất thuận lợi, nằm ngay mặt đường 18, thuộc số 5 đường Vinh Thông."
Mạo Khê,Quảng Ninh,quán ăn ở Mạo Khê Quảng Ninh,7631075620847439124,mephache89,https://www.tiktok.com/@mephache89/video/7631075620847439124,"Quán Nướng Mộc Mạo Khê: Đồ Ngon, Chill | TikTok","Khám phá quán Nướng Mộc mới ở Mạo Khê, đối diện Điện Máy Xanh. Thưởng thức đồ nướng ngon và không gian thư giãn. #xuhuong #maokheangi"
Bình Khê,Quảng Ninh,quán ăn ở Bình Khê Quảng Ninh,7675321759997988116,mephache89,https://www.tiktok.com/@mephache89/video/7675321759997988116,Bin Quán Mạo Khê — mì cay và trà sữa gần Trường ĐHCN Quảng ...,"A short local food visit to Bin Quán in Mạo Khê near Trường Đại học Công nghiệp Quảng Ninh. The video shows the crowded shop, customers and shippers picking up orders, heavy rain and a temporary power outage while the group eats mì cay despite not tolerating spice."
Bình Khê,Quảng Ninh,quán ăn ở Bình Khê Quảng Ninh,7665294283871669522,namluukang,https://www.tiktok.com/@namluukang/video/7665294283871669522,"Quán Mão Khê Quảng Ninh — Cảm ơn mọi người đã ủng hộ | TikTokTikTok One Creative SuiteQuán mới ở đại học mỏ. Mạo khê. Quảng ninh | TikTokAi phường Mạo Khê, tỉnh Quảng Ninh điểm danh? | TikTokĂn Vitamin Gâu Gâu Ở Chợ Kim Sơn Mạo Khê Quảng Ninh | TikTokRựa mận ngon ở chợ Kim Sơn Mạo Khê, Quảng Ninh | TikTok","Kết luận Một lần nữa, quán Mão Khê ở Quảng Ninh gửi lời biết ơn đến mọi người. Quán sẽ cố gắng hoàn thiện hơn nữa để đáp lại sự ủng hộ và tin tưởng của khách hàng. Hashtag Discover new trends on TikTok through hashtags Creator Coming soon Connect with the hottest creators on TikTok Video Find inspiration through trending TikTok videos 1228 Lượt thích,268 Bình luận.Video TikTok từ Xe Máy Quảng Ninh (@xe_may_quang_ninh): ""Quán mới ở đại học mỏ. Mạo khê. Quảng ninh"".âm thanh gốc - Xe Máy Quảng Ninh. Kêu gọi hành động Nếu bạn ở phường Mạo Khê, tỉnh Quảng Ninh, hãy điểm danh bằng cách bình luận hoặc chia sẻ clip để kết nối với cộng đồng. Món ăn được nhắc đến là “vitamin gâu gâu”, một cách gọi thân thiện và gần gũi khi nhắc đến món ăn vặt hoặc món ăn nhẹ. Nhiều người thường tìm đến quán vào buổi chiều để thưởng thức món ăn và thư giãn sau khi đi chợ. Lời mời và trải nghiệm - Người bán mời trực tiếp: “Bác nào thích ăn rựa mận thì qua quán em nhé.” - Gợi ý: đến quán để nếm thử rựa mận tươi, hỏi người bán về cách chế biến và bảo quản."
Bình Khê,Quảng Ninh,quán ăn ở Bình Khê Quảng Ninh,7642549677136743688,xe_may_quang_ninh,https://www.tiktok.com/@xe_may_quang_ninh/video/7642549677136743688,Quán mới ở đại học mỏ. Mạo khê. Quảng ninh | TikTok,"1228 Lượt thích,268 Bình luận.Video TikTok từ Xe Máy Quảng Ninh (@xe_may_quang_ninh): ""Quán mới ở đại học mỏ. Mạo khê. Quảng ninh"".âm thanh gốc - Xe Máy Quảng Ninh."
Bình Khê,Quảng Ninh,quán ăn ở Bình Khê Quảng Ninh,7677850193722739989,maidung2121973,https://www.tiktok.com/@maidung2121973/video/7677850193722739989,"Ai phường Mạo Khê, tỉnh Quảng Ninh điểm danh? | TikTok","Kêu gọi hành động Nếu bạn ở phường Mạo Khê, tỉnh Quảng Ninh, hãy điểm danh bằng cách bình luận hoặc chia sẻ clip để kết nối với cộng đồng."
Bình Khê,Quảng Ninh,quán ăn ở Bình Khê Quảng Ninh,7657450377708719378,tienthitchokimson,https://www.tiktok.com/@tienthitchokimson/video/7657450377708719378,Ăn Vitamin Gâu Gâu Ở Chợ Kim Sơn Mạo Khê Quảng Ninh | TikTok,"Món ăn được nhắc đến là “vitamin gâu gâu”, một cách gọi thân thiện và gần gũi khi nhắc đến món ăn vặt hoặc món ăn nhẹ. Nhiều người thường tìm đến quán vào buổi chiều để thưởng thức món ăn và thư giãn sau khi đi chợ."
Bình Khê,Quảng Ninh,quán ăn ở Bình Khê Quảng Ninh,7656337201684401426,tienthitchokimson,https://www.tiktok.com/@tienthitchokimson/video/7656337201684401426,"Rựa mận ngon ở chợ Kim Sơn Mạo Khê, Quảng Ninh | TikTok","Lời mời và trải nghiệm - Người bán mời trực tiếp: “Bác nào thích ăn rựa mận thì qua quán em nhé.” - Gợi ý: đến quán để nếm thử rựa mận tươi, hỏi người bán về cách chế biến và bảo quản."
An Sinh,Quảng Ninh,quán ăn ở An Sinh Quảng Ninh,7352139627471424775,langthanghalong2428,https://www.tiktok.com/@langthanghalong2428/video/7352139627471424775,Top 20 Món Ăn Đặc Sản Tại Quảng Ninh | TikTok#quanbadinh Gắn hashtag cho các video trên TikToknotes.tiktok.com#dihalong Gắn hashtag cho các video trên TikTokMộc Quán Cẩm Phả Quảng Ninh - Đánh Giá Quán Ăn | TikTokQuan Lạn Quảng Ninh travel guide: ăn uống & homestay gợi ý ...#haisanquanhninh Gắn hashtag cho các video trên TikTok,"Mar 30, 2024 · Top 20 Món Ăn Đặc Sản Tại Quảng Ninh Khám phá 20 món ăn đặc sản tuyệt vời của Quảng Ninh. Đừng bỏ lỡ những trải nghiệm ẩm thực thú vị ở đây! #thuylinhbooking #dulichvietnam #dacsanvietnam Lúc đầu đi mình không kì vọng quá nhiều, nhưng chất lượng vượt xa mình mong đợi ạaa. 😗 Mọi người đã ăn ở đây chưa, cmt cho mình biết với, à, các pác có địa chỉ phở gà nào ngon nữa không thì cmt tui biết với nhaaa. Đến Hạ Long, không đi vịnh thì đi đâu? Hạ Long là một thành phố thuộc tỉnh Quảng Ninh, nằm ở phía Đông Bắc của Hà Nội, cách Hà Nội khoảng 180km. Hạ Long là địa điểm thu hút khách du lịch quanh năm vì có Vịnh Hạ Long - một trong 7 kỳ quan thiên nhiên Thế giới. dihalong Ngán - món ăn đặc sản nhưng không phải người dân Quảng Ninh nào cũng dám thưởng thức. Thế nhưng... #dihalong#amthucquangninh May 24, 2023 · Khám phá Mộc Quán ở Cẩm Phả, Quảng Ninh với không gian ấm cúng, đồ ăn sạch sẽ và giá phải chăng. Xem ngay! #reviewanngon #checkin #quancampha #cẩmphá Tóm tắt nhanh về Quan Lạn (Quảng Ninh) và những gợi ý cần biết Quan Lạn (thuộc Quảng Ninh) là điểm du lịch biển nhỏ, phù hợp cho chuyến nghỉ ngắn. Nội dung tập trung vào ba điều chính: chỗ ở, món ăn nổi bật và ghi chú du lịch ngắn gọn. 1634 lượt xem chienreview89 Hải sản Quảng Ninh không ngon mới sợ????#xuhuong#LearOnTikTok#sunwordlhalong#halong#quangninh#review#haisanquanhninh#rchienreview"
An Sinh,Quảng Ninh,quán ăn ở An Sinh Quảng Ninh,7236729161329446149,chou.iu,https://www.tiktok.com/@chou.iu/video/7236729161329446149,Mộc Quán Cẩm Phả Quảng Ninh - Đánh Giá Quán Ăn | TikTokQuan Lạn Quảng Ninh travel guide: ăn uống & homestay gợi ý ...#haisanquanhninh Gắn hashtag cho các video trên TikTok,"May 24, 2023 · Khám phá Mộc Quán ở Cẩm Phả, Quảng Ninh với không gian ấm cúng, đồ ăn sạch sẽ và giá phải chăng. Xem ngay! #reviewanngon #checkin #quancampha #cẩmphá Tóm tắt nhanh về Quan Lạn (Quảng Ninh) và những gợi ý cần biết Quan Lạn (thuộc Quảng Ninh) là điểm du lịch biển nhỏ, phù hợp cho chuyến nghỉ ngắn. Nội dung tập trung vào ba điều chính: chỗ ở, món ăn nổi bật và ghi chú du lịch ngắn gọn. 1634 lượt xem chienreview89 Hải sản Quảng Ninh không ngon mới sợ????#xuhuong#LearOnTikTok#sunwordlhalong#halong#quangninh#review#haisanquanhninh#rchienreview"
An Sinh,Quảng Ninh,quán ăn ở An Sinh Quảng Ninh,7666071093777616149,aboutthuw,https://www.tiktok.com/@aboutthuw/video/7666071093777616149,Quan Lạn Quảng Ninh travel guide: ăn uống & homestay gợi ý ...,"Tóm tắt nhanh về Quan Lạn (Quảng Ninh) và những gợi ý cần biết Quan Lạn (thuộc Quảng Ninh) là điểm du lịch biển nhỏ, phù hợp cho chuyến nghỉ ngắn. Nội dung tập trung vào ba điều chính: chỗ ở, món ăn nổi bật và ghi chú du lịch ngắn gọn."
Đông Triều,Quảng Ninh,quán ăn ở Đông Triều Quảng Ninh,7610824582357994772,quang.ninh.holic,https://www.tiktok.com/@quang.ninh.holic/video/7610824582357994772,"Quán nướng Đông Triều: review, món ngon và địa chỉ | TikTok","62 Lượt thích,Video TikTok từ Quảng Ninh Holic (@quang.ninh.holic): ""Tổng hợp review quán nướng Đông Triều, món ăn, không gian và đánh giá ăn uống. #vtmqn #vtmgr""."
Đông Triều,Quảng Ninh,quán ăn ở Đông Triều Quảng Ninh,7684495979097165063,qunhhoa428,https://www.tiktok.com/@qunhhoa428/video/7684495979097165063,đồng hương Đông Triều đi ăn sáng cùng em nha | TikTok,"Video này ghi lại hành động đồng hương Đông Triều đi ăn sáng cùng em nha. Nội dung có liên quan tới các tên và từ khóa xuất hiện trong metadata: quỳnh hoa, quỳnh hoa Đông Triều, thanh huệ đông triều, và nhiều tên người dùng gồm qunhhoa8833, qunh.hoa5221, qunhhoa319."
Đông Triều,Quảng Ninh,quán ăn ở Đông Triều Quảng Ninh,7622642655498865927,nambeti_203,https://www.tiktok.com/@nambeti_203/video/7622642655498865927,Trai Đông Triều Quảng Ninh - Đặc Sản Vùng Mỏ | TikTok,"4887 Lượt thích,121 Bình luận.Video TikTok từ Nam Bé⛅️ (@nambeti_203): ""Khám phá vẻ đẹp trai đến từ Đông Triều, Quảng Ninh - vùng đất mỏ giàu truyền thống. Xem ngay để biết thêm chi tiết! #xuhuong #nambeti03""."
Đông Triều,Quảng Ninh,quán ăn ở Đông Triều Quảng Ninh,7672975207790857490,pagephamkieu,https://www.tiktok.com/@pagephamkieu/video/7672975207790857490,Nem chua rán Trần Công Châu Đông Triều Quảng Ninh | TikTok,"Nếu tìm quán nem chua rán ở Đông Triều — Quảng Ninh, tìm theo từ khóa “Nem Chua Trần Công Châu” hoặc cụm “nem chua rán Đông Triều” để dễ thấy địa chỉ và lựa chọn mua: nem sống để chiên tại nhà hoặc nem chiên sẵn để ăn ngay."
Đông Triều,Quảng Ninh,quán ăn ở Đông Triều Quảng Ninh,7583766698793159944,duyan134,https://www.tiktok.com/@duyan134/video/7583766698793159944,Đài hoá thân An Sinh Vĩnh Hằng -Đông Triều -Quảng Ninh | TikTokQuảng trường Thị xã (2024) Đông Triều - Quảng Ninh | # ...,"Dec 14, 2025 · Đài hoá thân An Sinh Vĩnh Hằng Đông Triều – không chỉ là điểm tựa tâm linh thiêng liêng, mà còn góp phần giữ gìn, lan toả nét đẹp văn hoá tín ngưỡng và tinh thần nhân văn của dân tộc Việt Nam. Aug 11, 2024 · Đi bộ nâng cao sức khoẻ nào bà con ơi 🥰 - Quảng trường trung tâm Đông Triều, phường Mạo Khê, tỉnh Quảng Ninh. | #dongtrieu #trainghiem #quehuongtoi #quangninhtrongtoi #chiềuquêyênbình"
Đông Triều,Quảng Ninh,quán ăn ở Đông Triều Quảng Ninh,7401855794062413074,checkin.14,https://www.tiktok.com/@checkin.14/video/7401855794062413074,Quảng trường Thị xã (2024) Đông Triều - Quảng Ninh | # ...,"Aug 11, 2024 · Đi bộ nâng cao sức khoẻ nào bà con ơi 🥰 - Quảng trường trung tâm Đông Triều, phường Mạo Khê, tỉnh Quảng Ninh. | #dongtrieu #trainghiem #quehuongtoi #quangninhtrongtoi #chiềuquêyênbình"
Hoàng Quế,Quảng Ninh,quán ăn ở Hoàng Quế Quảng Ninh,7517254786316651783,checkin.14,https://www.tiktok.com/@checkin.14/video/7517254786316651783,Khám Phá Phường Hoàng Quế Mới Ở Quảng Ninh | TikTok,"Jun 18, 2025 · Tìm hiểu về phường Hoàng Quế mới và các đơn vị hành chính sáp nhập. Khám phá vẻ đẹp của Quảng Ninh qua video đầy sắc nét! #hongthaidong #checkinquangninh #canhdeplangquevietnam"
Hoàng Quế,Quảng Ninh,quán ăn ở Hoàng Quế Quảng Ninh,7487196906658024709,checkin.14,https://www.tiktok.com/@checkin.14/video/7487196906658024709,Khám Phá Phường Hoàng Quế Đông Triều | TikTokTikTok One Creative SuiteNhà hàng đồng quê (@onghoangamthuc99) | TikTokQuán này gọi là cũng cũng oke trong tầm giá thui chứ chưa ...#xuhuong - TikTokThèm Chè Ở Hạ Long? Ghé Ngay Quán Chè Hoàng Tụ Xanh 14 Quang ...,"Khám Phá Phường Hoàng Quế Đông Triều Tìm hiểu về Phường Hoàng Quế, một điểm đến nổi bật tại Quảng Ninh với cảnh đẹp và văn hóa đặc sắc. #hoàngquếđôngtriều #checkinquangninh #cảnhđẹpviệtnam Hashtag Discover new trends on TikTok through hashtags Creator Coming soon Connect with the hottest creators on TikTok Video Find inspiration through trending TikTok videos Nhà hàng đồng quê (@onghoangamthuc99) trên TikTok |109.7K Lượt thích.10.6K Follower.ÔNG HOÀNG ẨM THỰC,CHUYÊN TỔ CHỨC SỰ KIỆN LIÊN HOAN, BÁO HỶ, SINH NHẬT,CƯỚI HỎI.Xem video phổ biến của Nhà hàng đồng quê: ""#onghoangamthuc #nha..."", ""#onghoangamthuc #nha..."". Hãy tham gia cùng 10.6K follower trên TikTok để xem nhiều nội dung ... 68 Lượt thích,Video TikTok từ Thanh Ăn Gì Nè (@haxthanh): ""Quán này gọi là cũng cũng oke trong tầm giá thui chứ chưa quao lắm. Nhưng ăn cũng ổn á nếu mấy bà muốn thử món này #reviewanngon #trending #angiquan7 #tiktokfood #FoodReview"".Canh thịt heo, dồi heo Quận 7 Quán khá hot nhưng tui đánh giá 7/10Đệ nhất cơm canh thịt lợn | 89 Đ ... Cà Chua🍅 trend muộn rùiiii: ( ( #fyp #foryou #xuhuong #trend #thinhhanh #tiktokvietnam Sài Gòn Đau Lòng Quá (Mee Remix) - Hứa Kim Tuyền, Hoàng Duyên Ghé ngay quán chè Hoàng Tụ Xanh tại 14 Quang Ninh để thưởng thức những món chè ngon miệng. Một địa chỉ không thể bỏ lỡ! #hoangtuxanhsm #xh #halong #14quangninh""."
Hoàng Quế,Quảng Ninh,quán ăn ở Hoàng Quế Quảng Ninh,7680551944670219538,haxthanh,https://www.tiktok.com/@haxthanh/video/7680551944670219538,Quán này gọi là cũng cũng oke trong tầm giá thui chứ chưa ...,"68 Lượt thích,Video TikTok từ Thanh Ăn Gì Nè (@haxthanh): ""Quán này gọi là cũng cũng oke trong tầm giá thui chứ chưa quao lắm. Nhưng ăn cũng ổn á nếu mấy bà muốn thử món này #reviewanngon #trending #angiquan7 #tiktokfood #FoodReview"".Canh thịt heo, dồi heo Quận 7 Quán khá hot nhưng tui đánh giá 7/10Đệ nhất cơm canh thịt lợn | 89 Đ ..."
Hoàng Quế,Quảng Ninh,quán ăn ở Hoàng Quế Quảng Ninh,7673068739457404178,hoangtuxanhsm,https://www.tiktok.com/@hoangtuxanhsm/video/7673068739457404178,Thèm Chè Ở Hạ Long? Ghé Ngay Quán Chè Hoàng Tụ Xanh 14 Quang ...,"Ghé ngay quán chè Hoàng Tụ Xanh tại 14 Quang Ninh để thưởng thức những món chè ngon miệng. Một địa chỉ không thể bỏ lỡ! #hoangtuxanhsm #xh #halong #14quangninh""."
Hà Giang 2,Tuyên Quang,quán ăn ở Hà Giang 2 Tuyên Quang,7689175857839033621,cngphm6,https://www.tiktok.com/@cngphm6/video/7689175857839033621,Lẩu Chua Phật Sơn - Trung Hoa Quán Hà Giang ... - TikTokThưởng thức ẩm thực tại Hạ Thành Quán Hà Giang | TikTok,"126 Lượt thích,Video TikTok từ Đi Cùng Cường (@cngphm6): ""Lẩu Chua Phật Sơn - Trung Hoa Quán Hà Giang Bạn Thử Chưa ? #reviewhagiang #dulichhagiang #xuhuong #fyp Địa điểm ăn uống Hà Giang .Ăn gì ở Hà Giang . Quán ngon Hà Giang"".âm thanh gốc - Đi Cùng Cường. Lead Hạ Thành Quán ở Hà Giang nổi bật như điểm đến ẩm thực cho du khách muốn thưởng thức đặc sản Tây Bắc. Bài viết này tập trung vào trải nghiệm ẩm thực tại quán, những món nên thử và tổng quan không gian phục vụ."
Hà Giang 2,Tuyên Quang,quán ăn ở Hà Giang 2 Tuyên Quang,7678230749039971591,naydidau,https://www.tiktok.com/@naydidau/video/7678230749039971591,Ăn đêm ở Tuyên Quang: Gợi ý quán ngon cho chuyến đi | TikTok,"Dưới đây là những gợi ý ngắn, thực tế để tìm quán ăn đêm phù hợp khi ở Tuyên Quang. Những loại quán nên tìm - Quán vỉa hè và quán ăn nhỏ: Thường mở muộn, phục vụ các món ăn nhanh như phở, bún, mì, cơm phần và đồ nướng."
Hà Giang 2,Tuyên Quang,quán ăn ở Hà Giang 2 Tuyên Quang,7645501413845486866,phuzing2,https://www.tiktok.com/@phuzing2/video/7645501413845486866,"Hà Giang xu hướng TikTok: điểm đến, clip & hashtag phổ biến ...Khám Phá Các Quán Ngon Tại Hà Giang | TikTokĂn Ở Tuyên Quang (@milanotq) | TikTokReview quán ăn Tuyên Quang: Thực phẩm tươi ngon | TikTokLẩu Chua Phật Sơn - Trung Hoa Quán Hà Giang ... - TikTokThưởng thức ẩm thực tại Hạ Thành Quán Hà Giang | TikTok","Gợi ý ý tưởng video ngắn - Timelapse bình minh ở điểm nổi tiếng Hà Giang. - So sánh món ăn tại hai quán địa phương. - Hướng dẫn mặc trang phục truyền thống nhanh 15–30 giây. - Thử thách âm nhạc: ghép cảnh chuyển động với đoạn nhạc trending. May 15, 2025 · 347 Lượt thích,Video TikTok từ Lăn Cùng Bean (@eatwithbeann_): ""Chuyến khám phá đầy hương vị với các quán ăn ngon ở Hà Giang. Theo dõi và tìm hiểu thêm về ẩm thực hấp dẫn nơi đây! #ancungtiktok #travelhagiang #haigiang"". Ăn Ở Tuyên Quang (@milanotq) trên TikTok |5444 Lượt thích.541 Follower.Made in Tuyên Quang.Xem video mới nhất từ Ăn Ở Tuyên Quang (@milanotq). Oct 27, 2025 · Khám phá quán ăn Tuyên Quang với món tẩm ướp tuyệt vời! Đặt bàn trước để không phải chờ đợi. #mizungdivamam #reviewtuyenquang #tuyenquangangi 126 Lượt thích,Video TikTok từ Đi Cùng Cường (@cngphm6): ""Lẩu Chua Phật Sơn - Trung Hoa Quán Hà Giang Bạn Thử Chưa ? #reviewhagiang #dulichhagiang #xuhuong #fyp Địa điểm ăn uống Hà Giang .Ăn gì ở Hà Giang . Quán ngon Hà Giang"".âm thanh gốc - Đi Cùng Cường. Lead Hạ Thành Quán ở Hà Giang nổi bật như điểm đến ẩm thực cho du khách muốn thưởng thức đặc sản Tây Bắc. Bài viết này tập trung vào trải nghiệm ẩm thực tại quán, những món nên thử và tổng quan không gian phục vụ."
Hà Giang 2,Tuyên Quang,quán ăn ở Hà Giang 2 Tuyên Quang,7565816254431317269,lmcgamer2277,https://www.tiktok.com/@lmcgamer2277/video/7565816254431317269,Review quán ăn Tuyên Quang: Thực phẩm tươi ngon | TikTok,"Oct 27, 2025 · Khám phá quán ăn Tuyên Quang với món tẩm ướp tuyệt vời! Đặt bàn trước để không phải chờ đợi. #mizungdivamam #reviewtuyenquang #tuyenquangangi"
Hà Giang 2,Tuyên Quang,quán ăn ở Hà Giang 2 Tuyên Quang,7642308133536173332,doanmovang,https://www.tiktok.com/@doanmovang/video/7642308133536173332,Thưởng thức ẩm thực tại Hạ Thành Quán Hà Giang | TikTok,"Lead Hạ Thành Quán ở Hà Giang nổi bật như điểm đến ẩm thực cho du khách muốn thưởng thức đặc sản Tây Bắc. Bài viết này tập trung vào trải nghiệm ẩm thực tại quán, những món nên thử và tổng quan không gian phục vụ."
Hà Giang 2,Tuyên Quang,quán ăn ở Hà Giang 2 Tuyên Quang,7587200453964860693,annaluyenreview2,https://www.tiktok.com/@annaluyenreview2/video/7587200453964860693,Nhà Hàng Ngói: Trải Nghiệm Ẩm Thực Tại Tuyên Quang | TikTok,"440 Lượt thích,22 Bình luận.Video TikTok từ Anna Luyến (@annaluyenreview2): ""Khám phá Nhà Hàng Ngói với không gian đẹp và menu phong phú. Đến ngay để thưởng thức các món ăn tuyệt vời! #nhahangngoi #amthuc #reviewfood""."
Hà Giang 2,Tuyên Quang,quán ăn ở Hà Giang 2 Tuyên Quang,7658200605776727316,milanotq,https://www.tiktok.com/@milanotq/video/7658200605776727316,Bánh Cuốn Tuyên Quang — Quán ăn sáng ngon ở TP Tuyên Quang | TikTok,"Kết Vlog Tập 3 là hướng dẫn nhanh cho người muốn tìm bánh cuốn và quán ăn sáng ngon ở Tuyên Quang: điểm qua các địa chỉ tham khảo, món kèm phổ biến và cách tìm quán bằng các truy vấn như ""bánh cuốn Tuyên Quang"" hoặc ""quán ăn sáng ngon ở Tuyên Quang""."
Hà Giang 2,Tuyên Quang,quán ăn ở Hà Giang 2 Tuyên Quang,7552850084925377812,laugalaetuyenquang,https://www.tiktok.com/@laugalaetuyenquang/video/7552850084925377812,Top Quán Ăn Ngon Tại Tuyên Quang Dịp Trung Thu 2025 | TikTok,Khám phá quán ăn ngon ở Tuyên Quang với set lẩu gà chỉ từ 350. Trải nghiệm hương vị Đà Lạt trong mùa Trung Thu! #trungthutuyenquang #ansaptuyenquang.
Hà Giang 2,Tuyên Quang,quán ăn ở Hà Giang 2 Tuyên Quang,7588506509894503698,thanhdangtuyenquang,https://www.tiktok.com/@thanhdangtuyenquang/video/7588506509894503698,Khám Phá Nhà Hàng Đồ Tây Tại Tuyên Quang | TikTok,Nhà hàng đồ Tây ở Tuyên Quang khiến bạn bất ngờ với menu đa dạng và không gian sang trọng. Đến để trải nghiệm ngay! #thanhdangne #foodreview #reviewtuyenquang.
Hà Giang 2,Tuyên Quang,quán ăn ở Hà Giang 2 Tuyên Quang,7504536551880199442,eatwithbeann_,https://www.tiktok.com/@eatwithbeann_/video/7504536551880199442,Khám Phá Các Quán Ngon Tại Hà Giang | TikTokĂn Ở Tuyên Quang (@milanotq) | TikTokReview quán ăn Tuyên Quang: Thực phẩm tươi ngon | TikTokLẩu Chua Phật Sơn - Trung Hoa Quán Hà Giang ... - TikTokThưởng thức ẩm thực tại Hạ Thành Quán Hà Giang | TikTok,"May 15, 2025 · 347 Lượt thích,Video TikTok từ Lăn Cùng Bean (@eatwithbeann_): ""Chuyến khám phá đầy hương vị với các quán ăn ngon ở Hà Giang. Theo dõi và tìm hiểu thêm về ẩm thực hấp dẫn nơi đây! #ancungtiktok #travelhagiang #haigiang"". Ăn Ở Tuyên Quang (@milanotq) trên TikTok |5444 Lượt thích.541 Follower.Made in Tuyên Quang.Xem video mới nhất từ Ăn Ở Tuyên Quang (@milanotq). Oct 27, 2025 · Khám phá quán ăn Tuyên Quang với món tẩm ướp tuyệt vời! Đặt bàn trước để không phải chờ đợi. #mizungdivamam #reviewtuyenquang #tuyenquangangi 126 Lượt thích,Video TikTok từ Đi Cùng Cường (@cngphm6): ""Lẩu Chua Phật Sơn - Trung Hoa Quán Hà Giang Bạn Thử Chưa ? #reviewhagiang #dulichhagiang #xuhuong #fyp Địa điểm ăn uống Hà Giang .Ăn gì ở Hà Giang . Quán ngon Hà Giang"".âm thanh gốc - Đi Cùng Cường. Lead Hạ Thành Quán ở Hà Giang nổi bật như điểm đến ẩm thực cho du khách muốn thưởng thức đặc sản Tây Bắc. Bài viết này tập trung vào trải nghiệm ẩm thực tại quán, những món nên thử và tổng quan không gian phục vụ."
Quảng Yên,Quảng Ninh,quán ăn ở Quảng Yên Quảng Ninh,7662401633975848213,tienminhlong,https://www.tiktok.com/@tienminhlong/video/7662401633975848213,Food Tour Quảng Yên: Địa điểm ăn uống ngon ở Quảng Ninh | TikTok,"Tổng quan Food tour Quảng Yên khai thác trải nghiệm ẩm thực địa phương tại Quảng Ninh, tổng hợp các món ngon, địa chỉ quán và cảm nhận ăn uống trong hành trình."
Quảng Yên,Quảng Ninh,quán ăn ở Quảng Yên Quảng Ninh,7481178642756734216,amthucquangyen555,https://www.tiktok.com/@amthucquangyen555/video/7481178642756734216,"Khám Phá Quán Ăn Đêm Quảng Yên | TikTokĐến Quảng Ninh nhất định nên ghé quán cafe này, đồ uống ngon ...Khám Phá Quán Nướng Mới Mở Tại Quảng Yên | TikTokKhám Phá Quán Sam Tin Vượng Ở Quảng Yên | TikTokNhà hàng Văn Thơm: Trải nghiệm ẩm thực mới tại Quảng Yên | TikTokReview Nhà Hàng Gà Tiên Yên Quảng Ninh - Bảo Ngọc Yum Yum ...","Tìm hiểu những món ăn ngon tại quán ăn đêm Quảng Yên! Cùng khám phá và thưởng thức những món đặc sản hấp dẫn. #ReviewQuangYen #ăn_đêm_không_lo_béo 125 Lượt thích,22 Bình luận.Video TikTok từ Oh Nana Daily (@ohnanadaily): ""Đến Quảng Ninh nhất định nên ghé quán cafe này, đồ uống ngon, đầy đặn, giá siêu hạp lý, đặc biệt nhiều góc check in lắm - Đây là Cafe Yên, Quảng Yên, Quảng Ninh nha mn #ohnanadaily"".âm thanh gốc - Oh Nana Daily. Dec 8, 2025 · Tìm hiểu về quán nướng mới mở với combo hấp dẫn và nước chấm độc đáo tại Quảng Yên. Điểm đến lý tưởng cho những tín đồ ẩm thực! #food #ancungtiktok #learnontiktok Thưởng thức hải sản tươi ngon tại quán Sam Tin Vượng ở Quảng Yên. Cùng trải nghiệm món ăn hấp dẫn chỉ với 300k! #mayquangninh #anroilanwithvann #reviewer Khám phá nhà hàng Văn Thơm Quảng Yên, nơi có không gian 3 tầng thoáng đãng, hải sản tươi sống và thực đơn đa dạng. Tuyệt vời cho tiệc tất niên! Đây là bản tóm tắt nội dung do AI tạo và không nhằm mục đích cung cấp ngữ cảnh thực tế. Mar 17, 2024 · If you’re in Quảng Ninh, dining on fish is a must! 🌊🐟 Experience the renowned seafood at Nhà hàng Koto, a newly opened restaurant in the FLC hotel, where the sea view is simply breathtaking."
Quảng Yên,Quảng Ninh,quán ăn ở Quảng Yên Quảng Ninh,7689784041414970632,ohnanadaily,https://www.tiktok.com/@ohnanadaily/video/7689784041414970632,"Đến Quảng Ninh nhất định nên ghé quán cafe này, đồ uống ngon ...","125 Lượt thích,22 Bình luận.Video TikTok từ Oh Nana Daily (@ohnanadaily): ""Đến Quảng Ninh nhất định nên ghé quán cafe này, đồ uống ngon, đầy đặn, giá siêu hạp lý, đặc biệt nhiều góc check in lắm - Đây là Cafe Yên, Quảng Yên, Quảng Ninh nha mn #ohnanadaily"".âm thanh gốc - Oh Nana Daily."
Quảng Yên,Quảng Ninh,quán ăn ở Quảng Yên Quảng Ninh,7581440115235491089,hangoquangyen,https://www.tiktok.com/@hangoquangyen/video/7581440115235491089,Khám Phá Quán Nướng Mới Mở Tại Quảng Yên | TikTokKhám Phá Quán Sam Tin Vượng Ở Quảng Yên | TikTokNhà hàng Văn Thơm: Trải nghiệm ẩm thực mới tại Quảng Yên | TikTokReview Nhà Hàng Gà Tiên Yên Quảng Ninh - Bảo Ngọc Yum Yum ...,"Dec 8, 2025 · Tìm hiểu về quán nướng mới mở với combo hấp dẫn và nước chấm độc đáo tại Quảng Yên. Điểm đến lý tưởng cho những tín đồ ẩm thực! #food #ancungtiktok #learnontiktok Thưởng thức hải sản tươi ngon tại quán Sam Tin Vượng ở Quảng Yên. Cùng trải nghiệm món ăn hấp dẫn chỉ với 300k! #mayquangninh #anroilanwithvann #reviewer Khám phá nhà hàng Văn Thơm Quảng Yên, nơi có không gian 3 tầng thoáng đãng, hải sản tươi sống và thực đơn đa dạng. Tuyệt vời cho tiệc tất niên! Đây là bản tóm tắt nội dung do AI tạo và không nhằm mục đích cung cấp ngữ cảnh thực tế. Mar 17, 2024 · If you’re in Quảng Ninh, dining on fish is a must! 🌊🐟 Experience the renowned seafood at Nhà hàng Koto, a newly opened restaurant in the FLC hotel, where the sea view is simply breathtaking."
Quảng Yên,Quảng Ninh,quán ăn ở Quảng Yên Quảng Ninh,7536900235126230280,thanhvancp_qn14,https://www.tiktok.com/@thanhvancp_qn14/video/7536900235126230280,Khám Phá Quán Sam Tin Vượng Ở Quảng Yên | TikTok,Thưởng thức hải sản tươi ngon tại quán Sam Tin Vượng ở Quảng Yên. Cùng trải nghiệm món ăn hấp dẫn chỉ với 300k! #mayquangninh #anroilanwithvann #reviewer
Quảng Yên,Quảng Ninh,quán ăn ở Quảng Yên Quảng Ninh,7600376400046001415,thomthichrevieww,https://www.tiktok.com/@thomthichrevieww/video/7600376400046001415,Nhà hàng Văn Thơm: Trải nghiệm ẩm thực mới tại Quảng Yên | TikTokReview Nhà Hàng Gà Tiên Yên Quảng Ninh - Bảo Ngọc Yum Yum ...,"Khám phá nhà hàng Văn Thơm Quảng Yên, nơi có không gian 3 tầng thoáng đãng, hải sản tươi sống và thực đơn đa dạng. Tuyệt vời cho tiệc tất niên! Đây là bản tóm tắt nội dung do AI tạo và không nhằm mục đích cung cấp ngữ cảnh thực tế. Mar 17, 2024 · If you’re in Quảng Ninh, dining on fish is a must! 🌊🐟 Experience the renowned seafood at Nhà hàng Koto, a newly opened restaurant in the FLC hotel, where the sea view is simply breathtaking."
Quảng Yên,Quảng Ninh,quán ăn ở Quảng Yên Quảng Ninh,7347316552888339730,baongocyumyum,https://www.tiktok.com/@baongocyumyum/video/7347316552888339730,Review Nhà Hàng Gà Tiên Yên Quảng Ninh - Bảo Ngọc Yum Yum ...,"Mar 17, 2024 · If you’re in Quảng Ninh, dining on fish is a must! 🌊🐟 Experience the renowned seafood at Nhà hàng Koto, a newly opened restaurant in the FLC hotel, where the sea view is simply breathtaking."
Đông Mai,Quảng Ninh,quán ăn ở Đông Mai Quảng Ninh,7670028748934089992,buimai1997,https://www.tiktok.com/@buimai1997/video/7670028748934089992,"Quán nhà em ship quanh khu vực sông khoai,và đông mai quảng ...","Video TikTok từ Bùi Mai (@buimai1997): ""Quán nhà em ship quanh khu vực sông khoai,và đông mai quảng yên nhé"".Đặt cơm 0375725975 Hoặc 0983143442 nhạc nền - Trai lục ngạn🍇🍇."
Đông Mai,Quảng Ninh,quán ăn ở Đông Mai Quảng Ninh,7662567182110412040,nguoidanongdibo,https://www.tiktok.com/@nguoidanongdibo/video/7662567182110412040,"Thác Mơ ở Đông Mai, Quảng Ninh | TikTok","Video TikTok từ Người đàn ông đi bộ (@nguoidanongdibo): ""Thác Mơ ở Đông Mai, Quảng Ninh"".âm thanh gốc - Người đàn ông đi bộ."
Đông Mai,Quảng Ninh,quán ăn ở Đông Mai Quảng Ninh,7674467326279863573,anh.anh1980travel,https://www.tiktok.com/@anh.anh1980travel/video/7674467326279863573,"Hướng dẫn đường vào Thác Mơ Đông Mai Quảng Yên, Quảng Ninh ...","Hướng dẫn đường vào Thác Mơ Đông Mai Quảng Yên, Quảng Ninh Lead Hướng dẫn đường vào Thác Mơ Đông Mai (Thác Mơ) tại Quảng Yên, Quảng Ninh: lộ trình tiếp cận, điểm check-in, và gợi ý cho picnic hoặc camping. Thông tin này phù hợp cho người đi tự túc muốn khám phá thác."
Đông Mai,Quảng Ninh,quán ăn ở Đông Mai Quảng Ninh,7661056664333847829,ana95.8,https://www.tiktok.com/@ana95.8/video/7661056664333847829,Quán cafe Quảng Ninh có đồ uống đậm đà và cô chủ thơm ngon ...,"Lead Quán cafe ở Quảng Ninh đang hot nhờ đồ uống đậm đà và cô chủ thân thiện, được nhiều khách nhắc tới vì hương vị và không khí. Bài viết tóm tắt lý do quán thu hút và những điều khách thường tìm kiếm."
Đông Mai,Quảng Ninh,quán ăn ở Đông Mai Quảng Ninh,7674966802383785237,duy.anh_food,https://www.tiktok.com/@duy.anh_food/video/7674966802383785237,Suất 50k full trứng: review món ăn Quảng Ninh | TikTok,"Lead Video trả lời @changanh giới thiệu ""Suất 50k full trứng"" dành cho em gái đến từ Quảng Ninh. Tiêu đề và cover nhấn mạnh giá 50.000 đồng và phần ăn có ""full trứng"" — điểm khơi gợi chính cho người xem quan tâm đến giá cả và thành phần món ăn."
Hiệp Hòa,Quảng Ninh,quán ăn ở Hiệp Hòa Quảng Ninh,7578014876010941717,empengos,https://www.tiktok.com/@empengos/video/7578014876010941717,"Quán Mỳ Cay Hiệp Hoà - Địa Điểm Ăn Uống Ngon Nhất | TikTokQuán tào phớ ngon nhất Hiệp Hoà: review dễ hiểu cho các vợ ...Ăn Lẩu Nướng 1987 Tại Hiệp Hòa - Món Ngon Bắc Giang | TikTokQuán nướng Long Hậu, Hiệp Phước nổi tiếng - TikTokQuán ăn sáng ngon ở Hiệp Hòa, Bắc Giang | TikTokQuán ăn Hiệp Hòa Bắc Giang: Món ngon, trà liptea, mỳ cay Hiệp ...Trứng nướng Hiệp Hòa quán nào ngon? Địa chỉ & gợi ý | TikTok","1774 Lượt thích,166 Bình luận.Video TikTok từ Ngô Phương Lan (@empengos): ""Trải nghiệm quán mỳ cay mới mở tại Hiệp Hoà với hương vị tuyệt ngon. Đừng bỏ lỡ! #learnontiktok #xh #foodreview #cafe #food"". Kết luận Quán tào phớ được nhiều người nhận xét là ""ngon nhất Hiệp Hoà"" xứng đáng để thử, đặc biệt nếu bạn quan tâm tới tào phớ mềm mịn, nước đường hài hoà và phục vụ nhanh. Nov 22, 2022 · Khám phá quán lẩu nướng 1987 tại Hiệp Hòa với không gian rộng rãi và đa dạng menu từ lẩu nướng đến sashimi thơm ngon. Xem video để trải nghiệm hương vị hấp dẫn này! #monngonbacgiang #theanh28 #mnbg #mnbggroup - Vị trí: phục vụ khu vực Long Hậu, Hiệp Phước, Long Hữu và các cụm KCN xung quanh — phù hợp cho bữa ăn sau giờ làm hoặc gặp gỡ bạn bè. - Phong cách: ấm cúng, thân thiện; quán được người dùng nhắc tới trên TikTok với các hashtag #vairal #xuhuongtiktok #trendingtiktok #longhau #nhabe. 1354 Likes, 331 Comments. TikTok video from Lâm Phương (@lam_phuong98): “Khám phá các quán ăn sáng ngon và rẻ tại Hiệp Hòa, Bắc Giang với gợi ý bún riêu, phở gà, bún bò Huế, bún cá.”. Dành cho người tìm quán ăn ở Hiệp Hòa, Bắc Giang: tập trung vào món ngon, đồ uống liptea và mỳ cay địa phương. Bài viết này tổng hợp gợi ý nhanh, giúp bạn biết nên thử gì khi đến Hiệp Hòa. Kết luận Người đăng cảm thấy trứng nướng ở Hiệp Hòa ngon và khuyến khích thử. Dùng các mẹo trên để chọn quán phù hợp và có trải nghiệm tốt hơn. Nếu muốn chính xác địa chỉ, kiểm tra thêm đánh giá trực tuyến hoặc hỏi trực tiếp người quen ở Hiệp Hòa."
Hiệp Hòa,Quảng Ninh,quán ăn ở Hiệp Hòa Quảng Ninh,7675713402504891669,khim.lutubic,https://www.tiktok.com/@khim.lutubic/video/7675713402504891669,Quán tào phớ ngon nhất Hiệp Hoà: review dễ hiểu cho các vợ ...,"Kết luận Quán tào phớ được nhiều người nhận xét là ""ngon nhất Hiệp Hoà"" xứng đáng để thử, đặc biệt nếu bạn quan tâm tới tào phớ mềm mịn, nước đường hài hoà và phục vụ nhanh."
Hiệp Hòa,Quảng Ninh,quán ăn ở Hiệp Hòa Quảng Ninh,7168667105418562818,monngon_bacgiang,https://www.tiktok.com/@monngon_bacgiang/video/7168667105418562818,"Ăn Lẩu Nướng 1987 Tại Hiệp Hòa - Món Ngon Bắc Giang | TikTokQuán nướng Long Hậu, Hiệp Phước nổi tiếng - TikTokQuán ăn sáng ngon ở Hiệp Hòa, Bắc Giang | TikTokQuán ăn Hiệp Hòa Bắc Giang: Món ngon, trà liptea, mỳ cay Hiệp ...Trứng nướng Hiệp Hòa quán nào ngon? Địa chỉ & gợi ý | TikTok","Nov 22, 2022 · Khám phá quán lẩu nướng 1987 tại Hiệp Hòa với không gian rộng rãi và đa dạng menu từ lẩu nướng đến sashimi thơm ngon. Xem video để trải nghiệm hương vị hấp dẫn này! #monngonbacgiang #theanh28 #mnbg #mnbggroup - Vị trí: phục vụ khu vực Long Hậu, Hiệp Phước, Long Hữu và các cụm KCN xung quanh — phù hợp cho bữa ăn sau giờ làm hoặc gặp gỡ bạn bè. - Phong cách: ấm cúng, thân thiện; quán được người dùng nhắc tới trên TikTok với các hashtag #vairal #xuhuongtiktok #trendingtiktok #longhau #nhabe. 1354 Likes, 331 Comments. TikTok video from Lâm Phương (@lam_phuong98): “Khám phá các quán ăn sáng ngon và rẻ tại Hiệp Hòa, Bắc Giang với gợi ý bún riêu, phở gà, bún bò Huế, bún cá.”. Dành cho người tìm quán ăn ở Hiệp Hòa, Bắc Giang: tập trung vào món ngon, đồ uống liptea và mỳ cay địa phương. Bài viết này tổng hợp gợi ý nhanh, giúp bạn biết nên thử gì khi đến Hiệp Hòa. Kết luận Người đăng cảm thấy trứng nướng ở Hiệp Hòa ngon và khuyến khích thử. Dùng các mẹo trên để chọn quán phù hợp và có trải nghiệm tốt hơn. Nếu muốn chính xác địa chỉ, kiểm tra thêm đánh giá trực tuyến hoặc hỏi trực tiếp người quen ở Hiệp Hòa."
Hiệp Hòa,Quảng Ninh,quán ăn ở Hiệp Hòa Quảng Ninh,7651154639315913991,hoingobbq1201,https://www.tiktok.com/@hoingobbq1201/video/7651154639315913991,"Quán nướng Long Hậu, Hiệp Phước nổi tiếng - TikTok","- Vị trí: phục vụ khu vực Long Hậu, Hiệp Phước, Long Hữu và các cụm KCN xung quanh — phù hợp cho bữa ăn sau giờ làm hoặc gặp gỡ bạn bè. - Phong cách: ấm cúng, thân thiện; quán được người dùng nhắc tới trên TikTok với các hashtag #vairal #xuhuongtiktok #trendingtiktok #longhau #nhabe."
Hiệp Hòa,Quảng Ninh,quán ăn ở Hiệp Hòa Quảng Ninh,7679782689989201172,monngon_bacgiang,https://www.tiktok.com/@monngon_bacgiang/video/7679782689989201172,"Quán ăn Hiệp Hòa Bắc Giang: Món ngon, trà liptea, mỳ cay Hiệp ...","Dành cho người tìm quán ăn ở Hiệp Hòa, Bắc Giang: tập trung vào món ngon, đồ uống liptea và mỳ cay địa phương. Bài viết này tổng hợp gợi ý nhanh, giúp bạn biết nên thử gì khi đến Hiệp Hòa."
Hiệp Hòa,Quảng Ninh,quán ăn ở Hiệp Hòa Quảng Ninh,7676724859883343122,bep_banh_nha_na,https://www.tiktok.com/@bep_banh_nha_na/video/7676724859883343122,Trứng nướng Hiệp Hòa quán nào ngon? Địa chỉ & gợi ý | TikTok,"Kết luận Người đăng cảm thấy trứng nướng ở Hiệp Hòa ngon và khuyến khích thử. Dùng các mẹo trên để chọn quán phù hợp và có trải nghiệm tốt hơn. Nếu muốn chính xác địa chỉ, kiểm tra thêm đánh giá trực tuyến hoặc hỏi trực tiếp người quen ở Hiệp Hòa."
Hà An,Quảng Ninh,quán ăn ở Hà An Quảng Ninh,7352139627471424775,langthanghalong2428,https://www.tiktok.com/@langthanghalong2428/video/7352139627471424775,Top 20 Món Ăn Đặc Sản Tại Quảng Ninh | TikTokHà Bún Ngan Nghĩa Tân: Món ăn nào ngon nhất ở khu ẩm thực ...notes.tiktok.comTikTok One Creative Suite#haisanquanhninh Gắn hashtag cho các video trên TikTokSuất 50k full trứng: review món ăn Quảng Ninh | TikTokQuan Lạn Quảng Ninh travel guide: ăn uống & homestay gợi ý ...,"Mar 30, 2024 · Top 20 Món Ăn Đặc Sản Tại Quảng Ninh Khám phá 20 món ăn đặc sản tuyệt vời của Quảng Ninh. Đừng bỏ lỡ những trải nghiệm ẩm thực thú vị ở đây! #thuylinhbooking #dulichvietnam #dacsanvietnam Hà Bún Ngan là gợi ý nổi bật — quán bún ngan được nhắc đến trong các câu hỏi: “Anh thích món ăn nào nhất mỗi khi ghé thăm khu ẩm thực chợ Nghĩa Tân?” và “Em thích ăn gì nhất ở chợ Nghĩa Tân?”. Đến Hạ Long, không đi vịnh thì đi đâu? Hạ Long là một thành phố thuộc tỉnh Quảng Ninh, nằm ở phía Đông Bắc của Hà Nội, cách Hà Nội khoảng 180km. Hạ Long là địa điểm thu hút khách du lịch quanh năm vì có Vịnh Hạ Long - một trong 7 kỳ quan thiên nhiên Thế giới. Hashtag Discover new trends on TikTok through hashtags Creator Coming soon Connect with the hottest creators on TikTok Video Find inspiration through trending TikTok videos 1634 lượt xem chienreview89 Hải sản Quảng Ninh không ngon mới sợ????#xuhuong#LearOnTikTok#sunwordlhalong#halong#quangninh#review#haisanquanhninh#rchienreview Lead Video trả lời @changanh giới thiệu ""Suất 50k full trứng"" dành cho em gái đến từ Quảng Ninh. Tiêu đề và cover nhấn mạnh giá 50.000 đồng và phần ăn có ""full trứng"" — điểm khơi gợi chính cho người xem quan tâm đến giá cả và thành phần món ăn. Tóm tắt nhanh về Quan Lạn (Quảng Ninh) và những gợi ý cần biết Quan Lạn (thuộc Quảng Ninh) là điểm du lịch biển nhỏ, phù hợp cho chuyến nghỉ ngắn. Nội dung tập trung vào ba điều chính: chỗ ở, món ăn nổi bật và ghi chú du lịch ngắn gọn."
Hà An,Quảng Ninh,quán ăn ở Hà An Quảng Ninh,7682021892559080711,hatoceo,https://www.tiktok.com/@hatoceo/video/7682021892559080711,Hà Bún Ngan Nghĩa Tân: Món ăn nào ngon nhất ở khu ẩm thực ...notes.tiktok.comTikTok One Creative Suite#haisanquanhninh Gắn hashtag cho các video trên TikTokSuất 50k full trứng: review món ăn Quảng Ninh | TikTokQuan Lạn Quảng Ninh travel guide: ăn uống & homestay gợi ý ...,"Hà Bún Ngan là gợi ý nổi bật — quán bún ngan được nhắc đến trong các câu hỏi: “Anh thích món ăn nào nhất mỗi khi ghé thăm khu ẩm thực chợ Nghĩa Tân?” và “Em thích ăn gì nhất ở chợ Nghĩa Tân?”. Đến Hạ Long, không đi vịnh thì đi đâu? Hạ Long là một thành phố thuộc tỉnh Quảng Ninh, nằm ở phía Đông Bắc của Hà Nội, cách Hà Nội khoảng 180km. Hạ Long là địa điểm thu hút khách du lịch quanh năm vì có Vịnh Hạ Long - một trong 7 kỳ quan thiên nhiên Thế giới. Hashtag Discover new trends on TikTok through hashtags Creator Coming soon Connect with the hottest creators on TikTok Video Find inspiration through trending TikTok videos 1634 lượt xem chienreview89 Hải sản Quảng Ninh không ngon mới sợ????#xuhuong#LearOnTikTok#sunwordlhalong#halong#quangninh#review#haisanquanhninh#rchienreview Lead Video trả lời @changanh giới thiệu ""Suất 50k full trứng"" dành cho em gái đến từ Quảng Ninh. Tiêu đề và cover nhấn mạnh giá 50.000 đồng và phần ăn có ""full trứng"" — điểm khơi gợi chính cho người xem quan tâm đến giá cả và thành phần món ăn. Tóm tắt nhanh về Quan Lạn (Quảng Ninh) và những gợi ý cần biết Quan Lạn (thuộc Quảng Ninh) là điểm du lịch biển nhỏ, phù hợp cho chuyến nghỉ ngắn. Nội dung tập trung vào ba điều chính: chỗ ở, món ăn nổi bật và ghi chú du lịch ngắn gọn."
Hà An,Quảng Ninh,quán ăn ở Hà An Quảng Ninh,7674966802383785237,duy.anh_food,https://www.tiktok.com/@duy.anh_food/video/7674966802383785237,Suất 50k full trứng: review món ăn Quảng Ninh | TikTok,"Lead Video trả lời @changanh giới thiệu ""Suất 50k full trứng"" dành cho em gái đến từ Quảng Ninh. Tiêu đề và cover nhấn mạnh giá 50.000 đồng và phần ăn có ""full trứng"" — điểm khơi gợi chính cho người xem quan tâm đến giá cả và thành phần món ăn."
Hà An,Quảng Ninh,quán ăn ở Hà An Quảng Ninh,7666071093777616149,aboutthuw,https://www.tiktok.com/@aboutthuw/video/7666071093777616149,Quan Lạn Quảng Ninh travel guide: ăn uống & homestay gợi ý ...,"Tóm tắt nhanh về Quan Lạn (Quảng Ninh) và những gợi ý cần biết Quan Lạn (thuộc Quảng Ninh) là điểm du lịch biển nhỏ, phù hợp cho chuyến nghỉ ngắn. Nội dung tập trung vào ba điều chính: chỗ ở, món ăn nổi bật và ghi chú du lịch ngắn gọn."
Hà Giang 1,Tuyên Quang,quán ăn ở Hà Giang 1 Tuyên Quang,7678230749039971591,naydidau,https://www.tiktok.com/@naydidau/video/7678230749039971591,Ăn đêm ở Tuyên Quang: Gợi ý quán ngon cho chuyến đi | TikTok,"Dưới đây là những gợi ý ngắn, thực tế để tìm quán ăn đêm phù hợp khi ở Tuyên Quang. Những loại quán nên tìm - Quán vỉa hè và quán ăn nhỏ: Thường mở muộn, phục vụ các món ăn nhanh như phở, bún, mì, cơm phần và đồ nướng."
Hà Giang 1,Tuyên Quang,quán ăn ở Hà Giang 1 Tuyên Quang,7504536551880199442,eatwithbeann_,https://www.tiktok.com/@eatwithbeann_/video/7504536551880199442,"Khám Phá Các Quán Ngon Tại Hà Giang | TikTokHà Giang xu hướng TikTok: điểm đến, clip & hashtag phổ biến ...Quán mì cay đông khách bất chấp oi nóng ở Hà Giang | TikTokĂn Ở Tuyên Quang (@milanotq) | TikTokThưởng thức ẩm thực tại Hạ Thành Quán Hà Giang | TikTokReview quán ăn Tuyên Quang: Thực phẩm tươi ngon | TikTok","May 15, 2025 · 347 Lượt thích,Video TikTok từ Lăn Cùng Bean (@eatwithbeann_): ""Chuyến khám phá đầy hương vị với các quán ăn ngon ở Hà Giang. Theo dõi và tìm hiểu thêm về ẩm thực hấp dẫn nơi đây! #ancungtiktok #travelhagiang #haigiang"". Lead Tổng hợp những xu hướng TikTok đang liên quan đến Hà Giang, tập trung vào các hashtag #xuhuong, #xuhuongtiktok và #hagiang. Bài viết giúp bạn hiểu loại nội dung được lan truyền và cách sử dụng hashtag phù hợp để tăng khả năng tiếp cận. Lead Quán mì cay ở Hà Giang vẫn tấp nập dù thời tiết oi nóng — video và mô tả cho thấy khách vẫn kéo đến thưởng thức mì cay, chứng tỏ món ăn và trải nghiệm tại quán giữ sức hút mạnh mẽ. Ăn Ở Tuyên Quang (@milanotq) trên TikTok |5444 Lượt thích.541 Follower.Made in Tuyên Quang.Xem video mới nhất từ Ăn Ở Tuyên Quang (@milanotq). Lead Hạ Thành Quán ở Hà Giang nổi bật như điểm đến ẩm thực cho du khách muốn thưởng thức đặc sản Tây Bắc. Bài viết này tập trung vào trải nghiệm ẩm thực tại quán, những món nên thử và tổng quan không gian phục vụ. Oct 27, 2025 · Khám phá quán ăn Tuyên Quang với món tẩm ướp tuyệt vời! Đặt bàn trước để không phải chờ đợi. #mizungdivamam #reviewtuyenquang #tuyenquangangi"
Hà Giang 1,Tuyên Quang,quán ăn ở Hà Giang 1 Tuyên Quang,7645501413845486866,phuzing2,https://www.tiktok.com/@phuzing2/video/7645501413845486866,"Hà Giang xu hướng TikTok: điểm đến, clip & hashtag phổ biến ...Quán mì cay đông khách bất chấp oi nóng ở Hà Giang | TikTokĂn Ở Tuyên Quang (@milanotq) | TikTokThưởng thức ẩm thực tại Hạ Thành Quán Hà Giang | TikTokReview quán ăn Tuyên Quang: Thực phẩm tươi ngon | TikTok","Lead Tổng hợp những xu hướng TikTok đang liên quan đến Hà Giang, tập trung vào các hashtag #xuhuong, #xuhuongtiktok và #hagiang. Bài viết giúp bạn hiểu loại nội dung được lan truyền và cách sử dụng hashtag phù hợp để tăng khả năng tiếp cận. Lead Quán mì cay ở Hà Giang vẫn tấp nập dù thời tiết oi nóng — video và mô tả cho thấy khách vẫn kéo đến thưởng thức mì cay, chứng tỏ món ăn và trải nghiệm tại quán giữ sức hút mạnh mẽ. Ăn Ở Tuyên Quang (@milanotq) trên TikTok |5444 Lượt thích.541 Follower.Made in Tuyên Quang.Xem video mới nhất từ Ăn Ở Tuyên Quang (@milanotq). Lead Hạ Thành Quán ở Hà Giang nổi bật như điểm đến ẩm thực cho du khách muốn thưởng thức đặc sản Tây Bắc. Bài viết này tập trung vào trải nghiệm ẩm thực tại quán, những món nên thử và tổng quan không gian phục vụ. Oct 27, 2025 · Khám phá quán ăn Tuyên Quang với món tẩm ướp tuyệt vời! Đặt bàn trước để không phải chờ đợi. #mizungdivamam #reviewtuyenquang #tuyenquangangi"
Hà Giang 1,Tuyên Quang,quán ăn ở Hà Giang 1 Tuyên Quang,7644460031374626068,micaythiennho,https://www.tiktok.com/@micaythiennho/video/7644460031374626068,Quán mì cay đông khách bất chấp oi nóng ở Hà Giang | TikTokĂn Ở Tuyên Quang (@milanotq) | TikTokThưởng thức ẩm thực tại Hạ Thành Quán Hà Giang | TikTokReview quán ăn Tuyên Quang: Thực phẩm tươi ngon | TikTok,"Lead Quán mì cay ở Hà Giang vẫn tấp nập dù thời tiết oi nóng — video và mô tả cho thấy khách vẫn kéo đến thưởng thức mì cay, chứng tỏ món ăn và trải nghiệm tại quán giữ sức hút mạnh mẽ. Ăn Ở Tuyên Quang (@milanotq) trên TikTok |5444 Lượt thích.541 Follower.Made in Tuyên Quang.Xem video mới nhất từ Ăn Ở Tuyên Quang (@milanotq). Lead Hạ Thành Quán ở Hà Giang nổi bật như điểm đến ẩm thực cho du khách muốn thưởng thức đặc sản Tây Bắc. Bài viết này tập trung vào trải nghiệm ẩm thực tại quán, những món nên thử và tổng quan không gian phục vụ. Oct 27, 2025 · Khám phá quán ăn Tuyên Quang với món tẩm ướp tuyệt vời! Đặt bàn trước để không phải chờ đợi. #mizungdivamam #reviewtuyenquang #tuyenquangangi"
Hà Giang 1,Tuyên Quang,quán ăn ở Hà Giang 1 Tuyên Quang,7642308133536173332,doanmovang,https://www.tiktok.com/@doanmovang/video/7642308133536173332,Thưởng thức ẩm thực tại Hạ Thành Quán Hà Giang | TikTok,"Lead Hạ Thành Quán ở Hà Giang nổi bật như điểm đến ẩm thực cho du khách muốn thưởng thức đặc sản Tây Bắc. Bài viết này tập trung vào trải nghiệm ẩm thực tại quán, những món nên thử và tổng quan không gian phục vụ."
Hà Giang 1,Tuyên Quang,quán ăn ở Hà Giang 1 Tuyên Quang,7565816254431317269,lmcgamer2277,https://www.tiktok.com/@lmcgamer2277/video/7565816254431317269,Review quán ăn Tuyên Quang: Thực phẩm tươi ngon | TikTok,"Oct 27, 2025 · Khám phá quán ăn Tuyên Quang với món tẩm ướp tuyệt vời! Đặt bàn trước để không phải chờ đợi. #mizungdivamam #reviewtuyenquang #tuyenquangangi"
Liên Hòa,Quảng Ninh,quán ăn ở Liên Hòa Quảng Ninh,7672760835554495752,trantrunghoa2808,https://www.tiktok.com/@trantrunghoa2808/video/7672760835554495752,Hẹn mọi người ở DHTDTT Quảng Ninh | TikTok,"- Hashtag kèm theo: #dhtdttquangninh, #xh — sử dụng khi chia sẻ trên mạng xã hội để liên kết nội dung. Gợi ý khi chia sẻ - Đính kèm thời gian và điểm tập trung cụ thể khi đăng thông tin chi tiết."
Liên Hòa,Quảng Ninh,quán ăn ở Liên Hòa Quảng Ninh,7243811600019377414,nayphanhreview,https://www.tiktok.com/@nayphanhreview/video/7243811600019377414,Ăn gì ở Phố Cổ Hoa Lư Ninh Bình? | TikTokSuất 50k full trứng: review món ăn Quảng Ninh | TikTokĂn Pizza Sen ở Phố Cổ Hoa Lư Ninh Bình — Ảnh Cuối Tuần ...Quán Ăn Ngon Tại Phố Cổ Hoa Lư Ninh Bình | TikTok,"Jun 12, 2023 · 1513 Lượt thích,52 Bình luận.Video TikTok từ Này Phanh review (@nayphanhreview): ""Khám phá đặc sản và món ngon không thể bỏ lỡ tại Phố Cổ Hoa Lư Ninh Bình. Đừng quên thưởng thức thịt dê và cơm cháy nhé! #mcv #nayphanh #travel #phocohoalu"". Lead Video trả lời @changanh giới thiệu ""Suất 50k full trứng"" dành cho em gái đến từ Quảng Ninh. Tiêu đề và cover nhấn mạnh giá 50.000 đồng và phần ăn có ""full trứng"" — điểm khơi gợi chính cho người xem quan tâm đến giá cả và thành phần món ăn. Lead Một chiều cuối tuần ở Phố Cổ Hoa Lư, Ninh Bình: ngồi ăn pizza sen giữa không gian cổ kính, tranh thủ chụp ảnh bộ outfit còn lại và gom lại những khoảnh khắc chuyến đi. Khám phá quán ăn Mộc Vị Hoa Lư với đồ ăn tươi ngon, chất lượng và giá cả hợp lý. Trải nghiệm lẩu tôm và cơm cháy đậm đà! #reviewninhbinh #ninhbinhangi #phocohoaluninhbinh"
Liên Hòa,Quảng Ninh,quán ăn ở Liên Hòa Quảng Ninh,7674966802383785237,duy.anh_food,https://www.tiktok.com/@duy.anh_food/video/7674966802383785237,Suất 50k full trứng: review món ăn Quảng Ninh | TikTok,"Lead Video trả lời @changanh giới thiệu ""Suất 50k full trứng"" dành cho em gái đến từ Quảng Ninh. Tiêu đề và cover nhấn mạnh giá 50.000 đồng và phần ăn có ""full trứng"" — điểm khơi gợi chính cho người xem quan tâm đến giá cả và thành phần món ăn."
Liên Hòa,Quảng Ninh,quán ăn ở Liên Hòa Quảng Ninh,7658666146157219079,h_duyen04,https://www.tiktok.com/@h_duyen04/video/7658666146157219079,Ăn Pizza Sen ở Phố Cổ Hoa Lư Ninh Bình — Ảnh Cuối Tuần ...Quán Ăn Ngon Tại Phố Cổ Hoa Lư Ninh Bình | TikTok,"Lead Một chiều cuối tuần ở Phố Cổ Hoa Lư, Ninh Bình: ngồi ăn pizza sen giữa không gian cổ kính, tranh thủ chụp ảnh bộ outfit còn lại và gom lại những khoảnh khắc chuyến đi. Khám phá quán ăn Mộc Vị Hoa Lư với đồ ăn tươi ngon, chất lượng và giá cả hợp lý. Trải nghiệm lẩu tôm và cơm cháy đậm đà! #reviewninhbinh #ninhbinhangi #phocohoaluninhbinh"
Liên Hòa,Quảng Ninh,quán ăn ở Liên Hòa Quảng Ninh,7581119793202236679,foodandtravelninhbinh,https://www.tiktok.com/@foodandtravelninhbinh/video/7581119793202236679,Quán Ăn Ngon Tại Phố Cổ Hoa Lư Ninh Bình | TikTok,"Khám phá quán ăn Mộc Vị Hoa Lư với đồ ăn tươi ngon, chất lượng và giá cả hợp lý. Trải nghiệm lẩu tôm và cơm cháy đậm đà! #reviewninhbinh #ninhbinhangi #phocohoaluninhbinh"
Phong Cốc,Quảng Ninh,quán ăn ở Phong Cốc Quảng Ninh,7633801086934977812,quangninh14no1,https://www.tiktok.com/@quangninh14no1/video/7633801086934977812,Khám phá ẩm thực và phong cảnh Quảng Yên | TikTok,"Khám phá vẻ đẹp và hương vị độc đáo của Phong Cốc, Quảng Yên, Quảng Ninh. Trải nghiệm văn hóa địa phương và những món ăn hấp dẫn. #QuangNinh #xuhuong"
Phong Cốc,Quảng Ninh,quán ăn ở Phong Cốc Quảng Ninh,7680817939460705556,thosantienthuongqninh,https://www.tiktok.com/@thosantienthuongqninh/video/7680817939460705556,Phong Cốc-Quảng Yên Quảng Ninh#xh #xuhuong # ... - TikTok,"Video TikTok từ Thợ săn tiền thưởng (@thosantienthuongqninh): ""Phong Cốc-Quảng Yên Quảng Ninh#xh #xuhuong #thosantienthuong"".âm thanh gốc - Thợ săn tiền thưởng."
Phong Cốc,Quảng Ninh,quán ăn ở Phong Cốc Quảng Ninh,7352139627471424775,langthanghalong2428,https://www.tiktok.com/@langthanghalong2428/video/7352139627471424775,Top 20 Món Ăn Đặc Sản Tại Quảng Ninh | TikTokPhương Quảng Ninh trên TikTokKhám Phá Phong Cốc Quảng Ninh Việt Nam | TikTok,"Mar 30, 2024 · Top 20 Món Ăn Đặc Sản Tại Quảng Ninh Khám phá 20 món ăn đặc sản tuyệt vời của Quảng Ninh. Đừng bỏ lỡ những trải nghiệm ẩm thực thú vị ở đây! #thuylinhbooking #dulichvietnam #dacsanvietnam 12.4K Lượt thích,150 Bình luận.Video TikTok từ Phương Quảng Ninh (@phuongquangninh14): ""Mì trộn dao cắt sơn tây này ăn ngon nhưng để ý dưới 150k mới mua nha các bác 😍 #vtmgr #vtmqn"".mì trộn dao cắt sơn tây siêu ngon 😍âm thanh gốc - Phương Quảng Ninh. Jun 18, 2025 · 674 Lượt thích,76 Bình luận.Video TikTok từ Chiến bán đất Quảng Yên (@chienbds): ""Khám phá vẻ đẹp của Phong Cốc, Quảng Ninh, Việt Nam. Tham gia chuyến hành trình tuyệt vời này! #phongcoc #quangninh #vietnam""."
Phong Cốc,Quảng Ninh,quán ăn ở Phong Cốc Quảng Ninh,7647013373074328852,phuongquangninh14,https://www.tiktok.com/@phuongquangninh14/video/7647013373074328852,Phương Quảng Ninh trên TikTok,"12.4K Lượt thích,150 Bình luận.Video TikTok từ Phương Quảng Ninh (@phuongquangninh14): ""Mì trộn dao cắt sơn tây này ăn ngon nhưng để ý dưới 150k mới mua nha các bác 😍 #vtmgr #vtmqn"".mì trộn dao cắt sơn tây siêu ngon 😍âm thanh gốc - Phương Quảng Ninh."
Phong Cốc,Quảng Ninh,quán ăn ở Phong Cốc Quảng Ninh,7517101433993334034,chienbds,https://www.tiktok.com/@chienbds/video/7517101433993334034,Khám Phá Phong Cốc Quảng Ninh Việt Nam | TikTok,"Jun 18, 2025 · 674 Lượt thích,76 Bình luận.Video TikTok từ Chiến bán đất Quảng Yên (@chienbds): ""Khám phá vẻ đẹp của Phong Cốc, Quảng Ninh, Việt Nam. Tham gia chuyến hành trình tuyệt vời này! #phongcoc #quangninh #vietnam""."
Bắc Giang,Bắc Ninh,quán ăn ở Bắc Giang Bắc Ninh,7666490586081348872,_cunoilacunn,https://www.tiktok.com/@_cunoilacunn/video/7666490586081348872,Quán ăn Hàn Quốc ngon gần Bếp Giang Bắc Ninh | TikTok,"Cách tìm quán - Tìm theo cụm từ “Bếp Giang Bắc Ninh” kèm “doanhanquoc” hoặc “quán Hàn” trên Google Maps hoặc ứng dụng đặt đồ ăn. - Tra cứu video hoặc bài đăng kèm hashtag #doanhanquoc, #muckbang để xem đánh giá trực quan trước khi đi."
Bắc Giang,Bắc Ninh,quán ăn ở Bắc Giang Bắc Ninh,7628057344198348053,phamquyhaidang,https://www.tiktok.com/@phamquyhaidang/video/7628057344198348053,Quán ăn ngon Bắc Giang | TikTok,Khám phá những quán ăn ngon và hấp dẫn tại Bắc Giang. Tìm hiểu về ẩm thực địa phương và các món ăn đặc sắc. #Trending #xuhuong #bắcgiang #food #review
Bắc Giang,Bắc Ninh,quán ăn ở Bắc Giang Bắc Ninh,7636706497728171285,phamquyhaidang,https://www.tiktok.com/@phamquyhaidang/video/7636706497728171285,Các quán ăn bạn yêu thích tại Bắc Giang #bắcgiang #xuhuong # ...Khám Phá Địa Điểm Ăn Ngon Ở Bắc Giang | TikTokĐịa Điểm Ăn Ngon Ở Bắc Giang | TikTokTrải nghiệm Vincom: Review quán mới ở Bắc Giang | TikTokReview Quán Nướng Vũ Gia Ngon Nhất Bắc Giang | TikTok,"3979 Lượt thích,80 Bình luận.Video TikTok từ Vi Vu Bắc Giang (@phamquyhaidang): ""Các quán ăn bạn yêu thích tại Bắc Giang #bắcgiang #xuhuong #trending #food #lẩu"".MINI VLOG. Dec 9, 2024 · Cập nhật quán ăn hấp dẫn tại Bắc Giang với các món bánh canh đặc sắc. Khám phá ngay! #ansapbacgiang #bacgiang #reviewbacgiang #streetfood Jun 2, 2025 · Khám phá những món ăn ngon ở Bắc Giang cùng Six Sen Agency. Tìm hiểu thêm trong video! #ansapbacgiang #bacgiang #bacgiang98 #sixsenagency #foodreview Khám phá ẩm thực tại Vincom Bắc Giang và review quán mới có trực thăng. Điểm danh chaewon bbq và những địa điểm ăn ngon ở thành phố Bắc Giang. #ansapbacgiang #bacgiang #reviewbacgiang Jan 19, 2025 · Chủ quán chia sẻ rằng quán có quy trình nướng bài bản, mang món ăn đường phố lên một tầm cao mới với chất lượng năm sao mà giá cả lại rất bình dân. 🤩 Để nướng được miếng thịt bò ngon, cần phải có chuyên môn hoặc nhờ nhân viên nướng hộ."
Bắc Giang,Bắc Ninh,quán ăn ở Bắc Giang Bắc Ninh,7446350430948445456,ansap_bacgiang,https://www.tiktok.com/@ansap_bacgiang/video/7446350430948445456,Khám Phá Địa Điểm Ăn Ngon Ở Bắc Giang | TikTokĐịa Điểm Ăn Ngon Ở Bắc Giang | TikTokTrải nghiệm Vincom: Review quán mới ở Bắc Giang | TikTokReview Quán Nướng Vũ Gia Ngon Nhất Bắc Giang | TikTok,"Dec 9, 2024 · Cập nhật quán ăn hấp dẫn tại Bắc Giang với các món bánh canh đặc sắc. Khám phá ngay! #ansapbacgiang #bacgiang #reviewbacgiang #streetfood Jun 2, 2025 · Khám phá những món ăn ngon ở Bắc Giang cùng Six Sen Agency. Tìm hiểu thêm trong video! #ansapbacgiang #bacgiang #bacgiang98 #sixsenagency #foodreview Khám phá ẩm thực tại Vincom Bắc Giang và review quán mới có trực thăng. Điểm danh chaewon bbq và những địa điểm ăn ngon ở thành phố Bắc Giang. #ansapbacgiang #bacgiang #reviewbacgiang Jan 19, 2025 · Chủ quán chia sẻ rằng quán có quy trình nướng bài bản, mang món ăn đường phố lên một tầm cao mới với chất lượng năm sao mà giá cả lại rất bình dân. 🤩 Để nướng được miếng thịt bò ngon, cần phải có chuyên môn hoặc nhờ nhân viên nướng hộ."
Bắc Giang,Bắc Ninh,quán ăn ở Bắc Giang Bắc Ninh,7511248896031460615,ansap_bacgiang,https://www.tiktok.com/@ansap_bacgiang/video/7511248896031460615,Địa Điểm Ăn Ngon Ở Bắc Giang | TikTok,"Jun 2, 2025 · Khám phá những món ăn ngon ở Bắc Giang cùng Six Sen Agency. Tìm hiểu thêm trong video! #ansapbacgiang #bacgiang #bacgiang98 #sixsenagency #foodreview"
Bắc Giang,Bắc Ninh,quán ăn ở Bắc Giang Bắc Ninh,7427415432144997633,ansap_bacgiang,https://www.tiktok.com/@ansap_bacgiang/video/7427415432144997633,Trải nghiệm Vincom: Review quán mới ở Bắc Giang | TikTokReview Quán Nướng Vũ Gia Ngon Nhất Bắc Giang | TikTok,"Khám phá ẩm thực tại Vincom Bắc Giang và review quán mới có trực thăng. Điểm danh chaewon bbq và những địa điểm ăn ngon ở thành phố Bắc Giang. #ansapbacgiang #bacgiang #reviewbacgiang Jan 19, 2025 · Chủ quán chia sẻ rằng quán có quy trình nướng bài bản, mang món ăn đường phố lên một tầm cao mới với chất lượng năm sao mà giá cả lại rất bình dân. 🤩 Để nướng được miếng thịt bò ngon, cần phải có chuyên môn hoặc nhờ nhân viên nướng hộ."
Bắc Giang,Bắc Ninh,quán ăn ở Bắc Giang Bắc Ninh,7461597256257473810,bactitday,https://www.tiktok.com/@bactitday/video/7461597256257473810,Review Quán Nướng Vũ Gia Ngon Nhất Bắc Giang | TikTok,"Jan 19, 2025 · Chủ quán chia sẻ rằng quán có quy trình nướng bài bản, mang món ăn đường phố lên một tầm cao mới với chất lượng năm sao mà giá cả lại rất bình dân. 🤩 Để nướng được miếng thịt bò ngon, cần phải có chuyên môn hoặc nhờ nhân viên nướng hộ."
Đa Mai,Bắc Ninh,quán ăn ở Đa Mai Bắc Ninh,7663486782104685844,ansapbacninh,https://www.tiktok.com/@ansapbacninh/video/7663486782104685844,Bánh mì Hội An ở Bắc Ninh: quán ngon gần Ecopark | TikTok,"Bánh mì Hội An ở Bắc Ninh: quán ngon gần Ecopark Lead Thèm bánh mì Hội An mà ở Bắc Ninh? Bài viết này tổng hợp thông tin tìm quán bánh mì Hội An ngon gần Ecopark và các gợi ý ăn sáng ở Bắc Ninh, dựa trên phản hồi và từ khóa tìm kiếm phổ biến."
Đa Mai,Bắc Ninh,quán ăn ở Đa Mai Bắc Ninh,7495208006985026834,bungmobacninh,https://www.tiktok.com/@bungmobacninh/video/7495208006985026834,"Review Quán Cà Phê và Đồ Ăn Ở Bắc Ninh | TikTok#bắc_ninh_ăn_gì Gắn hashtag cho các video trên TikTokNhà hàng này ngon nha mọi người - review quán mẹ Xoài Bắc ...Quán ăn chuẩn vị Hồ Nam ở Bắc Ninh: review, món ngon và địa ...Ăn chơi Bắc Ninh (@anchoibacninh) - TikTokTruy Tìm Quán Ăn Vặt Ngon Nhất Bắc Ninh | TikTok","642 Lượt thích,25 Bình luận.Video TikTok từ Bụng mỡ Bắc Ninh (@bungmobacninh): ""Khám phá những quán cà phê và món ăn ngon ở Bắc Ninh. Hãy cùng thưởng thức và chia sẻ trải nghiệm! #bacninhfoody #reviewdoanbacninh #foodreview"". #bắc_ninh_ăn_gì | 134 người đã xem nội dung này. Xem các video ngắn về #bắc_ninh_ăn_gì trên TikTok. - Địa điểm: nhà hàng ở Bắc Ninh (gợi ý các quán liên quan trong tìm kiếm: nhà mẹ Xoài, nhà hàng Lộc Rừng, Xuân Phong, châu nghệ, quán 164 Âu Cơ). Kết thúc Quán là lựa chọn đáng thử cho team đồ ăn Trung Quốc ở Bắc Ninh muốn tìm hương vị Hồ Nam chuẩn. Thử kết hợp món cay đặc trưng với món trung hoà và phần ăn kèm để có trải nghiệm cân bằng. Ăn chơi Bắc Ninh 🙌 (@anchoibacninh) trên TikTok |1.8M Lượt thích.69.5K Follower.Khám phá quê hương Bắc Ninh giàu đẹp.Xem video phổ biến của Ăn chơi Bắc Ninh 🙌: ""Ưu đãi cuối mùa tại ..."", ""Tiệm ăn vặt cô Thuý ..."". Khám phá quán ăn vặt Phương Anh tại Bắc Ninh qua 30 ngày thách thức! Chắc chắn bạn sẽ tìm được món ngon! #ansapbacninh #vtmgr #LearnOnTikTok"
Đa Mai,Bắc Ninh,quán ăn ở Đa Mai Bắc Ninh,7662382259219041554,suconmexoai,https://www.tiktok.com/@suconmexoai/video/7662382259219041554,Nhà hàng này ngon nha mọi người - review quán mẹ Xoài Bắc ...,"- Địa điểm: nhà hàng ở Bắc Ninh (gợi ý các quán liên quan trong tìm kiếm: nhà mẹ Xoài, nhà hàng Lộc Rừng, Xuân Phong, châu nghệ, quán 164 Âu Cơ)."
Đa Mai,Bắc Ninh,quán ăn ở Đa Mai Bắc Ninh,7653808717422464264,bacninhdidau,https://www.tiktok.com/@bacninhdidau/video/7653808717422464264,"Quán ăn chuẩn vị Hồ Nam ở Bắc Ninh: review, món ngon và địa ...",Kết thúc Quán là lựa chọn đáng thử cho team đồ ăn Trung Quốc ở Bắc Ninh muốn tìm hương vị Hồ Nam chuẩn. Thử kết hợp món cay đặc trưng với món trung hoà và phần ăn kèm để có trải nghiệm cân bằng.
Đa Mai,Bắc Ninh,quán ăn ở Đa Mai Bắc Ninh,7558682597623319826,ansapbacninh,https://www.tiktok.com/@ansapbacninh/video/7558682597623319826,Truy Tìm Quán Ăn Vặt Ngon Nhất Bắc Ninh | TikTok,Khám phá quán ăn vặt Phương Anh tại Bắc Ninh qua 30 ngày thách thức! Chắc chắn bạn sẽ tìm được món ngon! #ansapbacninh #vtmgr #LearnOnTikTok
Nông Tiến,Tuyên Quang,quán ăn ở Nông Tiến Tuyên Quang,7662218438575672594,tuyen.quang.tinh.hoa,https://www.tiktok.com/@tuyen.quang.tinh.hoa/video/7662218438575672594,"Cây mít Tuyên Quang: cà phê mít, trung thu và văn hóa Việt ...","Bài viết này tập trung vào cây mít ở Tuyên Quang và các liên hệ văn hóa — từ cà phê mít đến không khí Trung Thu và tinh hoa Việt Bắc. Văn bản gốc nhắc: “Tôi mà ở gần ngày nào tôi cũng sang vỗ =)))))” cùng hashtag #TuyenQuang #TinhHoaVietBac, gợi hình ảnh địa phương thân mật và niềm vui khi gặp cây mít. Cây mít ..."
Nông Tiến,Tuyên Quang,quán ăn ở Nông Tiến Tuyên Quang,7646023317677280532,xechieusayhi_22,https://www.tiktok.com/@xechieusayhi_22/video/7646023317677280532,Quán ăn Tuyên Quang: nem chua rán phô mai hút ... - TikTokĂn đêm ở Tuyên Quang: Gợi ý quán ngon cho chuyến đi | TikTokCà Phê Cây Mít Tuyên Quang – Quán Cafe Gốc Mít Có Quả | TikTokReview quán ăn Tuyên Quang: Thực phẩm tươi ngon | TikTok,"Niềm vui của chủ quán: khách biết đến quán nhiều hơn sau video Chủ quán ở Tuyên Quang chia sẻ niềm vui khi ngày càng có nhiều khách biết đến quán nhờ video trước về nem chua rán phô mai. Dưới đây là những gợi ý ngắn, thực tế để tìm quán ăn đêm phù hợp khi ở Tuyên Quang. Những loại quán nên tìm - Quán vỉa hè và quán ăn nhỏ: Thường mở muộn, phục vụ các món ăn nhanh như phở, bún, mì, cơm phần và đồ nướng. Kết luận và lời mời Nếu bạn thích quán cà phê ngoài trời, không gian mộc mạc và quả mít chín trên cây, quán cà phê cây mít ở Tuyên Quang là điểm đáng thử. Bạn có từng ghé quán này chưa? Hãy chia sẻ trải nghiệm hoặc hình ảnh để giúp người khác tìm đến. Oct 27, 2025 · Khám phá quán ăn Tuyên Quang với món tẩm ướp tuyệt vời! Đặt bàn trước để không phải chờ đợi. #mizungdivamam #reviewtuyenquang #tuyenquangangi"
Nông Tiến,Tuyên Quang,quán ăn ở Nông Tiến Tuyên Quang,7678230749039971591,naydidau,https://www.tiktok.com/@naydidau/video/7678230749039971591,Ăn đêm ở Tuyên Quang: Gợi ý quán ngon cho chuyến đi | TikTok,"Dưới đây là những gợi ý ngắn, thực tế để tìm quán ăn đêm phù hợp khi ở Tuyên Quang. Những loại quán nên tìm - Quán vỉa hè và quán ăn nhỏ: Thường mở muộn, phục vụ các món ăn nhanh như phở, bún, mì, cơm phần và đồ nướng."
Nông Tiến,Tuyên Quang,quán ăn ở Nông Tiến Tuyên Quang,7659406723177909511,onghoangruoungam58888,https://www.tiktok.com/@onghoangruoungam58888/video/7659406723177909511,Cà Phê Cây Mít Tuyên Quang – Quán Cafe Gốc Mít Có Quả | TikTok,"Kết luận và lời mời Nếu bạn thích quán cà phê ngoài trời, không gian mộc mạc và quả mít chín trên cây, quán cà phê cây mít ở Tuyên Quang là điểm đáng thử. Bạn có từng ghé quán này chưa? Hãy chia sẻ trải nghiệm hoặc hình ảnh để giúp người khác tìm đến."
Nông Tiến,Tuyên Quang,quán ăn ở Nông Tiến Tuyên Quang,7565816254431317269,lmcgamer2277,https://www.tiktok.com/@lmcgamer2277/video/7565816254431317269,Review quán ăn Tuyên Quang: Thực phẩm tươi ngon | TikTok,"Oct 27, 2025 · Khám phá quán ăn Tuyên Quang với món tẩm ướp tuyệt vời! Đặt bàn trước để không phải chờ đợi. #mizungdivamam #reviewtuyenquang #tuyenquangangi"
Bố Hạ,Bắc Ninh,quán ăn ở Bố Hạ Bắc Ninh,7660527874583285010,giohanhphuc99,https://www.tiktok.com/@giohanhphuc99/video/7660527874583285010,"Giò chay ngon Bắc Ninh: mua và làm giò chay chuẩn vị | TikTokTikTok One Creative SuiteĂn chơi Bắc Ninh (@anchoibacninh) - TikTok#bắc_ninh_ăn_gì Gắn hashtag cho các video trên TikTokBố Hạ Bắc Ninh giờ này: tin tức, hình ảnh và hiện trạng | TikTokReview Quán Cà Phê và Đồ Ăn Ở Bắc Ninh | TikTok","Hỏi cửa hàng chay địa phương hoặc tốp chuyên bán giò chay ở Bố Hạ, Bắc Ninh. - Kiểm tra: hỏi rõ thành phần (giò chay làm từ gì), nguồn gốc và giá cả trước khi mua. Hashtag Discover new trends on TikTok through hashtags Creator Coming soon Connect with the hottest creators on TikTok Video Find inspiration through trending TikTok videos Ăn chơi Bắc Ninh 🙌 (@anchoibacninh) trên TikTok |1.8M Lượt thích.69.5K Follower.Khám phá quê hương Bắc Ninh giàu đẹp.Xem video phổ biến của Ăn chơi Bắc Ninh 🙌: ""Ưu đãi cuối mùa tại ..."", ""Tiệm ăn vặt cô Thuý ..."". #bắc_ninh_ăn_gì | 134 người đã xem nội dung này. Xem các video ngắn về #bắc_ninh_ăn_gì trên TikTok. - Tình trạng quan tâm: Các từ tìm kiếm đề xuất gồm ""a5 thpt bố hạ"", ""bố hạ yên thế"", và ""bố hạ ngập lụt hôm nay 2026"" — cho thấy khán giả muốn biết tin địa phương (trường A5/THPT ở Bố Hạ, xã/ huyện Yên Thế, và hiện trạng lụt vào năm 2026). 642 Lượt thích,25 Bình luận.Video TikTok từ Bụng mỡ Bắc Ninh (@bungmobacninh): ""Khám phá những quán cà phê và món ăn ngon ở Bắc Ninh. Hãy cùng thưởng thức và chia sẻ trải nghiệm! #bacninhfoody #reviewdoanbacninh #foodreview""."
Bố Hạ,Bắc Ninh,quán ăn ở Bố Hạ Bắc Ninh,7495208006985026834,bungmobacninh,https://www.tiktok.com/@bungmobacninh/video/7495208006985026834,Review Quán Cà Phê và Đồ Ăn Ở Bắc Ninh | TikTok,"642 Lượt thích,25 Bình luận.Video TikTok từ Bụng mỡ Bắc Ninh (@bungmobacninh): ""Khám phá những quán cà phê và món ăn ngon ở Bắc Ninh. Hãy cùng thưởng thức và chia sẻ trải nghiệm! #bacninhfoody #reviewdoanbacninh #foodreview""."
Bố Hạ,Bắc Ninh,quán ăn ở Bố Hạ Bắc Ninh,7673767020319575314,bacgiang222,https://www.tiktok.com/@bacgiang222/video/7673767020319575314,"THCS Bố Hạ, xã Bố Hạ, Bắc Ninh — thông tin cơ bản | TikTok","Q: What kind of school is THCS Bố Hạ? A: THCS Bố Hạ is a junior high school (trường trung học cơ sở). Q: What is the general information about THCS Bố Hạ? A: The video offers a general overview of THCS Bố Hạ, including its address and notable aspects. Q: Are there related searches for THCS Bố Hạ?"
Bố Hạ,Bắc Ninh,quán ăn ở Bố Hạ Bắc Ninh,7677222711059402002,tryn._1861994,https://www.tiktok.com/@tryn._1861994/video/7677222711059402002,"Bố Hạ Bắc Ninh giờ này: tin tức, hình ảnh và hiện trạng | TikTok","- Tình trạng quan tâm: Các từ tìm kiếm đề xuất gồm ""a5 thpt bố hạ"", ""bố hạ yên thế"", và ""bố hạ ngập lụt hôm nay 2026"" — cho thấy khán giả muốn biết tin địa phương (trường A5/THPT ở Bố Hạ, xã/ huyện Yên Thế, và hiện trạng lụt vào năm 2026)."
Lạng Giang,Bắc Ninh,quán ăn ở Lạng Giang Bắc Ninh,7657095902691134741,ngocengangideyy,https://www.tiktok.com/@ngocengangideyy/video/7657095902691134741,Bắc Giang: Nhìn đồ ăn đoán tên quán Lạng Giang | TikTok,"Lead Video ghi lại thử thách “Bắc Giang nhìn đồ ăn đoán tên quán” diễn ra tại Lạng Giang — một chuỗi quán ăn đẫm lệ, phục vụ giá hợp túi tiền học sinh, sinh viên."
Lạng Giang,Bắc Ninh,quán ăn ở Lạng Giang Bắc Ninh,7681914234187304213,ngocengangideyy,https://www.tiktok.com/@ngocengangideyy/video/7681914234187304213,Seri ăn gì ở Bắc Giang: Ăn gà ngon ở Lạng Giang | TikTok,"Kết luận Tóm lại, tập này của Seri ăn gì ở Bắc Giang mời người xem cùng lên xe đi ăn gà ở Lạng Giang — một gợi ý ẩm thực ngắn, rõ ràng cho ai đang tìm quán gà ngon tại Bắc Giang. Bạn có muốn biết địa chỉ quán, giá cả hay cách chế biến cụ thể không?"
Lạng Giang,Bắc Ninh,quán ăn ở Lạng Giang Bắc Ninh,7624151079101435156,occohue,https://www.tiktok.com/@occohue/video/7624151079101435156,"Quán ốc ngon bổ rẻ tại Lạng Giang Bắc Giang #Occohue # ...#bắc_ninh_ăn_gì Gắn hashtag cho các video trên TikTokGà mạch hoạch Vôi Lạng Giang Bắc Giang – Seri ăn gì ở Bắc ...Địa Điểm Chillout 5km từ TP Bắc Giang | Tróp Local, Tân Dĩnh ...","1850 Lượt thích,169 Bình luận.Video TikTok từ Ốc Cô Huệ - Phố Bằng (@occohue): ""Quán ốc ngon bổ rẻ tại Lạng Giang Bắc Giang #Occohue #nghiahoaangi #Anvatbacgiang #xuhuong"".Quán Ốc Ngon bổ Rẻ tại Lạng Giang Bắc Giangâm thanh gốc - Ốc Cô Huệ - Phố Bằng. #bắc_ninh_ăn_gì | 134 người đã xem nội dung này. Xem các video ngắn về #bắc_ninh_ăn_gì trên TikTok. Kết thúc Video hẹn gặp lại các vợ trong các tập tiếp theo của Seri ăn gì ở Bắc Giang, tiếp tục khám phá các món ăn ngon, quán nổi tiếng và đặc sản địa phương. Hashtags: #xuhuong #anngonbacgiang #bacgiang #langgiang #anngonnaugon Jul 1, 2024 · Khám phá Tróp Local ở Bắc Giang và những Địa Điểm Chillout gần đó. Review Bắc Giang với những chỗ chơi lý thú vào buổi tối. #AnsapBacgiang #chillout #review"
Lạng Giang,Bắc Ninh,quán ăn ở Lạng Giang Bắc Ninh,7674234971199999253,ngocengangideyy,https://www.tiktok.com/@ngocengangideyy/video/7674234971199999253,Gà mạch hoạch Vôi Lạng Giang Bắc Giang – Seri ăn gì ở Bắc ...,"Kết thúc Video hẹn gặp lại các vợ trong các tập tiếp theo của Seri ăn gì ở Bắc Giang, tiếp tục khám phá các món ăn ngon, quán nổi tiếng và đặc sản địa phương. Hashtags: #xuhuong #anngonbacgiang #bacgiang #langgiang #anngonnaugon"
Lạng Giang,Bắc Ninh,quán ăn ở Lạng Giang Bắc Ninh,7386735607734897926,ansap_bacgiang,https://www.tiktok.com/@ansap_bacgiang/video/7386735607734897926,"Địa Điểm Chillout 5km từ TP Bắc Giang | Tróp Local, Tân Dĩnh ...","Jul 1, 2024 · Khám phá Tróp Local ở Bắc Giang và những Địa Điểm Chillout gần đó. Review Bắc Giang với những chỗ chơi lý thú vào buổi tối. #AnsapBacgiang #chillout #review"
Kép,Bắc Ninh,quán ăn ở Kép Bắc Ninh,7452218907793870087,ansapbacninh,https://www.tiktok.com/@ansapbacninh/video/7452218907793870087,Điểm Danh 3 Quán Ăn Vặt Ngon Tại Bắc Ninh | TikTokTruy Tìm Quán Ăn Vặt Ngon Nhất Bắc Ninh | TikTokĂn chơi Bắc Ninh (@anchoibacninh) - TikTokĂn Sập Bắc Ninh (@ansapbacninh) | TikTokReview Quán Cà Phê và Đồ Ăn Ở Bắc Ninh | TikTokTiệm Ăn Vặt Ngon Nhất Tại Bắc Ninh | TikTokQuán Chè Siêu Ngon Tại Bắc Ninh - Đừng Bỏ Lỡ! | TikTok,"Điểm danh 3 quán ăn vặt ngon đáng ghé thừ 1 lần tại Bắc Ninh😍 1. Tiện chè Loan - cầu cạn Niềm, Tp.Bắc Ninh 2. Cháo trai cô Nhã - trong chơn Yên, Tp. Bắc Ninh 3. Bếp Giang - số 8-9 Ngô Tất Tố, Tp. Bắc Ninh #ansapbacninh #vtmgr #learontiktok #ancungtiktok #sshgr nhạc nền - Ăn Sập Bắc Ninh Khám phá quán ăn vặt Phương Anh tại Bắc Ninh qua 30 ngày thách thức! Chắc chắn bạn sẽ tìm được món ngon! #ansapbacninh #vtmgr #LearnOnTikTok Ăn chơi Bắc Ninh 🙌 (@anchoibacninh) trên TikTok |1.8M Lượt thích.69.5K Follower.Khám phá quê hương Bắc Ninh giàu đẹp.Xem video phổ biến của Ăn chơi Bắc Ninh 🙌: ""Ưu đãi cuối mùa tại ..."", ""Tiệm ăn vặt cô Thuý ..."". Ăn Sập Bắc Ninh (@ansapbacninh) trên TikTok |4.9M Lượt thích.179.8K Follower.Liên hệ công việc: 0926.622.688.Xem video phổ biến của Ăn Sập Bắc Ninh: ""Anh em gần KCN Hạp L..."", ""Mê lẩu tokbokki thì ..."". 642 Lượt thích,25 Bình luận.Video TikTok từ Bụng mỡ Bắc Ninh (@bungmobacninh): ""Khám phá những quán cà phê và món ăn ngon ở Bắc Ninh. Hãy cùng thưởng thức và chia sẻ trải nghiệm! #bacninhfoody #reviewdoanbacninh #foodreview"". Feb 13, 2025 · Khám phá Bon Bon Quán - tiệm ăn vặt đa dạng cho học sinh, sinh viên tại Bắc Ninh. Đừng bỏ lỡ những món ngon hấp dẫn! #anchoibacninh #ănvặt Đây là bản tóm tắt nội dung do AI tạo và không nhằm mục đích cung cấp ngữ cảnh thực tế. Apr 18, 2023 · Quán Chè Siêu Ngon Tại Bắc Ninh - Đừng Bỏ Lỡ! Khám phá quán chè tuyệt vời tại Bắc Ninh với hơn 40 món! Thoáng mát, giá cả hợp lý. Địa chỉ: 38 Hồ Ngọc Lân. #asbn #ancungtiktok #learnontiktok #vtmgr #che Đây là thông tin do AI tạo và có thể trả về kết quả không liên quan."
Kép,Bắc Ninh,quán ăn ở Kép Bắc Ninh,7558682597623319826,ansapbacninh,https://www.tiktok.com/@ansapbacninh/video/7558682597623319826,Truy Tìm Quán Ăn Vặt Ngon Nhất Bắc Ninh | TikTok,Khám phá quán ăn vặt Phương Anh tại Bắc Ninh qua 30 ngày thách thức! Chắc chắn bạn sẽ tìm được món ngon! #ansapbacninh #vtmgr #LearnOnTikTok
Kép,Bắc Ninh,quán ăn ở Kép Bắc Ninh,7495208006985026834,bungmobacninh,https://www.tiktok.com/@bungmobacninh/video/7495208006985026834,Review Quán Cà Phê và Đồ Ăn Ở Bắc Ninh | TikTokTiệm Ăn Vặt Ngon Nhất Tại Bắc Ninh | TikTokQuán Chè Siêu Ngon Tại Bắc Ninh - Đừng Bỏ Lỡ! | TikTok,"642 Lượt thích,25 Bình luận.Video TikTok từ Bụng mỡ Bắc Ninh (@bungmobacninh): ""Khám phá những quán cà phê và món ăn ngon ở Bắc Ninh. Hãy cùng thưởng thức và chia sẻ trải nghiệm! #bacninhfoody #reviewdoanbacninh #foodreview"". Feb 13, 2025 · Khám phá Bon Bon Quán - tiệm ăn vặt đa dạng cho học sinh, sinh viên tại Bắc Ninh. Đừng bỏ lỡ những món ngon hấp dẫn! #anchoibacninh #ănvặt Đây là bản tóm tắt nội dung do AI tạo và không nhằm mục đích cung cấp ngữ cảnh thực tế. Apr 18, 2023 · Quán Chè Siêu Ngon Tại Bắc Ninh - Đừng Bỏ Lỡ! Khám phá quán chè tuyệt vời tại Bắc Ninh với hơn 40 món! Thoáng mát, giá cả hợp lý. Địa chỉ: 38 Hồ Ngọc Lân. #asbn #ancungtiktok #learnontiktok #vtmgr #che Đây là thông tin do AI tạo và có thể trả về kết quả không liên quan."
Kép,Bắc Ninh,quán ăn ở Kép Bắc Ninh,7470740874100608263,anchoibacninh,https://www.tiktok.com/@anchoibacninh/video/7470740874100608263,Tiệm Ăn Vặt Ngon Nhất Tại Bắc Ninh | TikTok,"Feb 13, 2025 · Khám phá Bon Bon Quán - tiệm ăn vặt đa dạng cho học sinh, sinh viên tại Bắc Ninh. Đừng bỏ lỡ những món ngon hấp dẫn! #anchoibacninh #ănvặt Đây là bản tóm tắt nội dung do AI tạo và không nhằm mục đích cung cấp ngữ cảnh thực tế."
Kép,Bắc Ninh,quán ăn ở Kép Bắc Ninh,7223285740145249542,ansapbacninh,https://www.tiktok.com/@ansapbacninh/video/7223285740145249542,Quán Chè Siêu Ngon Tại Bắc Ninh - Đừng Bỏ Lỡ! | TikTok,"Apr 18, 2023 · Quán Chè Siêu Ngon Tại Bắc Ninh - Đừng Bỏ Lỡ! Khám phá quán chè tuyệt vời tại Bắc Ninh với hơn 40 món! Thoáng mát, giá cả hợp lý. Địa chỉ: 38 Hồ Ngọc Lân. #asbn #ancungtiktok #learnontiktok #vtmgr #che Đây là thông tin do AI tạo và có thể trả về kết quả không liên quan."
Lục Nam,Bắc Ninh,quán ăn ở Lục Nam Bắc Ninh,7674427033883053332,bac.ninh50,https://www.tiktok.com/@bac.ninh50/video/7674427033883053332,"Lục Nam quê hương: Đất và người Lục Nam, Bắc Ninh | TikTok","Lục Nam — mảnh đất thân thương ở Bắc Ninh — hiện lên qua những dòng sông uốn lượn, những cánh đồng mênh mông và con người mang tình yêu quê hương giản dị nhưng sâu đậm."
Lục Nam,Bắc Ninh,quán ăn ở Lục Nam Bắc Ninh,7640802119053872402,vanhong221988,https://www.tiktok.com/@vanhong221988/video/7640802119053872402,Lòng Nóng Em quân bán ở Lục Nam Bắc Giang | TikTok,"Lòng Nóng Em quân bán ở Lục Nam, Bắc Giang — món ăn vặt đặc trưng, hấp dẫn dành cho người thích hương vị đậm đà. Từ sticker và mô tả: video nhấn vào lòng nóng Em quân đang được bán ở Lục Nam (huyện Lục Nam, tỉnh Bắc Giang) và đặt trong ngữ cảnh xu hướng TikTok ..."
Lục Nam,Bắc Ninh,quán ăn ở Lục Nam Bắc Ninh,7497606558507912466,toandidaudo,https://www.tiktok.com/@toandidaudo/video/7497606558507912466,"Điểm Đến Cafe Tuyệt Vời Ở Lục Nam | TikTokLẩu kem tình nhân Lục Nam: quán Cii Coffee ngon nhất 2026 ...Quán ăn chuẩn vị Hồ Nam ở Bắc Ninh: review, món ngon và địa ...","Apr 26, 2025 · Khám phá địa điểm cafe tuyệt vời ở Lục Nam để check-in và tận hưởng không khí lễ 30/4. Đừng bỏ lỡ nhé! #toandidaudo #dulich30thang4 #xuhuong Video gợi ý: Cii Coffee Lục Nam — quán cafe, quán kem và lẩu kem nổi bật ở Lục Nam, Bắc Giang. Đây là điểm đến phù hợp cho cặp đôi muốn trải nghiệm lẩu kem đủ vị và các món kem đặc sắc như kem xôi cùng không gian quán sang chảnh. Kết thúc Quán là lựa chọn đáng thử cho team đồ ăn Trung Quốc ở Bắc Ninh muốn tìm hương vị Hồ Nam chuẩn. Thử kết hợp món cay đặc trưng với món trung hoà và phần ăn kèm để có trải nghiệm cân bằng."
Lục Nam,Bắc Ninh,quán ăn ở Lục Nam Bắc Ninh,7653075139940355348,toandidaudo,https://www.tiktok.com/@toandidaudo/video/7653075139940355348,Lẩu kem tình nhân Lục Nam: quán Cii Coffee ngon nhất 2026 ...,"Video gợi ý: Cii Coffee Lục Nam — quán cafe, quán kem và lẩu kem nổi bật ở Lục Nam, Bắc Giang. Đây là điểm đến phù hợp cho cặp đôi muốn trải nghiệm lẩu kem đủ vị và các món kem đặc sắc như kem xôi cùng không gian quán sang chảnh."
Lục Nam,Bắc Ninh,quán ăn ở Lục Nam Bắc Ninh,7653808717422464264,bacninhdidau,https://www.tiktok.com/@bacninhdidau/video/7653808717422464264,"Quán ăn chuẩn vị Hồ Nam ở Bắc Ninh: review, món ngon và địa ...",Kết thúc Quán là lựa chọn đáng thử cho team đồ ăn Trung Quốc ở Bắc Ninh muốn tìm hương vị Hồ Nam chuẩn. Thử kết hợp món cay đặc trưng với món trung hoà và phần ăn kèm để có trải nghiệm cân bằng.
Chũ,Bắc Ninh,quán ăn ở Chũ Bắc Ninh,7223285740145249542,ansapbacninh,https://www.tiktok.com/@ansapbacninh/video/7223285740145249542,Quán Chè Siêu Ngon Tại Bắc Ninh - Đừng Bỏ Lỡ! | TikTok#bắc_ninh_ăn_gì Gắn hashtag cho các video trên TikTokĂn chơi Bắc Ninh (@anchoibacninh) - TikTokBún cá Hiền ở Chũ: thưởng thức tại quán mới cạnh bản Mây | TikTokReview Quán Cà Phê và Đồ Ăn Ở Bắc Ninh | TikTokMỳ Chũ luôn sẵn tại Nguyễn Cao TP Bắc Ninh #namphuongnaumy # ...,"Apr 18, 2023 · Quán Chè Siêu Ngon Tại Bắc Ninh - Đừng Bỏ Lỡ! Khám phá quán chè tuyệt vời tại Bắc Ninh với hơn 40 món! Thoáng mát, giá cả hợp lý. Địa chỉ: 38 Hồ Ngọc Lân. #asbn #ancungtiktok #learnontiktok #vtmgr #che Đây là thông tin do AI tạo và có thể trả về kết quả không liên quan. #bắc_ninh_ăn_gì | 134 người đã xem nội dung này. Xem các video ngắn về #bắc_ninh_ăn_gì trên TikTok. Ăn chơi Bắc Ninh 🙌 (@anchoibacninh) trên TikTok |1.8M Lượt thích.69.5K Follower.Khám phá quê hương Bắc Ninh giàu đẹp.Xem video phổ biến của Ăn chơi Bắc Ninh 🙌: ""Ưu đãi cuối mùa tại ..."", ""Tiệm ăn vặt cô Thuý ..."". Kết luận Bún cá Hiền ở quán mới cạnh bản Mây là lựa chọn hấp dẫn cho ai tìm bún cá tại Chũ, Bắc Giang. Video gợi ý khám phá hương vị địa phương và chia sẻ trải nghiệm ẩm thực dành cho cộng đồng #foodie. 642 Lượt thích,25 Bình luận.Video TikTok từ Bụng mỡ Bắc Ninh (@bungmobacninh): ""Khám phá những quán cà phê và món ăn ngon ở Bắc Ninh. Hãy cùng thưởng thức và chia sẻ trải nghiệm! #bacninhfoody #reviewdoanbacninh #foodreview"". Video TikTok từ Nam Phương Nấu Mỳ (@namphuongnaumy): ""Mỳ Chũ luôn sẵn tại Nguyễn Cao TP Bắc Ninh #namphuongnaumy #mychu"".MỲ CHŨâm thanh gốc - Nam Phương Nấu Mỳ."
Chũ,Bắc Ninh,quán ăn ở Chũ Bắc Ninh,7667955336845856021,namphuongnaumy,https://www.tiktok.com/@namphuongnaumy/video/7667955336845856021,Bún cá Hiền ở Chũ: thưởng thức tại quán mới cạnh bản Mây | TikTok,"Kết luận Bún cá Hiền ở quán mới cạnh bản Mây là lựa chọn hấp dẫn cho ai tìm bún cá tại Chũ, Bắc Giang. Video gợi ý khám phá hương vị địa phương và chia sẻ trải nghiệm ẩm thực dành cho cộng đồng #foodie."
Chũ,Bắc Ninh,quán ăn ở Chũ Bắc Ninh,7495208006985026834,bungmobacninh,https://www.tiktok.com/@bungmobacninh/video/7495208006985026834,Review Quán Cà Phê và Đồ Ăn Ở Bắc Ninh | TikTokMỳ Chũ luôn sẵn tại Nguyễn Cao TP Bắc Ninh #namphuongnaumy # ...,"642 Lượt thích,25 Bình luận.Video TikTok từ Bụng mỡ Bắc Ninh (@bungmobacninh): ""Khám phá những quán cà phê và món ăn ngon ở Bắc Ninh. Hãy cùng thưởng thức và chia sẻ trải nghiệm! #bacninhfoody #reviewdoanbacninh #foodreview"". Video TikTok từ Nam Phương Nấu Mỳ (@namphuongnaumy): ""Mỳ Chũ luôn sẵn tại Nguyễn Cao TP Bắc Ninh #namphuongnaumy #mychu"".MỲ CHŨâm thanh gốc - Nam Phương Nấu Mỳ."
Chũ,Bắc Ninh,quán ăn ở Chũ Bắc Ninh,7654952662433123605,namphuongnaumy,https://www.tiktok.com/@namphuongnaumy/video/7654952662433123605,Mỳ Chũ luôn sẵn tại Nguyễn Cao TP Bắc Ninh #namphuongnaumy # ...,"Video TikTok từ Nam Phương Nấu Mỳ (@namphuongnaumy): ""Mỳ Chũ luôn sẵn tại Nguyễn Cao TP Bắc Ninh #namphuongnaumy #mychu"".MỲ CHŨâm thanh gốc - Nam Phương Nấu Mỳ."
Phượng Sơn,Bắc Ninh,quán ăn ở Phượng Sơn Bắc Ninh,7677051231872814356,thanhphobacninhhomnay,https://www.tiktok.com/@thanhphobacninhhomnay/video/7677051231872814356,Phở Bò Cầu Gia Nghé Phượng Sơn: Địa Điểm Ăn Uống Nổi Tiếng ...,"Aug 23, 2026 · Với hương vị phở bò đặc trưng, quán phở Cầu Gia Nghé tại Phượng Sơn hứa hẹn sẽ mang đến cho bạn những trải nghiệm ẩm thực đáng nhớ. Không gian ấm cúng và món ăn ngon miệng là những điểm cộng lớn khiến nhiều thực khách quay lại."
Phượng Sơn,Bắc Ninh,quán ăn ở Phượng Sơn Bắc Ninh,7401108381374713095,nguoibacninhchat,https://www.tiktok.com/@nguoibacninhchat/video/7401108381374713095,"Bánh Mì Cô Phượng: Best Seller Tại Bắc Ninh | TikTokĂn Gì Ở Từ Sơn - Bắc Ninh | TikTokQuán nướng Từ Sơn Bắc Ninh: lẩu nướng, BBQ, chum BBQ phổ biến ...Bún Chả Hoà Phát - Quán Ăn Nổi Tiếng Ở Từ Sơn, Bắc Ninh | TikTokBánh mì Cô Phượng: Bánh mì muối ớt & trứng nướng ở Bắc Ninh ...Review Quán Mầm Coffee: Điểm đến Cafe Xinh Xỉu ở Bắc Ninh ...","Aug 9, 2024 · 970 Lượt thích,Video TikTok từ Người Bắc Ninh Chất (@nguoibacninhchat): ""Khám phá bánh mì PA tê trứng nổi tiếng tại cô Phượng Bắc Ninh. Hương vị tuyệt vời, phục vụ tận tâm. Đừng bỏ lỡ! #bacninh #bánh_mì #cô_phượng"". Ăn Gì Ở Từ Sơn - Bắc Ninh Khám phá ẩm thực Từ Sơn, Bắc Ninh với những món ăn ngon không thể bỏ lỡ. Review chi tiết các địa điểm ăn uống hấp dẫn. Từ Sơn (Bắc Ninh) nổi tiếng với nhiều quán lẩu nướng và BBQ phù hợp cho ăn tối, tụ họp bạn bè hoặc tiệc sinh nhật. Dưới đây là hướng dẫn ngắn gọn để chọn quán nướng ở Từ Sơn và những món nên thử. Keywords: quán bún chả ngon ở từ sơn, bún chả lạng sơn, quán bún chả hòa phát, bún chả 76 trần phú từ sơn, bún chả nướng hợp thành cơ sở 2, đồ ăn sáng tại từ sơn, bún chả bắc ninh buổi trưa, bún chả khánh vân trần phú, cơm gà từ sơn bắc ninh, hải sản từ sơn bắc ninh Lead Bánh mì Cô Phượng ở Bắc Ninh nổi bật với phiên bản bánh mì muối ớt kèm trứng nướng — một lựa chọn ăn sáng và ăn vặt được nhắc tới trong cộng đồng địa phương. May 1, 2025 · 1821 Lượt thích,143 Bình luận.Video TikTok từ La cà Từ Sơn (@v_tug_): ""Khám phá Quán Mầm Coffee - không gian đẹp và món uống hấp dẫn, hãy đến ngay trước khi quán đông! #cafe #tuson #bacninh #reviewcafe""."
Phượng Sơn,Bắc Ninh,quán ăn ở Phượng Sơn Bắc Ninh,7628956853409500424,jiaba.buffet,https://www.tiktok.com/@jiaba.buffet/video/7628956853409500424,Ăn Gì Ở Từ Sơn - Bắc Ninh | TikTok,"Ăn Gì Ở Từ Sơn - Bắc Ninh Khám phá ẩm thực Từ Sơn, Bắc Ninh với những món ăn ngon không thể bỏ lỡ. Review chi tiết các địa điểm ăn uống hấp dẫn."
Phượng Sơn,Bắc Ninh,quán ăn ở Phượng Sơn Bắc Ninh,7667180340884032776,chuumbongon,https://www.tiktok.com/@chuumbongon/video/7667180340884032776,"Quán nướng Từ Sơn Bắc Ninh: lẩu nướng, BBQ, chum BBQ phổ biến ...","Từ Sơn (Bắc Ninh) nổi tiếng với nhiều quán lẩu nướng và BBQ phù hợp cho ăn tối, tụ họp bạn bè hoặc tiệc sinh nhật. Dưới đây là hướng dẫn ngắn gọn để chọn quán nướng ở Từ Sơn và những món nên thử."
Phượng Sơn,Bắc Ninh,quán ăn ở Phượng Sơn Bắc Ninh,7371282681964825874,ansapbacninh,https://www.tiktok.com/@ansapbacninh/video/7371282681964825874,"Bún Chả Hoà Phát - Quán Ăn Nổi Tiếng Ở Từ Sơn, Bắc Ninh | TikTokBánh mì Cô Phượng: Bánh mì muối ớt & trứng nướng ở Bắc Ninh ...Review Quán Mầm Coffee: Điểm đến Cafe Xinh Xỉu ở Bắc Ninh ...","Keywords: quán bún chả ngon ở từ sơn, bún chả lạng sơn, quán bún chả hòa phát, bún chả 76 trần phú từ sơn, bún chả nướng hợp thành cơ sở 2, đồ ăn sáng tại từ sơn, bún chả bắc ninh buổi trưa, bún chả khánh vân trần phú, cơm gà từ sơn bắc ninh, hải sản từ sơn bắc ninh Lead Bánh mì Cô Phượng ở Bắc Ninh nổi bật với phiên bản bánh mì muối ớt kèm trứng nướng — một lựa chọn ăn sáng và ăn vặt được nhắc tới trong cộng đồng địa phương. May 1, 2025 · 1821 Lượt thích,143 Bình luận.Video TikTok từ La cà Từ Sơn (@v_tug_): ""Khám phá Quán Mầm Coffee - không gian đẹp và món uống hấp dẫn, hãy đến ngay trước khi quán đông! #cafe #tuson #bacninh #reviewcafe""."
Phượng Sơn,Bắc Ninh,quán ăn ở Phượng Sơn Bắc Ninh,7682766493930654984,banhmycophuong,https://www.tiktok.com/@banhmycophuong/video/7682766493930654984,Bánh mì Cô Phượng: Bánh mì muối ớt & trứng nướng ở Bắc Ninh ...,Lead Bánh mì Cô Phượng ở Bắc Ninh nổi bật với phiên bản bánh mì muối ớt kèm trứng nướng — một lựa chọn ăn sáng và ăn vặt được nhắc tới trong cộng đồng địa phương.
Phượng Sơn,Bắc Ninh,quán ăn ở Phượng Sơn Bắc Ninh,7499502917486005512,v_tug_,https://www.tiktok.com/@v_tug_/video/7499502917486005512,Review Quán Mầm Coffee: Điểm đến Cafe Xinh Xỉu ở Bắc Ninh ...,"May 1, 2025 · 1821 Lượt thích,143 Bình luận.Video TikTok từ La cà Từ Sơn (@v_tug_): ""Khám phá Quán Mầm Coffee - không gian đẹp và món uống hấp dẫn, hãy đến ngay trước khi quán đông! #cafe #tuson #bacninh #reviewcafe""."
Minh Xuân,Tuyên Quang,quán ăn ở Minh Xuân Tuyên Quang,7680453007477148948,trieuhang81196,https://www.tiktok.com/@trieuhang81196/video/7680453007477148948,Ăn chơi ở Tuyên Quang: gợi ý món ngon & điểm vui chơi trong ...,"- Hỏi người địa phương (cư dân mạng hoặc chủ quán) về quán ăn ngon ngay khi đến để chọn nhanh. - Mang theo đồ ấm nếu đi buổi tối và chuẩn bị tiền mặt, vì một số quán nhỏ có thể không nhận thẻ."
Minh Xuân,Tuyên Quang,quán ăn ở Minh Xuân Tuyên Quang,7565816254431317269,lmcgamer2277,https://www.tiktok.com/@lmcgamer2277/video/7565816254431317269,Review quán ăn Tuyên Quang: Thực phẩm tươi ngon | TikTok,"Oct 27, 2025 · Khám phá quán ăn Tuyên Quang với món tẩm ướp tuyệt vời! Đặt bàn trước để không phải chờ đợi. #mizungdivamam #reviewtuyenquang #tuyenquangangi"
Minh Xuân,Tuyên Quang,quán ăn ở Minh Xuân Tuyên Quang,7645901943071886613,tinmatongtq22,https://www.tiktok.com/@tinmatongtq22/video/7645901943071886613,Quán cháo sườn ngon bất ngờ ở Tuyên Quang | TikTok,"May 31, 2026 · Quán cháo sườn ở Tuyên Quang được đánh giá là “vô tình mà ngonnnn” trong một clip ngắn kèm hashtag #22tuyenquang #tinmatong #reviewtuyenquang #chaosuon #food. Bài viết này tóm tắt trải nghiệm chính và những điểm người xem quan tâm."
Minh Xuân,Tuyên Quang,quán ăn ở Minh Xuân Tuyên Quang,7678230749039971591,naydidau,https://www.tiktok.com/@naydidau/video/7678230749039971591,Ăn đêm ở Tuyên Quang: Gợi ý quán ngon cho chuyến đi | TikTok,"Dưới đây là những gợi ý ngắn, thực tế để tìm quán ăn đêm phù hợp khi ở Tuyên Quang. Những loại quán nên tìm - Quán vỉa hè và quán ăn nhỏ: Thường mở muộn, phục vụ các món ăn nhanh như phở, bún, mì, cơm phần và đồ nướng."
Minh Xuân,Tuyên Quang,quán ăn ở Minh Xuân Tuyên Quang,7671718884407299336,chantea434,https://www.tiktok.com/@chantea434/video/7671718884407299336,Hướng dẫn đến quán CHANTEA tại Tuyên Quang | TikTok,Kết thúc: Video hướng dẫn phục vụ người xem muốn tìm địa điểm cụ thể — sử dụng tên quán CHANTEA và các hashtag liên quan khi tìm kiếm trên mạng xã hội hoặc bản đồ.
Yên Dũng,Bắc Ninh,quán ăn ở Yên Dũng Bắc Ninh,7619179261991161109,bepmekemnguyennhuquynh,https://www.tiktok.com/@bepmekemnguyennhuquynh/video/7619179261991161109,"Bếp Mẹ Kem: Món Ăn Được Khách Thích Tại Yên Dũng, Bắc Ninh ...","Nếu bạn đang ở Yên Dũng, Bắc Ninh, đừng quên ghé thăm Bếp Mẹ Kem để trải nghiệm những món ăn được yêu thích này. Đây là địa chỉ tin cậy cho những ai yêu thích ẩm thực địa phương và cần những giải pháp thực phẩm tiện lợi."
Yên Dũng,Bắc Ninh,quán ăn ở Yên Dũng Bắc Ninh,7677909621255752980,toqueninhbinh,https://www.tiktok.com/@toqueninhbinh/video/7677909621255752980,Quán nướng Dũng Ấm 34 Đào Duy Từ – review quán nướng Ninh ...,Kết luận và gợi ý cho người xem Quán nướng Dũng Ấm (34 Đào Duy Từ) là điểm đến phù hợp nếu muốn thử món thịt nướng local ở Ninh Bình với không khí đông vui và phong cách phục vụ thân thiện.
Yên Dũng,Bắc Ninh,quán ăn ở Yên Dũng Bắc Ninh,7375407392210668808,ansap_bacgiang,https://www.tiktok.com/@ansap_bacgiang/video/7375407392210668808,"Tổ hợp ăn uống, vui chơi tại Tân An, Yên Dũng | TikTokKhám Phá Phường Yên Dũng Ở Bắc Ninh | TikTok#bắc_ninh_ăn_gì Gắn hashtag cho các video trên TikTokReview Quán Cà Phê và Đồ Ăn Ở Bắc Ninh | TikTok","Jun 1, 2024 · Trải nghiệm tổ hợp ăn uống vui chơi CA hát tại thị trấn Tân An, Yên Dũng với không gian riêng biệt, menu đa dạng, bia hơi Hải Yến và đồ nhậu tươi ngon. Ăn uống vui chơi, quay lợn, gà quay, vịt quay, cá nướng, đồ đồng quê và nhiều hơn nữa! Jul 17, 2025 · 764 Lượt thích,92 Bình luận.Video TikTok từ Bắc Ninh News & Life (@bacninh9899): ""Khám phá vẻ đẹp và cuộc sống tại Phường Yên Dũng, Bắc Ninh. Hãy cùng trải nghiệm! #bacninhtrongtoi #bacgiang #yendung #canhque #quehuong"". #bắc_ninh_ăn_gì | 134 người đã xem nội dung này. Xem các video ngắn về #bắc_ninh_ăn_gì trên TikTok. 642 Lượt thích,25 Bình luận.Video TikTok từ Bụng mỡ Bắc Ninh (@bungmobacninh): ""Khám phá những quán cà phê và món ăn ngon ở Bắc Ninh. Hãy cùng thưởng thức và chia sẻ trải nghiệm! #bacninhfoody #reviewdoanbacninh #foodreview""."
Yên Dũng,Bắc Ninh,quán ăn ở Yên Dũng Bắc Ninh,7527887660698930440,bacninh9899,https://www.tiktok.com/@bacninh9899/video/7527887660698930440,Khám Phá Phường Yên Dũng Ở Bắc Ninh | TikTok,"Jul 17, 2025 · 764 Lượt thích,92 Bình luận.Video TikTok từ Bắc Ninh News & Life (@bacninh9899): ""Khám phá vẻ đẹp và cuộc sống tại Phường Yên Dũng, Bắc Ninh. Hãy cùng trải nghiệm! #bacninhtrongtoi #bacgiang #yendung #canhque #quehuong""."
Yên Dũng,Bắc Ninh,quán ăn ở Yên Dũng Bắc Ninh,7495208006985026834,bungmobacninh,https://www.tiktok.com/@bungmobacninh/video/7495208006985026834,Review Quán Cà Phê và Đồ Ăn Ở Bắc Ninh | TikTok,"642 Lượt thích,25 Bình luận.Video TikTok từ Bụng mỡ Bắc Ninh (@bungmobacninh): ""Khám phá những quán cà phê và món ăn ngon ở Bắc Ninh. Hãy cùng thưởng thức và chia sẻ trải nghiệm! #bacninhfoody #reviewdoanbacninh #foodreview""."
Tân An,Bắc Ninh,quán ăn ở Tân An Bắc Ninh,7671172277190577428,lampardriviu,https://www.tiktok.com/@lampardriviu/video/7671172277190577428,Tân An ăn gì ngon? Một quán ăn vặt bán ... - TikTok,"Một quán ăn vặt bán bánh tráng nướng, thịt xiên que, sữa đậu nành, sữa bắp tui mê lắm nè 🥰 🏡 Ăn Vặt Trí Beo 📍 108 Trần Phong Sắc, p4, Tân An (Tây Ninh) #lampardriviu #ancungtiktok #pov #xuhuong"".sweet day - nanaacom."
Tân An,Bắc Ninh,quán ăn ở Tân An Bắc Ninh,7470740874100608263,anchoibacninh,https://www.tiktok.com/@anchoibacninh/video/7470740874100608263,Tiệm Ăn Vặt Ngon Nhất Tại Bắc Ninh | TikTokĂn chơi Bắc Ninh (@anchoibacninh) - TikTokTiệm Ăn Vặt Đa Dạng Món Ngon Tại Bắc Ninh | TikTok#bắc_ninh_ăn_gì Gắn hashtag cho các video trên TikTokTruy Tìm Quán Ăn Vặt Ngon Nhất Bắc Ninh | TikTokĐiểm Danh 3 Quán Ăn Vặt Ngon Tại Bắc Ninh | TikTok,"Feb 13, 2025 · Khám phá Bon Bon Quán - tiệm ăn vặt đa dạng cho học sinh, sinh viên tại Bắc Ninh. Đừng bỏ lỡ những món ngon hấp dẫn! #anchoibacninh #ănvặt Đây là bản tóm tắt nội dung do AI tạo và không nhằm mục đích cung cấp ngữ cảnh thực tế. Ăn chơi Bắc Ninh 🙌 (@anchoibacninh) trên TikTok |1.8M Lượt thích.69.5K Follower.Khám phá quê hương Bắc Ninh giàu đẹp.Xem video phổ biến của Ăn chơi Bắc Ninh 🙌: ""Ưu đãi cuối mùa tại ..."", ""Tiệm ăn vặt cô Thuý ..."". May 11, 2025 · Khám phá Tiệm Ăn Vặt Hương Tea Quán với nhiều món hấp dẫn tại Bắc Ninh. Tận hưởng trải nghiệm ẩm thực địa phương đặc sắc! #huongteaquan #anchoibacninh #bắc_ninh_ăn_gì | 134 người đã xem nội dung này. Xem các video ngắn về #bắc_ninh_ăn_gì trên TikTok. Khám phá quán ăn vặt Phương Anh tại Bắc Ninh qua 30 ngày thách thức! Chắc chắn bạn sẽ tìm được món ngon! #ansapbacninh #vtmgr #LearnOnTikTok Điểm danh 3 quán ăn vặt ngon đáng ghé thừ 1 lần tại Bắc Ninh😍 1. Tiện chè Loan - cầu cạn Niềm, Tp.Bắc Ninh 2. Cháo trai cô Nhã - trong chơn Yên, Tp. Bắc Ninh 3. Bếp Giang - số 8-9 Ngô Tất Tố, Tp. Bắc Ninh #ansapbacninh #vtmgr #learontiktok #ancungtiktok #sshgr nhạc nền - Ăn Sập Bắc Ninh"
Tân An,Bắc Ninh,quán ăn ở Tân An Bắc Ninh,7503192135974325522,anchoibacninh,https://www.tiktok.com/@anchoibacninh/video/7503192135974325522,Tiệm Ăn Vặt Đa Dạng Món Ngon Tại Bắc Ninh | TikTok,"May 11, 2025 · Khám phá Tiệm Ăn Vặt Hương Tea Quán với nhiều món hấp dẫn tại Bắc Ninh. Tận hưởng trải nghiệm ẩm thực địa phương đặc sắc! #huongteaquan #anchoibacninh"
Tân An,Bắc Ninh,quán ăn ở Tân An Bắc Ninh,7558682597623319826,ansapbacninh,https://www.tiktok.com/@ansapbacninh/video/7558682597623319826,Truy Tìm Quán Ăn Vặt Ngon Nhất Bắc Ninh | TikTok,Khám phá quán ăn vặt Phương Anh tại Bắc Ninh qua 30 ngày thách thức! Chắc chắn bạn sẽ tìm được món ngon! #ansapbacninh #vtmgr #LearnOnTikTok
Tân An,Bắc Ninh,quán ăn ở Tân An Bắc Ninh,7452218907793870087,ansapbacninh,https://www.tiktok.com/@ansapbacninh/video/7452218907793870087,Điểm Danh 3 Quán Ăn Vặt Ngon Tại Bắc Ninh | TikTok,"Điểm danh 3 quán ăn vặt ngon đáng ghé thừ 1 lần tại Bắc Ninh😍 1. Tiện chè Loan - cầu cạn Niềm, Tp.Bắc Ninh 2. Cháo trai cô Nhã - trong chơn Yên, Tp. Bắc Ninh 3. Bếp Giang - số 8-9 Ngô Tất Tố, Tp. Bắc Ninh #ansapbacninh #vtmgr #learontiktok #ancungtiktok #sshgr nhạc nền - Ăn Sập Bắc Ninh"
Tiền Phong,Bắc Ninh,quán ăn ở Tiền Phong Bắc Ninh,7495208006985026834,bungmobacninh,https://www.tiktok.com/@bungmobacninh/video/7495208006985026834,Review Quán Cà Phê và Đồ Ăn Ở Bắc Ninh | TikTokReview Chi Phí Sinh Bệnh Viện Thuỵ Điển | TikTokTikTok One Creative SuiteTrâu Ngon Quán có mặt ở Thành phố Bắc Ninh Nổi bật trải ...Nhà hàng này ngon nha mọi người - review quán mẹ Xoài Bắc ...Truy Tìm Quán Ăn Vặt Ngon Nhất Bắc Ninh | TikTok,"642 Lượt thích,25 Bình luận.Video TikTok từ Bụng mỡ Bắc Ninh (@bungmobacninh): ""Khám phá những quán cà phê và món ăn ngon ở Bắc Ninh. Hãy cùng thưởng thức và chia sẻ trải nghiệm! #bacninhfoody #reviewdoanbacninh #foodreview"". Sep 21, 2026 · 3.4M bài đăng. Hãy khám phá video liên quan đến Review Chi Phí Sinh Bệnh Viện Thuỵ Điển trên TikTok. Hashtag Discover new trends on TikTok through hashtags Creator Coming soon Connect with the hottest creators on TikTok Video Find inspiration through trending TikTok videos Dec 7, 2025 · Trâu Ngon Quán có mặt ở Thành phố Bắc Ninh 🤩Nổi bật trải nghiệm ẩm thực văn hoá vùng Kinh Bắc #bungmobacninh#traungonquan#traungonquandaiphuc#bacninhangi#reviewdoanbacninh - Món ăn nổi bật: cơm niêu, đặc sản Tây Bắc, trứng nướng mẹ Xoài, ngao xào ngô hành, tôm ăn cùng xoài, các món miền núi; có nhắc đến quán ốc và bia địa phương. - Phong cách review: thân mật, gia đình, vừa ăn vừa bình luận; cảm nhận tích cực (“ngon nha mọi người”). Khám phá quán ăn vặt Phương Anh tại Bắc Ninh qua 30 ngày thách thức! Chắc chắn bạn sẽ tìm được món ngon! #ansapbacninh #vtmgr #LearnOnTikTok"
Tiền Phong,Bắc Ninh,quán ăn ở Tiền Phong Bắc Ninh,7581044264663043336,bungmobacninh,https://www.tiktok.com/@bungmobacninh/video/7581044264663043336,Trâu Ngon Quán có mặt ở Thành phố Bắc Ninh Nổi bật trải ...Nhà hàng này ngon nha mọi người - review quán mẹ Xoài Bắc ...Truy Tìm Quán Ăn Vặt Ngon Nhất Bắc Ninh | TikTok,"Dec 7, 2025 · Trâu Ngon Quán có mặt ở Thành phố Bắc Ninh 🤩Nổi bật trải nghiệm ẩm thực văn hoá vùng Kinh Bắc #bungmobacninh#traungonquan#traungonquandaiphuc#bacninhangi#reviewdoanbacninh - Món ăn nổi bật: cơm niêu, đặc sản Tây Bắc, trứng nướng mẹ Xoài, ngao xào ngô hành, tôm ăn cùng xoài, các món miền núi; có nhắc đến quán ốc và bia địa phương. - Phong cách review: thân mật, gia đình, vừa ăn vừa bình luận; cảm nhận tích cực (“ngon nha mọi người”). Khám phá quán ăn vặt Phương Anh tại Bắc Ninh qua 30 ngày thách thức! Chắc chắn bạn sẽ tìm được món ngon! #ansapbacninh #vtmgr #LearnOnTikTok"
Tiền Phong,Bắc Ninh,quán ăn ở Tiền Phong Bắc Ninh,7662382259219041554,suconmexoai,https://www.tiktok.com/@suconmexoai/video/7662382259219041554,Nhà hàng này ngon nha mọi người - review quán mẹ Xoài Bắc ...,"- Món ăn nổi bật: cơm niêu, đặc sản Tây Bắc, trứng nướng mẹ Xoài, ngao xào ngô hành, tôm ăn cùng xoài, các món miền núi; có nhắc đến quán ốc và bia địa phương. - Phong cách review: thân mật, gia đình, vừa ăn vừa bình luận; cảm nhận tích cực (“ngon nha mọi người”)."
Tiền Phong,Bắc Ninh,quán ăn ở Tiền Phong Bắc Ninh,7558682597623319826,ansapbacninh,https://www.tiktok.com/@ansapbacninh/video/7558682597623319826,Truy Tìm Quán Ăn Vặt Ngon Nhất Bắc Ninh | TikTok,Khám phá quán ăn vặt Phương Anh tại Bắc Ninh qua 30 ngày thách thức! Chắc chắn bạn sẽ tìm được món ngon! #ansapbacninh #vtmgr #LearnOnTikTok
Tân Tiến,Bắc Ninh,quán ăn ở Tân Tiến Bắc Ninh,7547643933757639944,ansapbacninh,https://www.tiktok.com/@ansapbacninh/video/7547643933757639944,Quán Cháo Lòng Đông Tiến: Hương Vị Bắc Ninh | TikTok,"Sep 8, 2025 · 2277 Lượt thích,117 Bình luận.Video TikTok từ Ăn Sập Bắc Ninh (@ansapbacninh): ""Khám phá quán cháo lòng nổi tiếng ở Bắc Ninh, với hương vị đậm đà và giá cả phải chăng. Đặt hàng trước để không bỏ lỡ! #vtmgr #ansapbacninh #doanbacninh""."
Tân Tiến,Bắc Ninh,quán ăn ở Tân Tiến Bắc Ninh,7495208006985026834,bungmobacninh,https://www.tiktok.com/@bungmobacninh/video/7495208006985026834,Review Quán Cà Phê và Đồ Ăn Ở Bắc Ninh | TikTokTop Quán Cháo Ngon Tại Bắc Ninh | TikTokQuán Cafe Xinh Như Đà Lạt Thu Nhỏ trong Lòng Bắc Ninh: La ...Series 30 ngày truy tìm quán ăn vặt ngon nhất Bắc Ninh Ngày ...,"642 Lượt thích,25 Bình luận.Video TikTok từ Bụng mỡ Bắc Ninh (@bungmobacninh): ""Khám phá những quán cà phê và món ăn ngon ở Bắc Ninh. Hãy cùng thưởng thức và chia sẻ trải nghiệm! #bacninhfoody #reviewdoanbacninh #foodreview"". Dec 10, 2024 · Khám phá những quán cháo ngon nhất tại Bắc Ninh với nhiều gợi ý hấp dẫn. Đừng bỏ lỡ! #bacninh #bacninhreview #thanhphobacninh Nov 28, 2023 · Khám phá quán cafe La Happi tại Bắc Ninh, nơi mang đến không gian yên bình giữa lòng Thủ đô, thưởng thức cà phê ngon và check-in sống ảo #lahappi #anchoibacninh #bacninh #reviewbacninh #ancungtiktok #cafebacninh #coffeebacninh 681 Lượt thích,Video TikTok từ Ăn Sập Bắc Ninh (@ansapbacninh): ""🔥Series 30 ngày truy tìm quán ăn vặt ngon nhất Bắc Ninh🔥 Ngày đầu tiên: 📍chợ Cầu Kim, Thị Cầu #ansapbacninh #vtmgr"".nhạc nền - Ăn Sập Bắc Ninh."
Tân Tiến,Bắc Ninh,quán ăn ở Tân Tiến Bắc Ninh,7446734738825465106,chuyencuabacninh,https://www.tiktok.com/@chuyencuabacninh/video/7446734738825465106,Top Quán Cháo Ngon Tại Bắc Ninh | TikTokQuán Cafe Xinh Như Đà Lạt Thu Nhỏ trong Lòng Bắc Ninh: La ...Series 30 ngày truy tìm quán ăn vặt ngon nhất Bắc Ninh Ngày ...,"Dec 10, 2024 · Khám phá những quán cháo ngon nhất tại Bắc Ninh với nhiều gợi ý hấp dẫn. Đừng bỏ lỡ! #bacninh #bacninhreview #thanhphobacninh Nov 28, 2023 · Khám phá quán cafe La Happi tại Bắc Ninh, nơi mang đến không gian yên bình giữa lòng Thủ đô, thưởng thức cà phê ngon và check-in sống ảo #lahappi #anchoibacninh #bacninh #reviewbacninh #ancungtiktok #cafebacninh #coffeebacninh 681 Lượt thích,Video TikTok từ Ăn Sập Bắc Ninh (@ansapbacninh): ""🔥Series 30 ngày truy tìm quán ăn vặt ngon nhất Bắc Ninh🔥 Ngày đầu tiên: 📍chợ Cầu Kim, Thị Cầu #ansapbacninh #vtmgr"".nhạc nền - Ăn Sập Bắc Ninh."
Tân Tiến,Bắc Ninh,quán ăn ở Tân Tiến Bắc Ninh,7306452083077614856,anchoibacninh,https://www.tiktok.com/@anchoibacninh/video/7306452083077614856,Quán Cafe Xinh Như Đà Lạt Thu Nhỏ trong Lòng Bắc Ninh: La ...Series 30 ngày truy tìm quán ăn vặt ngon nhất Bắc Ninh Ngày ...,"Nov 28, 2023 · Khám phá quán cafe La Happi tại Bắc Ninh, nơi mang đến không gian yên bình giữa lòng Thủ đô, thưởng thức cà phê ngon và check-in sống ảo #lahappi #anchoibacninh #bacninh #reviewbacninh #ancungtiktok #cafebacninh #coffeebacninh 681 Lượt thích,Video TikTok từ Ăn Sập Bắc Ninh (@ansapbacninh): ""🔥Series 30 ngày truy tìm quán ăn vặt ngon nhất Bắc Ninh🔥 Ngày đầu tiên: 📍chợ Cầu Kim, Thị Cầu #ansapbacninh #vtmgr"".nhạc nền - Ăn Sập Bắc Ninh."
Tân Tiến,Bắc Ninh,quán ăn ở Tân Tiến Bắc Ninh,7511904337824664840,ansapbacninh,https://www.tiktok.com/@ansapbacninh/video/7511904337824664840,Series 30 ngày truy tìm quán ăn vặt ngon nhất Bắc Ninh Ngày ...,"681 Lượt thích,Video TikTok từ Ăn Sập Bắc Ninh (@ansapbacninh): ""🔥Series 30 ngày truy tìm quán ăn vặt ngon nhất Bắc Ninh🔥 Ngày đầu tiên: 📍chợ Cầu Kim, Thị Cầu #ansapbacninh #vtmgr"".nhạc nền - Ăn Sập Bắc Ninh."
Mỹ Lâm,Tuyên Quang,quán ăn ở Mỹ Lâm Tuyên Quang,7565816254431317269,lmcgamer2277,https://www.tiktok.com/@lmcgamer2277/video/7565816254431317269,Review quán ăn Tuyên Quang: Thực phẩm tươi ngon | TikTok,"Oct 27, 2025 · Khám phá quán ăn Tuyên Quang với món tẩm ướp tuyệt vời! Đặt bàn trước để không phải chờ đợi. #mizungdivamam #reviewtuyenquang #tuyenquangangi"
Mỹ Lâm,Tuyên Quang,quán ăn ở Mỹ Lâm Tuyên Quang,7678230749039971591,naydidau,https://www.tiktok.com/@naydidau/video/7678230749039971591,Ăn đêm ở Tuyên Quang: Gợi ý quán ngon cho chuyến đi | TikTok,"Dưới đây là những gợi ý ngắn, thực tế để tìm quán ăn đêm phù hợp khi ở Tuyên Quang. Những loại quán nên tìm - Quán vỉa hè và quán ăn nhỏ: Thường mở muộn, phục vụ các món ăn nhanh như phở, bún, mì, cơm phần và đồ nướng."
Mỹ Lâm,Tuyên Quang,quán ăn ở Mỹ Lâm Tuyên Quang,7690077184379112725,bedman0709,https://www.tiktok.com/@bedman0709/video/7690077184379112725,Mỹ Lâm Tuyên Quang #bedman #mylam #tuyenquang #doiche | TikTok,"Video TikTok từ BedMan (@bedman0709): ""Mỹ Lâm Tuyên Quang #bedman #mylam #tuyenquang #doiche"".BEDMAN | MỸ LÂM TUYÊN QUANGâm thanh gốc - BedMan."
Mỹ Lâm,Tuyên Quang,quán ăn ở Mỹ Lâm Tuyên Quang,7651960225041321237,tungngocpham4,https://www.tiktok.com/@tungngocpham4/video/7651960225041321237,Các món ăn ngon tại Top Mỹ Lâm và xe đạp điện liên quan | TikTok,"Tại Top Mỹ Lâm, các món ăn được phục vụ có thể thưởng thức ngay. Nội dung cũng liên quan đến xe đạp điện, xe điện Việt Nam và các chủ đề liên quan đến xe điện di động."
Cảnh Thụy,Bắc Ninh,quán ăn ở Cảnh Thụy Bắc Ninh,7495208006985026834,bungmobacninh,https://www.tiktok.com/@bungmobacninh/video/7495208006985026834,"Review Quán Cà Phê và Đồ Ăn Ở Bắc Ninh | TikTokReview Quán Cafe Đẹp ở Bắc Ninh và Decor Tết 2023 | TikTokTikTok One Creative SuiteĐiểm qua quán cafe, homestay hot tại Bắc Ninh | TikTokQuán ăn chuẩn vị Hồ Nam ở Bắc Ninh: review, món ngon và địa ...Nhà hàng món cuốn: Trải nghiệm ẩm thực Bắc Ninh | TikTokKhám Phá Quán Xoài Trứng Nướng Ở Bắc Ninh | TikTok","642 Lượt thích,25 Bình luận.Video TikTok từ Bụng mỡ Bắc Ninh (@bungmobacninh): ""Khám phá những quán cà phê và món ăn ngon ở Bắc Ninh. Hãy cùng thưởng thức và chia sẻ trải nghiệm! #bacninhfoody #reviewdoanbacninh #foodreview"". Dec 28, 2024 · Khám phá quán cafe đẹp và trang trí Tết độc đáo tại Bắc Ninh. Một trải nghiệm không thể bỏ lỡ! #sgccoffee #anchoibacninh #reviewbacninh Hashtag Discover new trends on TikTok through hashtags Creator Coming soon Connect with the hottest creators on TikTok Video Find inspiration through trending TikTok videos Aug 14, 2023 · Quán cafe tone nâu mới toanh, view công viên xanh mát trong Bắc Ninh: Three Beans Tea & Coffee #threebeans #anchoibacninh #cafebacninh #coffeebacninh #threebeanscafe Kết thúc Quán là lựa chọn đáng thử cho team đồ ăn Trung Quốc ở Bắc Ninh muốn tìm hương vị Hồ Nam chuẩn. Thử kết hợp món cay đặc trưng với món trung hoà và phần ăn kèm để có trải nghiệm cân bằng. Oct 13, 2025 · Đây là bản tóm tắt nội dung do AI tạo và không nhằm mục đích cung cấp ngữ cảnh thực tế. Nếu bạn cho rằng tóm tắt có thể có lỗi, vui lòng báo cáo tại: Phản hồi và trợ giúp - TikTok Dec 27, 2025 · Tìm hiểu về quán xoài trứng nướng hấp dẫn tại Bắc Ninh, nơi bạn có thể thưởng thức thực phẩm độc đáo. #XoaiTrungNuong #ShellyXoai #bacninh"
Cảnh Thụy,Bắc Ninh,quán ăn ở Cảnh Thụy Bắc Ninh,7453315881783889160,anchoibacninh,https://www.tiktok.com/@anchoibacninh/video/7453315881783889160,"Review Quán Cafe Đẹp ở Bắc Ninh và Decor Tết 2023 | TikTokTikTok One Creative SuiteĐiểm qua quán cafe, homestay hot tại Bắc Ninh | TikTokQuán ăn chuẩn vị Hồ Nam ở Bắc Ninh: review, món ngon và địa ...Nhà hàng món cuốn: Trải nghiệm ẩm thực Bắc Ninh | TikTokKhám Phá Quán Xoài Trứng Nướng Ở Bắc Ninh | TikTok","Dec 28, 2024 · Khám phá quán cafe đẹp và trang trí Tết độc đáo tại Bắc Ninh. Một trải nghiệm không thể bỏ lỡ! #sgccoffee #anchoibacninh #reviewbacninh Hashtag Discover new trends on TikTok through hashtags Creator Coming soon Connect with the hottest creators on TikTok Video Find inspiration through trending TikTok videos Aug 14, 2023 · Quán cafe tone nâu mới toanh, view công viên xanh mát trong Bắc Ninh: Three Beans Tea & Coffee #threebeans #anchoibacninh #cafebacninh #coffeebacninh #threebeanscafe Kết thúc Quán là lựa chọn đáng thử cho team đồ ăn Trung Quốc ở Bắc Ninh muốn tìm hương vị Hồ Nam chuẩn. Thử kết hợp món cay đặc trưng với món trung hoà và phần ăn kèm để có trải nghiệm cân bằng. Oct 13, 2025 · Đây là bản tóm tắt nội dung do AI tạo và không nhằm mục đích cung cấp ngữ cảnh thực tế. Nếu bạn cho rằng tóm tắt có thể có lỗi, vui lòng báo cáo tại: Phản hồi và trợ giúp - TikTok Dec 27, 2025 · Tìm hiểu về quán xoài trứng nướng hấp dẫn tại Bắc Ninh, nơi bạn có thể thưởng thức thực phẩm độc đáo. #XoaiTrungNuong #ShellyXoai #bacninh"
Cảnh Thụy,Bắc Ninh,quán ăn ở Cảnh Thụy Bắc Ninh,7267068201979120897,anchoibacninh,https://www.tiktok.com/@anchoibacninh/video/7267068201979120897,"Điểm qua quán cafe, homestay hot tại Bắc Ninh | TikTokQuán ăn chuẩn vị Hồ Nam ở Bắc Ninh: review, món ngon và địa ...Nhà hàng món cuốn: Trải nghiệm ẩm thực Bắc Ninh | TikTokKhám Phá Quán Xoài Trứng Nướng Ở Bắc Ninh | TikTok","Aug 14, 2023 · Quán cafe tone nâu mới toanh, view công viên xanh mát trong Bắc Ninh: Three Beans Tea & Coffee #threebeans #anchoibacninh #cafebacninh #coffeebacninh #threebeanscafe Kết thúc Quán là lựa chọn đáng thử cho team đồ ăn Trung Quốc ở Bắc Ninh muốn tìm hương vị Hồ Nam chuẩn. Thử kết hợp món cay đặc trưng với món trung hoà và phần ăn kèm để có trải nghiệm cân bằng. Oct 13, 2025 · Đây là bản tóm tắt nội dung do AI tạo và không nhằm mục đích cung cấp ngữ cảnh thực tế. Nếu bạn cho rằng tóm tắt có thể có lỗi, vui lòng báo cáo tại: Phản hồi và trợ giúp - TikTok Dec 27, 2025 · Tìm hiểu về quán xoài trứng nướng hấp dẫn tại Bắc Ninh, nơi bạn có thể thưởng thức thực phẩm độc đáo. #XoaiTrungNuong #ShellyXoai #bacninh"
Cảnh Thụy,Bắc Ninh,quán ăn ở Cảnh Thụy Bắc Ninh,7653808717422464264,bacninhdidau,https://www.tiktok.com/@bacninhdidau/video/7653808717422464264,"Quán ăn chuẩn vị Hồ Nam ở Bắc Ninh: review, món ngon và địa ...",Kết thúc Quán là lựa chọn đáng thử cho team đồ ăn Trung Quốc ở Bắc Ninh muốn tìm hương vị Hồ Nam chuẩn. Thử kết hợp món cay đặc trưng với món trung hoà và phần ăn kèm để có trải nghiệm cân bằng.
Cảnh Thụy,Bắc Ninh,quán ăn ở Cảnh Thụy Bắc Ninh,7560696605796486408,anchoibacninh,https://www.tiktok.com/@anchoibacninh/video/7560696605796486408,Nhà hàng món cuốn: Trải nghiệm ẩm thực Bắc Ninh | TikTok,"Oct 13, 2025 · Đây là bản tóm tắt nội dung do AI tạo và không nhằm mục đích cung cấp ngữ cảnh thực tế. Nếu bạn cho rằng tóm tắt có thể có lỗi, vui lòng báo cáo tại: Phản hồi và trợ giúp - TikTok"
Cảnh Thụy,Bắc Ninh,quán ăn ở Cảnh Thụy Bắc Ninh,7588497429373144328,xoaitrungnuong,https://www.tiktok.com/@xoaitrungnuong/video/7588497429373144328,Khám Phá Quán Xoài Trứng Nướng Ở Bắc Ninh | TikTok,"Dec 27, 2025 · Tìm hiểu về quán xoài trứng nướng hấp dẫn tại Bắc Ninh, nơi bạn có thể thưởng thức thực phẩm độc đáo. #XoaiTrungNuong #ShellyXoai #bacninh"
Tự Lạn,Bắc Ninh,quán ăn ở Tự Lạn Bắc Ninh,7449756257201818887,thodia.bn,https://www.tiktok.com/@thodia.bn/video/7449756257201818887,Khám Phá Cạn Beer Garden Tại Bắc Ninh | TikTok,"331 Lượt thích,Video TikTok từ Thổ Địa Bắc Ninh (@thodia.bn): ""Trải nghiệm ẩm thực độc đáo tại Cạn Beer Garden với món cháo cá tích ở Bắc Ninh. Click để xem review và khám phá thêm! #thodiabacninh #sixsenagency #vtmgr #foodreview #bacninh""."
Tự Lạn,Bắc Ninh,quán ăn ở Tự Lạn Bắc Ninh,7686135248026914068,baoveduongpho88,https://www.tiktok.com/@baoveduongpho88/video/7686135248026914068,Tự lạn Bắc ninh #antoan #xuhuong #antoangiaothong #bacninh ...,"Video TikTok từ Bảo vệ giao thông (@baoveduongpho88): ""Tự lạn Bắc ninh #antoan #xuhuong #antoangiaothong #bacninh"".original sound - panda mun."
Tự Lạn,Bắc Ninh,quán ăn ở Tự Lạn Bắc Ninh,7495208006985026834,bungmobacninh,https://www.tiktok.com/@bungmobacninh/video/7495208006985026834,Review Quán Cà Phê và Đồ Ăn Ở Bắc Ninh | TikTokTổ hợp ăn vặt cầu cạn Yna Bắc Ninh | TikTokĂn gì ở Quán Lạn? Review chân thực quán vắng khách | TikTok,"642 Lượt thích,25 Bình luận.Video TikTok từ Bụng mỡ Bắc Ninh (@bungmobacninh): ""Khám phá những quán cà phê và món ăn ngon ở Bắc Ninh. Hãy cùng thưởng thức và chia sẻ trải nghiệm! #bacninhfoody #reviewdoanbacninh #foodreview"". Sep 11, 2022 · 3919 Lượt thích,215 Bình luận.Video TikTok từ Ngồi Bắc Ninh (@ngoibacninh): ""Khám phá tổ hợp ăn vặt cầu cạn Yna Bắc Ninh với buffet xiên bẩn và nhiều món ngon khác. Đừng bỏ lỡ! #ngoibacninh #metub #ancungtiktok"". Ăn gì ở Quán Lạn? Review chân thực quán vắng khách Khám phá ẩm thực độc đáo tại Quán Lạn với review chân thực về một quán ăn vắng khách nhưng đồ ăn lại ngon bất ngờ. #quanlan"
Tự Lạn,Bắc Ninh,quán ăn ở Tự Lạn Bắc Ninh,7142093601609223451,ngoibacninh,https://www.tiktok.com/@ngoibacninh/video/7142093601609223451,Tổ hợp ăn vặt cầu cạn Yna Bắc Ninh | TikTokĂn gì ở Quán Lạn? Review chân thực quán vắng khách | TikTok,"Sep 11, 2022 · 3919 Lượt thích,215 Bình luận.Video TikTok từ Ngồi Bắc Ninh (@ngoibacninh): ""Khám phá tổ hợp ăn vặt cầu cạn Yna Bắc Ninh với buffet xiên bẩn và nhiều món ngon khác. Đừng bỏ lỡ! #ngoibacninh #metub #ancungtiktok"". Ăn gì ở Quán Lạn? Review chân thực quán vắng khách Khám phá ẩm thực độc đáo tại Quán Lạn với review chân thực về một quán ăn vắng khách nhưng đồ ăn lại ngon bất ngờ. #quanlan"
Tự Lạn,Bắc Ninh,quán ăn ở Tự Lạn Bắc Ninh,7631946477505531157,carrot2682,https://www.tiktok.com/@carrot2682/video/7631946477505531157,Ăn gì ở Quán Lạn? Review chân thực quán vắng khách | TikTok,Ăn gì ở Quán Lạn? Review chân thực quán vắng khách Khám phá ẩm thực độc đáo tại Quán Lạn với review chân thực về một quán ăn vắng khách nhưng đồ ăn lại ngon bất ngờ. #quanlan
Nếnh,Bắc Ninh,quán ăn ở Nếnh Bắc Ninh,7675561065425423624,nhocbikute,https://www.tiktok.com/@nhocbikute/video/7675561065425423624,Quán cơm Anh Đức Vân Cốc Phường Nếnh - TikTok,"Quán cơm Anh Đức nằm tại Tổ dân phố Vân Cốc, Phường Nếnh — điểm ăn uống quen thuộc cho công nhân và người dân quanh các khu công nghiệp Quang Châu và Vân Trung. Quán chuyên cơm bình dân, phục vụ suất cơm trưa, cơm tối và nhận đặt cơm số lượng lớn cho tập thể. Vì sao khách chọn quán cơm Anh Đức - Vị trí ..."
Nếnh,Bắc Ninh,quán ăn ở Nếnh Bắc Ninh,7688317257428061448,bacninhgoi,https://www.tiktok.com/@bacninhgoi/video/7688317257428061448,"Quán buffet lẩu nướng ngon, giá mềm mới toanh ở Nếnh nè # ...","399 Lượt thích,22 Bình luận.Video TikTok từ Bắc Ninh gọiiiiiiiii (@bacninhgoi): ""Quán buffet lẩu nướng ngon, giá mềm mới toanh ở Nếnh nè #FoodFestOnTikTok #buffelaunuong #reviewanngon #bacninhgoi #xuhuong"".mộc buffet lẩu nướng yên ninh. Buffet lẩu nướng ngon, giá mềmâm thanh gốc - Bắc Ninh gọiiiiiiiii."
Nếnh,Bắc Ninh,quán ăn ở Nếnh Bắc Ninh,7631903411008507156,ansapbacninh,https://www.tiktok.com/@ansapbacninh/video/7631903411008507156,"Thèm trâu Nếnh tươi ngon: Quán Bò 129 | TikTokKhu đất mới Ninh khánh , nếnh bắc ninh | TikTok PlacesĐường vào Viên Café My Điền 2, Bắc Ninh - hướng dẫn chi tiết ...Viên Cafe My Điền 2 - Nếnh Thưởng Thức | TikTokQuán Bún Cá Biển ngay Nếnh - KCN Quang Châu review | TikTok","1014 Lượt thích,Video TikTok từ Ăn Sập Bắc Ninh (@ansapbacninh): ""Thèm trâu Nếnh tươi ngon? Lưu ngay quán Bò 129 tại tổ dân phố Đạo Ngạn 1, P. Nếnh. Ngay QL1A cũ, chân cầu Đáp Cầu. #ansapbacninh #vtmgr"". Khu đất mới Ninh khánh , nếnh bắc ninh Việt Yên District 285 videos Restaurant 64M5CWC, Ninh Khánh, Nếnh, Bắc Ninh, Vietnam Mình xin chỉ dẫn đường vào quán Viên Café mọi người nha :Mọi người đi thẳng cổng chào trục Zozo qua 4 ngã 4 nha, My Điền 2, Phường Nếnh, Tỉnh Bắc Ninh. #viencafe #mydienvietyenbacgiang #bacgiang #cafe #chill 1242 Lượt thích,64 Bình luận.Video TikTok từ cafevien (@cafevien): ""Thưởng thức Viên Cafe My Điền 2 tại Nếnh, Bắc Ninh. Trải nghiệm không gian cafe chill và hương vị độc đáo. #viencafe #cafe #mydien #chill"". 160 Lượt thích,32 Bình luận.Video TikTok từ Quang Châu ăn gì? (@quangchauangi): ""Đánh giá quán Bún Cá Biển ngay Nếnh, gần KCN Quang Châu: đồ ăn, vị, dịch vụ và địa chỉ tham khảo. #sixsenagency #reviewdoan #kcnquangchau #kcndinhtrambacgiang""."
Nếnh,Bắc Ninh,quán ăn ở Nếnh Bắc Ninh,7640834335813176584,cafevien,https://www.tiktok.com/@cafevien/video/7640834335813176584,"Đường vào Viên Café My Điền 2, Bắc Ninh - hướng dẫn chi tiết ...","Mình xin chỉ dẫn đường vào quán Viên Café mọi người nha :Mọi người đi thẳng cổng chào trục Zozo qua 4 ngã 4 nha, My Điền 2, Phường Nếnh, Tỉnh Bắc Ninh. #viencafe #mydienvietyenbacgiang #bacgiang #cafe #chill"
Nếnh,Bắc Ninh,quán ăn ở Nếnh Bắc Ninh,7631878054192663816,cafevien,https://www.tiktok.com/@cafevien/video/7631878054192663816,Viên Cafe My Điền 2 - Nếnh Thưởng Thức | TikTok,"1242 Lượt thích,64 Bình luận.Video TikTok từ cafevien (@cafevien): ""Thưởng thức Viên Cafe My Điền 2 tại Nếnh, Bắc Ninh. Trải nghiệm không gian cafe chill và hương vị độc đáo. #viencafe #cafe #mydien #chill""."
Nếnh,Bắc Ninh,quán ăn ở Nếnh Bắc Ninh,7682027559034359060,quangchauangi,https://www.tiktok.com/@quangchauangi/video/7682027559034359060,Quán Bún Cá Biển ngay Nếnh - KCN Quang Châu review | TikTok,"160 Lượt thích,32 Bình luận.Video TikTok từ Quang Châu ăn gì? (@quangchauangi): ""Đánh giá quán Bún Cá Biển ngay Nếnh, gần KCN Quang Châu: đồ ăn, vị, dịch vụ và địa chỉ tham khảo. #sixsenagency #reviewdoan #kcnquangchau #kcndinhtrambacgiang""."
An Tường,Tuyên Quang,quán ăn ở An Tường Tuyên Quang,7678230749039971591,naydidau,https://www.tiktok.com/@naydidau/video/7678230749039971591,Ăn đêm ở Tuyên Quang: Gợi ý quán ngon cho chuyến đi | TikTok,"Dưới đây là những gợi ý ngắn, thực tế để tìm quán ăn đêm phù hợp khi ở Tuyên Quang. Những loại quán nên tìm - Quán vỉa hè và quán ăn nhỏ: Thường mở muộn, phục vụ các món ăn nhanh như phở, bún, mì, cơm phần và đồ nướng."
An Tường,Tuyên Quang,quán ăn ở An Tường Tuyên Quang,7680453007477148948,trieuhang81196,https://www.tiktok.com/@trieuhang81196/video/7680453007477148948,Ăn chơi ở Tuyên Quang: gợi ý món ngon & điểm vui chơi trong ...,"- Hỏi người địa phương (cư dân mạng hoặc chủ quán) về quán ăn ngon ngay khi đến để chọn nhanh. - Mang theo đồ ấm nếu đi buổi tối và chuẩn bị tiền mặt, vì một số quán nhỏ có thể không nhận thẻ."
An Tường,Tuyên Quang,quán ăn ở An Tường Tuyên Quang,7565816254431317269,lmcgamer2277,https://www.tiktok.com/@lmcgamer2277/video/7565816254431317269,Review quán ăn Tuyên Quang: Thực phẩm tươi ngon | TikTok,"Oct 27, 2025 · Khám phá quán ăn Tuyên Quang với món tẩm ướp tuyệt vời! Đặt bàn trước để không phải chờ đợi. #mizungdivamam #reviewtuyenquang #tuyenquangangi"
An Tường,Tuyên Quang,quán ăn ở An Tường Tuyên Quang,7645901943071886613,tinmatongtq22,https://www.tiktok.com/@tinmatongtq22/video/7645901943071886613,Quán cháo sườn ngon bất ngờ ở Tuyên Quang | TikTok,"May 31, 2026 · Quán cháo sườn ở Tuyên Quang được đánh giá là “vô tình mà ngonnnn” trong một clip ngắn kèm hashtag #22tuyenquang #tinmatong #reviewtuyenquang #chaosuon #food. Bài viết này tóm tắt trải nghiệm chính và những điểm người xem quan tâm."
Yên Phong,Bắc Ninh,quán ăn ở Yên Phong Bắc Ninh,7490811296342936840,thehousebbq,https://www.tiktok.com/@thehousebbq/video/7490811296342936840,Những Quán Ăn Ngon Nhất Ở Yên Phong | TikTokQuán Nướng Ngon Ở Yên Phong: Buffet Xiên Bẩn & Thịt Thà! | TikTokKhám Phá Trâu Ngon Quán Yên Phong Tại Bắc Ninh | TikTokQuán Mì Cay Hiếm Hoi Ở Ấp Đồn Yên Phong Bắc Ninh | TikTokReview Quán Ăn Trâu Ngon tại Bắc Ninh | Yên Phong LK6 KĐT An ...Tàu hũ chân châu ngon tuyệt tại quán Chè Đậu Thẩm | TikTokBánh canh cá lọc ngon ở Ngã 3 Đông Yên - review Yên Phong ...,"Apr 8, 2025 · Khám phá các địa điểm ăn uống hot ở Yên Phong. Thực đơn phong phú và hương vị đặc sắc chờ bạn khám phá! #quannuong #chill #yenphong #reviewbacninh Dec 13, 2023 · Khám phá buffet xiên bẩn và thịt thà ngon xuất sắc tại Yên Phong, Bắc Ninh. Ăn sập bắc ninh yên phong thị trấn chờ với các quán nướng đặc sắc! #vtmgr #asbn #ancungtiktok #learnontiktok #xmas2023 Oct 25, 2023 · Trước đây, nhiều người thường phải lên Sơn để thưởng thức món trâu hợp khẩu vị, nhưng giờ đây, Trâu Ngon Quán đã có cơ sở ngay tại khu đô thị An Bình, Yên Phong, giúp việc thưởng thức trở nên tiện lợi hơn bao giờ hết! 🌟 Đến với quán, bạn sẽ được trải ... Sep 7, 2024 · Khám phá những món ngon tại quán mì cay độc đáo ở ấp đồn Yên Phong Bắc Ninh. Tasting ong mì, bánh tráng cuốn thịt heo, hải sản và nhiều loại đồ ăn vặt hấp dẫn. #ngườigốcbn #bắcninh99 #mìcay #haisan #yenphongbacninh Nov 10, 2024 · Khám phá vị ngon độc đáo tại Trâu Ngon Quán - Yên Phong số 12 - LK6 KĐT An Bình - Vọng Đông - Yên Phong với review đồ ăn hấp dẫn từ #thodiabacninh #sixsenagency #vtmgr #foodreview #bacninh - Kết hợp thêm topping nếu muốn: nước đường, chút sữa đặc hoặc đá bào tùy khẩu vị. Địa điểm & Hashtag Quán: Chè Đậu Thẩm — nằm ở Yên Phong, Bắc Ninh (tham khảo hashtag gắn kèm: #chedau #kcnyenphongbacninh #yenphongbacninh). Video tập trung vào trải nghiệm ăn bánh canh cá lọc tại Ngã 3 Đông Yên, huyện Yên Phong, Bắc Ninh. Nội dung mô tả hương vị chính: cá lóc (cá lọc) được xử lý mềm, nước dùng trong và ngọt; sợi bánh canh vừa miệng; gia vị kèm theo làm nổi bật vị cá."
Yên Phong,Bắc Ninh,quán ăn ở Yên Phong Bắc Ninh,7312050901852638471,ansapbacninh,https://www.tiktok.com/@ansapbacninh/video/7312050901852638471,Quán Nướng Ngon Ở Yên Phong: Buffet Xiên Bẩn & Thịt Thà! | TikTokKhám Phá Trâu Ngon Quán Yên Phong Tại Bắc Ninh | TikTokQuán Mì Cay Hiếm Hoi Ở Ấp Đồn Yên Phong Bắc Ninh | TikTokReview Quán Ăn Trâu Ngon tại Bắc Ninh | Yên Phong LK6 KĐT An ...Tàu hũ chân châu ngon tuyệt tại quán Chè Đậu Thẩm | TikTokBánh canh cá lọc ngon ở Ngã 3 Đông Yên - review Yên Phong ...,"Dec 13, 2023 · Khám phá buffet xiên bẩn và thịt thà ngon xuất sắc tại Yên Phong, Bắc Ninh. Ăn sập bắc ninh yên phong thị trấn chờ với các quán nướng đặc sắc! #vtmgr #asbn #ancungtiktok #learnontiktok #xmas2023 Oct 25, 2023 · Trước đây, nhiều người thường phải lên Sơn để thưởng thức món trâu hợp khẩu vị, nhưng giờ đây, Trâu Ngon Quán đã có cơ sở ngay tại khu đô thị An Bình, Yên Phong, giúp việc thưởng thức trở nên tiện lợi hơn bao giờ hết! 🌟 Đến với quán, bạn sẽ được trải ... Sep 7, 2024 · Khám phá những món ngon tại quán mì cay độc đáo ở ấp đồn Yên Phong Bắc Ninh. Tasting ong mì, bánh tráng cuốn thịt heo, hải sản và nhiều loại đồ ăn vặt hấp dẫn. #ngườigốcbn #bắcninh99 #mìcay #haisan #yenphongbacninh Nov 10, 2024 · Khám phá vị ngon độc đáo tại Trâu Ngon Quán - Yên Phong số 12 - LK6 KĐT An Bình - Vọng Đông - Yên Phong với review đồ ăn hấp dẫn từ #thodiabacninh #sixsenagency #vtmgr #foodreview #bacninh - Kết hợp thêm topping nếu muốn: nước đường, chút sữa đặc hoặc đá bào tùy khẩu vị. Địa điểm & Hashtag Quán: Chè Đậu Thẩm — nằm ở Yên Phong, Bắc Ninh (tham khảo hashtag gắn kèm: #chedau #kcnyenphongbacninh #yenphongbacninh). Video tập trung vào trải nghiệm ăn bánh canh cá lọc tại Ngã 3 Đông Yên, huyện Yên Phong, Bắc Ninh. Nội dung mô tả hương vị chính: cá lóc (cá lọc) được xử lý mềm, nước dùng trong và ngọt; sợi bánh canh vừa miệng; gia vị kèm theo làm nổi bật vị cá."
Yên Phong,Bắc Ninh,quán ăn ở Yên Phong Bắc Ninh,7293859734032076034,thodia.bn,https://www.tiktok.com/@thodia.bn/video/7293859734032076034,Khám Phá Trâu Ngon Quán Yên Phong Tại Bắc Ninh | TikTok,"Oct 25, 2023 · Trước đây, nhiều người thường phải lên Sơn để thưởng thức món trâu hợp khẩu vị, nhưng giờ đây, Trâu Ngon Quán đã có cơ sở ngay tại khu đô thị An Bình, Yên Phong, giúp việc thưởng thức trở nên tiện lợi hơn bao giờ hết! 🌟 Đến với quán, bạn sẽ được trải ..."
Yên Phong,Bắc Ninh,quán ăn ở Yên Phong Bắc Ninh,7411869592190029072,nguoigocbacninh,https://www.tiktok.com/@nguoigocbacninh/video/7411869592190029072,Quán Mì Cay Hiếm Hoi Ở Ấp Đồn Yên Phong Bắc Ninh | TikTokReview Quán Ăn Trâu Ngon tại Bắc Ninh | Yên Phong LK6 KĐT An ...Tàu hũ chân châu ngon tuyệt tại quán Chè Đậu Thẩm | TikTokBánh canh cá lọc ngon ở Ngã 3 Đông Yên - review Yên Phong ...,"Sep 7, 2024 · Khám phá những món ngon tại quán mì cay độc đáo ở ấp đồn Yên Phong Bắc Ninh. Tasting ong mì, bánh tráng cuốn thịt heo, hải sản và nhiều loại đồ ăn vặt hấp dẫn. #ngườigốcbn #bắcninh99 #mìcay #haisan #yenphongbacninh Nov 10, 2024 · Khám phá vị ngon độc đáo tại Trâu Ngon Quán - Yên Phong số 12 - LK6 KĐT An Bình - Vọng Đông - Yên Phong với review đồ ăn hấp dẫn từ #thodiabacninh #sixsenagency #vtmgr #foodreview #bacninh - Kết hợp thêm topping nếu muốn: nước đường, chút sữa đặc hoặc đá bào tùy khẩu vị. Địa điểm & Hashtag Quán: Chè Đậu Thẩm — nằm ở Yên Phong, Bắc Ninh (tham khảo hashtag gắn kèm: #chedau #kcnyenphongbacninh #yenphongbacninh). Video tập trung vào trải nghiệm ăn bánh canh cá lọc tại Ngã 3 Đông Yên, huyện Yên Phong, Bắc Ninh. Nội dung mô tả hương vị chính: cá lóc (cá lọc) được xử lý mềm, nước dùng trong và ngọt; sợi bánh canh vừa miệng; gia vị kèm theo làm nổi bật vị cá."
Yên Phong,Bắc Ninh,quán ăn ở Yên Phong Bắc Ninh,7435635938207730962,thodia.bn,https://www.tiktok.com/@thodia.bn/video/7435635938207730962,Review Quán Ăn Trâu Ngon tại Bắc Ninh | Yên Phong LK6 KĐT An ...,"Nov 10, 2024 · Khám phá vị ngon độc đáo tại Trâu Ngon Quán - Yên Phong số 12 - LK6 KĐT An Bình - Vọng Đông - Yên Phong với review đồ ăn hấp dẫn từ #thodiabacninh #sixsenagency #vtmgr #foodreview #bacninh"
Yên Phong,Bắc Ninh,quán ăn ở Yên Phong Bắc Ninh,7663796660857752852,chedauyenphong,https://www.tiktok.com/@chedauyenphong/video/7663796660857752852,Tàu hũ chân châu ngon tuyệt tại quán Chè Đậu Thẩm | TikTok,"- Kết hợp thêm topping nếu muốn: nước đường, chút sữa đặc hoặc đá bào tùy khẩu vị. Địa điểm & Hashtag Quán: Chè Đậu Thẩm — nằm ở Yên Phong, Bắc Ninh (tham khảo hashtag gắn kèm: #chedau #kcnyenphongbacninh #yenphongbacninh)."
Yên Phong,Bắc Ninh,quán ăn ở Yên Phong Bắc Ninh,7688595569891151124,khiem97review,https://www.tiktok.com/@khiem97review/video/7688595569891151124,Bánh canh cá lọc ngon ở Ngã 3 Đông Yên - review Yên Phong ...,"Video tập trung vào trải nghiệm ăn bánh canh cá lọc tại Ngã 3 Đông Yên, huyện Yên Phong, Bắc Ninh. Nội dung mô tả hương vị chính: cá lóc (cá lọc) được xử lý mềm, nước dùng trong và ngọt; sợi bánh canh vừa miệng; gia vị kèm theo làm nổi bật vị cá."
Bình Thuận,Tuyên Quang,quán ăn ở Bình Thuận Tuyên Quang,7565816254431317269,lmcgamer2277,https://www.tiktok.com/@lmcgamer2277/video/7565816254431317269,Review quán ăn Tuyên Quang: Thực phẩm tươi ngon | TikTok,"Oct 27, 2025 · Khám phá quán ăn Tuyên Quang với món tẩm ướp tuyệt vời! Đặt bàn trước để không phải chờ đợi. #mizungdivamam #reviewtuyenquang #tuyenquangangi"
Bình Thuận,Tuyên Quang,quán ăn ở Bình Thuận Tuyên Quang,7545049274308939015,thodiaphanthiet,https://www.tiktok.com/@thodiaphanthiet/video/7545049274308939015,"Quán ăn ngon ở Phan Thiết, bánh mây và bánh dép ở đường Tuyên ...","Sep 1, 2025 · 1523 Lượt thích,48 Bình luận.Video TikTok từ Thổ Địa Phan Thiết (@thodiaphanthiet): ""Quán ăn ngon ở Phan Thiết, bánh mây và bánh dép ở đường Tuyên Quang #fyp #ghienphanthiet #xuhuong #86binhthuan #dulichphanthiet"".nhạc nền - Thổ Địa Phan Thiết."
Bình Thuận,Tuyên Quang,quán ăn ở Bình Thuận Tuyên Quang,7678230749039971591,naydidau,https://www.tiktok.com/@naydidau/video/7678230749039971591,Ăn đêm ở Tuyên Quang: Gợi ý quán ngon cho chuyến đi | TikTok,"Dưới đây là những gợi ý ngắn, thực tế để tìm quán ăn đêm phù hợp khi ở Tuyên Quang. Những loại quán nên tìm - Quán vỉa hè và quán ăn nhỏ: Thường mở muộn, phục vụ các món ăn nhanh như phở, bún, mì, cơm phần và đồ nướng."
Bình Thuận,Tuyên Quang,quán ăn ở Bình Thuận Tuyên Quang,7676457482067184904,lacaanvattuyenquang,https://www.tiktok.com/@lacaanvattuyenquang/video/7676457482067184904,Indomie Hot ở Tuyên Quang: Quán ăn vặt mới bạn nên thử | TikTok,"Kết luận Indomie Hot ở Tuyên Quang là lựa chọn ăn vặt mới đáng thử; nếu bạn quan tâm đến đồ ăn nhanh và muốn ủng hộ quán địa phương, tìm video kèm hashtag và ghé ủng hộ."
Bình Thuận,Tuyên Quang,quán ăn ở Bình Thuận Tuyên Quang,7644807536436170004,tinmatongtq22,https://www.tiktok.com/@tinmatongtq22/video/7644807536436170004,"Bingsu Tuyên Quang - Quán bingsu rẻ, ngon, dễ tìm | TikTok","Tổng quan Bingsu Tuyên Quang — gợi ý quán bingsu rẻ, ngon và dễ tìm tại Tuyên Quang. Video/clip tập trung review bingsu Tuyên Quang, nhấn mạnh hương vị, giá cả và vị trí để người xem có thể ghé thử."
Bình Thuận,Tuyên Quang,quán ăn ở Bình Thuận Tuyên Quang,7588506509894503698,thanhdangtuyenquang,https://www.tiktok.com/@thanhdangtuyenquang/video/7588506509894503698,Khám Phá Nhà Hàng Đồ Tây Tại Tuyên Quang | TikTok,"Dec 27, 2025 · Nhà hàng đồ Tây ở Tuyên Quang khiến bạn bất ngờ với menu đa dạng và không gian sang trọng. Đến để trải nghiệm ngay! #thanhdangne #foodreview #reviewtuyenquang"
Điện Biên Phủ,Điện Biên,quán ăn ở Điện Biên Phủ Điện Biên,7658103017350204679,tu.dayne,https://www.tiktok.com/@tu.dayne/video/7658103017350204679,K24 Bếp ăn 24H: Quán mới tại 502 Điện Biên Phủ - Pizza & Cơm ...,"K24 - Bếp ăn 24H vừa khai trương tại 502 Điện Biên Phủ, là điểm ăn uống mới kết hợp pizza kiểu Chicago cùng các món Việt như cơm gà và gà rán. Quán mở 24 giờ, phù hợp cho ăn trưa, ăn tối và ăn đêm. Địa điểm và giờ mở - Tọa lạc: 502 Điện Biên Phủ."
Điện Biên Phủ,Điện Biên,quán ăn ở Điện Biên Phủ Điện Biên,7599697090192657682,khoadiandi,https://www.tiktok.com/@khoadiandi/video/7599697090192657682,"Quán Ốc Như Ở Điện Biên Phủ Q10: Khám Phá Thực Đơn | TikTokBún cá Điện Biên Phủ — Quán bún cá ngon ở Bình Thạnh (17:30 ...Phở Điện Biên: Phở bốn nồi, điểm ăn sáng ngon ở Điện Biên ...Khám Phá Quán Đồ Nướng Ngon Tại Điện Biên Phủ | TikTokĂn đêm tại Ốc Như Điện Biên Phủ | TikTokQuán cơm Kidolyi ở Điện Biên Phủ — Review quán cơm ngon ở Hà ...","Khám phá quán ốc Như ở Điện Biên Phủ Q10 với nhiều món hải sản ngon hấp dẫn! Đừng bỏ lỡ trải nghiệm ẩm thực tuyệt vời này! #homnayangi Khu vực và tham khảo địa điểm - Điện Biên Phủ, Bình Thạnh là con đường ẩm thực về đêm với nhiều quán bún cá: “bún cá hai chị em”, “bún cá 36”, quán bún riêu và các quán ăn đêm khác. Một buổi sáng bình thường ở Điện Biên mở ra bằng hình ảnh nồi nước phở nghi ngút khói, mùi hương thơm lừng lan khắp quán. Khách vào kín bàn, bát phở nóng được bê ra liên tục — đó là trải nghiệm “Phở Điện Biên ăn là nhớ”. TikTok video from Tiệm Nướng BOHASA (@tim.nng.bohasa): “Khám phá quán nướng với giá cả hợp lý và hương vị tuyệt hảo. Đến ngay để thưởng thức món ngon! #streetfood #bonuong #xuhuongtiktok”. Khám phá quán ốc ngon tại Điện Biên Phủ cùng trải nghiệm ẩm thực tuyệt vời. Xem ngay để không bỏ lỡ! #quanocngon #foodreview #ancungtiktok #reviewanngon #helloquynhthu Kết luận Kidolyi trên đường Điện Biên Phủ là lựa chọn đáng thử cho ai tìm quán cơm ngon và không gian dễ thương ở Hà Nội. Gõ tên quán trên Google Maps là thấy ngay — ghé giờ 11:00–14:00 hoặc 17:00–19:30 để ăn. Bạn đã thử quán này chưa?"
Điện Biên Phủ,Điện Biên,quán ăn ở Điện Biên Phủ Điện Biên,7670452495004486929,vinhthichanngon,https://www.tiktok.com/@vinhthichanngon/video/7670452495004486929,Bún cá Điện Biên Phủ — Quán bún cá ngon ở Bình Thạnh (17:30 ...,"Khu vực và tham khảo địa điểm - Điện Biên Phủ, Bình Thạnh là con đường ẩm thực về đêm với nhiều quán bún cá: “bún cá hai chị em”, “bún cá 36”, quán bún riêu và các quán ăn đêm khác."
Điện Biên Phủ,Điện Biên,quán ăn ở Điện Biên Phủ Điện Biên,7650873486415580424,phobonamduong,https://www.tiktok.com/@phobonamduong/video/7650873486415580424,"Phở Điện Biên: Phở bốn nồi, điểm ăn sáng ngon ở Điện Biên ...","Một buổi sáng bình thường ở Điện Biên mở ra bằng hình ảnh nồi nước phở nghi ngút khói, mùi hương thơm lừng lan khắp quán. Khách vào kín bàn, bát phở nóng được bê ra liên tục — đó là trải nghiệm “Phở Điện Biên ăn là nhớ”."
Điện Biên Phủ,Điện Biên,quán ăn ở Điện Biên Phủ Điện Biên,7623411952072674578,hello.quynhthu,https://www.tiktok.com/@hello.quynhthu/video/7623411952072674578,Ăn đêm tại Ốc Như Điện Biên Phủ | TikTok,Khám phá quán ốc ngon tại Điện Biên Phủ cùng trải nghiệm ẩm thực tuyệt vời. Xem ngay để không bỏ lỡ! #quanocngon #foodreview #ancungtiktok #reviewanngon #helloquynhthu
Điện Biên Phủ,Điện Biên,quán ăn ở Điện Biên Phủ Điện Biên,7638181710164675848,sonne_ne,https://www.tiktok.com/@sonne_ne/video/7638181710164675848,Quán cơm Kidolyi ở Điện Biên Phủ — Review quán cơm ngon ở Hà ...,Kết luận Kidolyi trên đường Điện Biên Phủ là lựa chọn đáng thử cho ai tìm quán cơm ngon và không gian dễ thương ở Hà Nội. Gõ tên quán trên Google Maps là thấy ngay — ghé giờ 11:00–14:00 hoặc 17:00–19:30 để ăn. Bạn đã thử quán này chưa?
Mường Lay,Điện Biên,quán ăn ở Mường Lay Điện Biên,7648598940425669909,quan.chieng.1,https://www.tiktok.com/@quan.chieng.1/video/7648598940425669909,Quán ăn nổi tiếng ở Mường Lay nên thử là gì? | TikTok,"Kết thúc / Kêu gọi hành động Quán ăn này đang là chủ đề được nhiều người nhắc tới trong series Mường Lay — nếu bạn đã từng ăn ở quán, comment chia sẻ cho cộng đồng biết món ngon, giá và cảm nhận."
Mường Lay,Điện Biên,quán ăn ở Mường Lay Điện Biên,7638498492796636436,quan.chieng.1,https://www.tiktok.com/@quan.chieng.1/video/7638498492796636436,Đến Mường Lay thì ăn gì ? Mời mọi người ghé qua HTX du lịch ...,Đến Mường Lay mà không biết ăn gì đi đâu thì mời mọi người theo dõi seri Mường Lay có gì . Chúng mình sẽ dẫn mọi người đến những quán ăn ngon và địa điểm tham quan đẹp để check in nha #xuhuong #dulich #MuongLay #quanchieng #tiktokshop66
Mường Lay,Điện Biên,quán ăn ở Mường Lay Điện Biên,7364594142380297480,baotrangdienbien,https://www.tiktok.com/@baotrangdienbien/video/7364594142380297480,Trả lời @Caygiongkhainguyen Mường Lay - Điện Biên chào đón em ...,"May 3, 2024 · Trả lời @Caygiongkhainguyen Mường Lay - Điện Biên chào đón em. Các Bạn nơi xa có dịp qua Mường Lay biết mình trên tiktok ghé thăm ăn mà mua mật ong rừng đây ạ . #taybac#vungcao#ngon#mukbang#xuhuong"
Mường Lay,Điện Biên,quán ăn ở Mường Lay Điện Biên,7681211122099162376,anhemtaybacdienbien,https://www.tiktok.com/@anhemtaybacdienbien/video/7681211122099162376,#p2: Chỗ ở và địa điểm ăn sáng tại trung tâm xã Mường nhé # ...,"Video TikTok từ Anh Em Tây Bắc 🇻🇳 (@anhemtaybacdienbien): ""#p2: Chỗ ở và địa điểm ăn sáng tại trung tâm xã Mường nhé 🍂 #AmThucTayBac #HaiAnhEmDienBien #muongnhe #taybacvietnam"".Chợ cóc Mường Nhénhạc nền - Quỳnh trangg - Quỳnh Trangg."
Mường Thanh,Điện Biên,quán ăn ở Mường Thanh Điện Biên,7502849749964344583,vietphuongthoa98,https://www.tiktok.com/@vietphuongthoa98/video/7502849749964344583,"Khám Phá Ẩm Thực Chợ Mường Thanh Điện Biên | TikTokKhám Phá Chợ Mường Thanh ở Điện Biên | TikTokKhám Phá Ẩm Thực Điện Biên: Đặc Sản Chợ Mường Thanh | TikTokHội chợ ẩm thực vẫn đang diễn ra tại phố đi bộ Mường Thanh ...Cầu Mường Thanh Điện Biên Phủ, hẹn gặp lại mn#amthuchungbaba ...Nhất định các bác phải ghé qua phố đi bộ Mường Thanh Điện ...Khám Phá Phố Đi Bộ Chợ Mường Thanh | TikTok","May 10, 2025 · Hãy cùng tôi khám phá những món ăn đặc sắc nơi đây nhé! 🤤 Khi đặt chân đến chợ Mường Thanh, điều đầu tiên thu hút ánh nhìn là quầy bán bánh với sự đa dạng không thể bỏ lỡ. Aug 30, 2025 · 751 Lượt thích,24 Bình luận.Video TikTok từ Thành Qv (@thanhqvmedia): ""Tìm hiểu về chợ Mường Thanh, nơi mang đến trải nghiệm ẩm thực và văn hóa độc đáo. #dienbien #trainghiem #khampha #thanhqv #qvmedia"". May 23, 2025 · Khám phá ẩm thực Điện Biên qua những món ăn đặc sản độc đáo từ chợ Mường Thanh. Hãy cùng chúng tôi trải nghiệm! #ĐiệnBiên #ẩmthực #chợMườngThanh Video TikTok từ Hải Yến và Điện Biên (@haiyenvadienbien): ""Hội chợ ẩm thực vẫn đang diễn ra tại phố đi bộ Mường Thanh Điện Biên nha các bác ơi #dienbienphu #phodibomuongthanh #haiyenvadienbien #haiyencongnghe #xuhuongtiktok"".Đồ ăn dân tộc tại phố đi bộ Mường Thanh nhạc nền - 🧺 ️Đậu phộng toca🥜. Video TikTok từ ẨM THỰC HƯNG BABA (@amthuchungbaba1): ""Cầu Mường Thanh Điện Biên Phủ, hẹn gặp lại mn#amthuchungbaba #thevesta #haiphong"".âm thanh gốc - ẨM THỰC HƯNG BABA. Video TikTok từ Hải Yến và Điện Biên (@haiyenvadienbien): ""Nhất định các bác phải ghé qua phố đi bộ Mường Thanh Điện Biên nha. Đồ ăn dân tộc ngon lắm ý #dienbienphu #phodibomuongthanh #haiyenvadienbien #haiyencongnghe #xuhuongtiktok"".Hội chợ ẩm thực phố đi bộ Mường Thanhnhạc nền - HIPHOP4LIFE 🔥 - 100% HIPHOP4LIFE 🔥. Dec 20, 2025 · Tìm hiểu những điểm thú vị ở Phố Đi Bộ Chợ Mường Thanh, nơi mang đến ẩm thực và văn hóa độc đáo. #muongthanhwalkingstreet #reviewđồănđiệnbiên #phốđibộmườngthanh #chợđêmMườngThanh"
Mường Thanh,Điện Biên,quán ăn ở Mường Thanh Điện Biên,7544351207632981266,thanhqvmedia,https://www.tiktok.com/@thanhqvmedia/video/7544351207632981266,"Khám Phá Chợ Mường Thanh ở Điện Biên | TikTokKhám Phá Ẩm Thực Điện Biên: Đặc Sản Chợ Mường Thanh | TikTokHội chợ ẩm thực vẫn đang diễn ra tại phố đi bộ Mường Thanh ...Cầu Mường Thanh Điện Biên Phủ, hẹn gặp lại mn#amthuchungbaba ...Nhất định các bác phải ghé qua phố đi bộ Mường Thanh Điện ...Khám Phá Phố Đi Bộ Chợ Mường Thanh | TikTok","Aug 30, 2025 · 751 Lượt thích,24 Bình luận.Video TikTok từ Thành Qv (@thanhqvmedia): ""Tìm hiểu về chợ Mường Thanh, nơi mang đến trải nghiệm ẩm thực và văn hóa độc đáo. #dienbien #trainghiem #khampha #thanhqv #qvmedia"". May 23, 2025 · Khám phá ẩm thực Điện Biên qua những món ăn đặc sản độc đáo từ chợ Mường Thanh. Hãy cùng chúng tôi trải nghiệm! #ĐiệnBiên #ẩmthực #chợMườngThanh Video TikTok từ Hải Yến và Điện Biên (@haiyenvadienbien): ""Hội chợ ẩm thực vẫn đang diễn ra tại phố đi bộ Mường Thanh Điện Biên nha các bác ơi #dienbienphu #phodibomuongthanh #haiyenvadienbien #haiyencongnghe #xuhuongtiktok"".Đồ ăn dân tộc tại phố đi bộ Mường Thanh nhạc nền - 🧺 ️Đậu phộng toca🥜. Video TikTok từ ẨM THỰC HƯNG BABA (@amthuchungbaba1): ""Cầu Mường Thanh Điện Biên Phủ, hẹn gặp lại mn#amthuchungbaba #thevesta #haiphong"".âm thanh gốc - ẨM THỰC HƯNG BABA. Video TikTok từ Hải Yến và Điện Biên (@haiyenvadienbien): ""Nhất định các bác phải ghé qua phố đi bộ Mường Thanh Điện Biên nha. Đồ ăn dân tộc ngon lắm ý #dienbienphu #phodibomuongthanh #haiyenvadienbien #haiyencongnghe #xuhuongtiktok"".Hội chợ ẩm thực phố đi bộ Mường Thanhnhạc nền - HIPHOP4LIFE 🔥 - 100% HIPHOP4LIFE 🔥. Dec 20, 2025 · Tìm hiểu những điểm thú vị ở Phố Đi Bộ Chợ Mường Thanh, nơi mang đến ẩm thực và văn hóa độc đáo. #muongthanhwalkingstreet #reviewđồănđiệnbiên #phốđibộmườngthanh #chợđêmMườngThanh"
Mường Thanh,Điện Biên,quán ăn ở Mường Thanh Điện Biên,7507585773844155656,longchun9494,https://www.tiktok.com/@longchun9494/video/7507585773844155656,"Khám Phá Ẩm Thực Điện Biên: Đặc Sản Chợ Mường Thanh | TikTokHội chợ ẩm thực vẫn đang diễn ra tại phố đi bộ Mường Thanh ...Cầu Mường Thanh Điện Biên Phủ, hẹn gặp lại mn#amthuchungbaba ...Nhất định các bác phải ghé qua phố đi bộ Mường Thanh Điện ...Khám Phá Phố Đi Bộ Chợ Mường Thanh | TikTok","May 23, 2025 · Khám phá ẩm thực Điện Biên qua những món ăn đặc sản độc đáo từ chợ Mường Thanh. Hãy cùng chúng tôi trải nghiệm! #ĐiệnBiên #ẩmthực #chợMườngThanh Video TikTok từ Hải Yến và Điện Biên (@haiyenvadienbien): ""Hội chợ ẩm thực vẫn đang diễn ra tại phố đi bộ Mường Thanh Điện Biên nha các bác ơi #dienbienphu #phodibomuongthanh #haiyenvadienbien #haiyencongnghe #xuhuongtiktok"".Đồ ăn dân tộc tại phố đi bộ Mường Thanh nhạc nền - 🧺 ️Đậu phộng toca🥜. Video TikTok từ ẨM THỰC HƯNG BABA (@amthuchungbaba1): ""Cầu Mường Thanh Điện Biên Phủ, hẹn gặp lại mn#amthuchungbaba #thevesta #haiphong"".âm thanh gốc - ẨM THỰC HƯNG BABA. Video TikTok từ Hải Yến và Điện Biên (@haiyenvadienbien): ""Nhất định các bác phải ghé qua phố đi bộ Mường Thanh Điện Biên nha. Đồ ăn dân tộc ngon lắm ý #dienbienphu #phodibomuongthanh #haiyenvadienbien #haiyencongnghe #xuhuongtiktok"".Hội chợ ẩm thực phố đi bộ Mường Thanhnhạc nền - HIPHOP4LIFE 🔥 - 100% HIPHOP4LIFE 🔥. Dec 20, 2025 · Tìm hiểu những điểm thú vị ở Phố Đi Bộ Chợ Mường Thanh, nơi mang đến ẩm thực và văn hóa độc đáo. #muongthanhwalkingstreet #reviewđồănđiệnbiên #phốđibộmườngthanh #chợđêmMườngThanh"
Mường Thanh,Điện Biên,quán ăn ở Mường Thanh Điện Biên,7690590472724647188,haiyenvadienbien,https://www.tiktok.com/@haiyenvadienbien/video/7690590472724647188,Hội chợ ẩm thực vẫn đang diễn ra tại phố đi bộ Mường Thanh ...,"Video TikTok từ Hải Yến và Điện Biên (@haiyenvadienbien): ""Hội chợ ẩm thực vẫn đang diễn ra tại phố đi bộ Mường Thanh Điện Biên nha các bác ơi #dienbienphu #phodibomuongthanh #haiyenvadienbien #haiyencongnghe #xuhuongtiktok"".Đồ ăn dân tộc tại phố đi bộ Mường Thanh nhạc nền - 🧺 ️Đậu phộng toca🥜."
Mường Thanh,Điện Biên,quán ăn ở Mường Thanh Điện Biên,7681124917600947463,amthuchungbaba1,https://www.tiktok.com/@amthuchungbaba1/video/7681124917600947463,"Cầu Mường Thanh Điện Biên Phủ, hẹn gặp lại mn#amthuchungbaba ...Nhất định các bác phải ghé qua phố đi bộ Mường Thanh Điện ...Khám Phá Phố Đi Bộ Chợ Mường Thanh | TikTok","Video TikTok từ ẨM THỰC HƯNG BABA (@amthuchungbaba1): ""Cầu Mường Thanh Điện Biên Phủ, hẹn gặp lại mn#amthuchungbaba #thevesta #haiphong"".âm thanh gốc - ẨM THỰC HƯNG BABA. Video TikTok từ Hải Yến và Điện Biên (@haiyenvadienbien): ""Nhất định các bác phải ghé qua phố đi bộ Mường Thanh Điện Biên nha. Đồ ăn dân tộc ngon lắm ý #dienbienphu #phodibomuongthanh #haiyenvadienbien #haiyencongnghe #xuhuongtiktok"".Hội chợ ẩm thực phố đi bộ Mường Thanhnhạc nền - HIPHOP4LIFE 🔥 - 100% HIPHOP4LIFE 🔥. Dec 20, 2025 · Tìm hiểu những điểm thú vị ở Phố Đi Bộ Chợ Mường Thanh, nơi mang đến ẩm thực và văn hóa độc đáo. #muongthanhwalkingstreet #reviewđồănđiệnbiên #phốđibộmườngthanh #chợđêmMườngThanh"
Mường Thanh,Điện Biên,quán ăn ở Mường Thanh Điện Biên,7690255299260763413,haiyenvadienbien,https://www.tiktok.com/@haiyenvadienbien/video/7690255299260763413,Nhất định các bác phải ghé qua phố đi bộ Mường Thanh Điện ...Khám Phá Phố Đi Bộ Chợ Mường Thanh | TikTok,"Video TikTok từ Hải Yến và Điện Biên (@haiyenvadienbien): ""Nhất định các bác phải ghé qua phố đi bộ Mường Thanh Điện Biên nha. Đồ ăn dân tộc ngon lắm ý #dienbienphu #phodibomuongthanh #haiyenvadienbien #haiyencongnghe #xuhuongtiktok"".Hội chợ ẩm thực phố đi bộ Mường Thanhnhạc nền - HIPHOP4LIFE 🔥 - 100% HIPHOP4LIFE 🔥. Dec 20, 2025 · Tìm hiểu những điểm thú vị ở Phố Đi Bộ Chợ Mường Thanh, nơi mang đến ẩm thực và văn hóa độc đáo. #muongthanhwalkingstreet #reviewđồănđiệnbiên #phốđibộmườngthanh #chợđêmMườngThanh"
Mường Thanh,Điện Biên,quán ăn ở Mường Thanh Điện Biên,7585932629447576840,dienbiencogii,https://www.tiktok.com/@dienbiencogii/video/7585932629447576840,Khám Phá Phố Đi Bộ Chợ Mường Thanh | TikTok,"Dec 20, 2025 · Tìm hiểu những điểm thú vị ở Phố Đi Bộ Chợ Mường Thanh, nơi mang đến ẩm thực và văn hóa độc đáo. #muongthanhwalkingstreet #reviewđồănđiệnbiên #phốđibộmườngthanh #chợđêmMườngThanh"
Đoàn Kết,Lai Châu,quán ăn ở Đoàn Kết Lai Châu,7650111904421022997,laichau68,https://www.tiktok.com/@laichau68/video/7650111904421022997,một góc chợ Đoàn kết Lai Châu | TikTok,"29 Lượt thích,Video TikTok từ Lan Lai Châu 68 (@laichau68): ""một góc chợ Đoàn kết Lai Châu"".âm thanh gốc - Lan Lai Châu 68."
Đoàn Kết,Lai Châu,quán ăn ở Đoàn Kết Lai Châu,7664828481863257365,quocsumobile,https://www.tiktok.com/@quocsumobile/video/7664828481863257365,"Cầu Lang Thang Phố Đoàn: Chợ Phiên Thứ Năm & Chủ Nhật, Quán ...","Quán bánh rán nằm ngay trong khu chợ, có thể là một quán nhỏ, giản dị nhưng được nhiều người ưa thích vì bánh thơm, giòn và đậm đà hương vị truyền thống. Bánh rán ở đó là trải nghiệm ẩm thực địa phương đáng thử khi đến chợ phiên qua Cầu Lang Thang."
Đoàn Kết,Lai Châu,quán ăn ở Đoàn Kết Lai Châu,7680969334549794068,thosan_tien_thuong,https://www.tiktok.com/@thosan_tien_thuong/video/7680969334549794068,Đoàn Kết Lai Châu #hottrend #xuhuong | TikTok,"Video TikTok từ Thợ Săn Tiền Thưởng (@thosan_tien_thuong): ""Đoàn Kết Lai Châu #hottrend #xuhuong"".original sound - panda mun."
Đoàn Kết,Lai Châu,quán ăn ở Đoàn Kết Lai Châu,7658531502384368914,taylaichau25,https://www.tiktok.com/@taylaichau25/video/7658531502384368914,Lai Châu - Trend TikTok #25laichau: hướng dẫn & ý tưởng nội ...,"Tổng quan Hashtag gốc: #25laichau ️ kèm các hashtag liên quan #laichau, #xuhuongtiktok, #taylaichau, #thinhhanh. Đây là bộ từ khóa ngắn gọn dùng để định vị nội dung liên quan tỉnh Lai Châu và xu hướng trên TikTok."
Đoàn Kết,Lai Châu,quán ăn ở Đoàn Kết Lai Châu,7663855129463966983,linhmy_060704,https://www.tiktok.com/@linhmy_060704/video/7663855129463966983,Ăn khuya ở Lai Châu: gợi ý quán ăn đêm gần Xã Tiến Thắng | TikTok,"Kết thúc Nếu bạn đang tìm quán ăn đêm ở Lai Châu, đặc biệt gần Xã Tiến Thắng, hãy ưu tiên quán đông, vệ sinh và hỏi người địa phương để tìm được địa điểm ngon và phù hợp."
Tô Hiệu,Sơn La,quán ăn ở Tô Hiệu Sơn La,7604774716519304468,linhxinhgai3323,https://www.tiktok.com/@linhxinhgai3323/video/7604774716519304468,Khám Phá Quán Đồ Thái 299 Tô Hiệu Ở Cầu Giấy | TikTok,"Video TikTok từ Hôm Nay Ăn Gì, Đi Đâu ? (@linhxinhgai3323): ""Đừng bỏ lỡ quán đồ Thái ngon ở Cầu Giấy! Pad Thái bò tuyệt hảo và Tomyum chua cay đúng vị. Ghé thử ngay nhé! #homnayangi #xuhuong #caugiay #review""."
Tô Hiệu,Sơn La,quán ăn ở Tô Hiệu Sơn La,7545846865028238614,lylunglinhh,https://www.tiktok.com/@lylunglinhh/video/7545846865028238614,Cẩm nang quán ăn ngon ở Tô Hiệu Cầu Giấy | TikTok,Khám phá quán cơm ngon số 200 Tô Hiệu với menu hấp dẫn và giá cực kì hợp lý. Ghi ngay vào danh sách yêu thích của bạn! #reviewhanoi #xuhuong #reviewamthuc
Tô Hiệu,Sơn La,quán ăn ở Tô Hiệu Sơn La,7566630492678835463,.banhsukem,https://www.tiktok.com/@.banhsukem/video/7566630492678835463,"Khám Phá Quán Bơ, Sầu Riêng, Xoài Đặc Sản Tô Hiệu | TikTok","448 Lượt thích,Video TikTok từ Quynh Nguyen ( Nhom Nhem ) (@.banhsukem): ""Tìm hiểu những món ngon tại quán Chà Là, bơ, sầu riêng, xoài chất lượng mượt mà. Ghé ngay để trải nghiệm! #nhquynhne #vrmgr #xuhuong""."
Tô Hiệu,Sơn La,quán ăn ở Tô Hiệu Sơn La,7421113716923452679,laciana20,https://www.tiktok.com/@laciana20/video/7421113716923452679,Review quán bánh tráng cuốn thịt heo ở Tô Hiệu | TikTok,Khám phá quán bánh tráng cuốn thịt heo ngon tại Tô Hiệu với đa dạng món ăn hấp dẫn. Hãy đến trải nghiệm ngay! #banhtrangcuonthitheo #reviewanngon Đây là bản tóm tắt nội dung do AI tạo và không nhằm mục đích cung cấp ngữ cảnh thực tế.
Tô Hiệu,Sơn La,quán ăn ở Tô Hiệu Sơn La,7355880784340716807,longlongneee,https://www.tiktok.com/@longlongneee/video/7355880784340716807,Review món ăn tại quán 177 Tô Hiệu - Mukbang đồ Hàn ngon lạ | TikTok,Craving some delicious and affordable Korean food? 📍Head to Mukbang at 177 Tô Hiệu for a tasty experience! 😋 This spot offers amazing deals like chicken with three different sauces for only 49k! 🍗 They also have a Korean combo platter with 4 items for just 69k! 🤩 The reviewer tried the Korean combo platter with goodies like ...
Tô Hiệu,Sơn La,quán ăn ở Tô Hiệu Sơn La,7650842196538559762,trang_cus,https://www.tiktok.com/@trang_cus/video/7650842196538559762,"Phải nói là quán cháo lòng chân ái ở khu Tô Hiệu, ăn chục năm vẫn chưa ...","31 Lượt thích,Video TikTok từ trang_cus (@trang_cus): ""Phải nói là quán cháo lòng chân ái ở khu Tô Hiệu, ăn chục năm vẫn chưa thấy cháo lòng ở đâu ngậy bằng ở đây"".Nhìn phát biết quán lòng nào ở Tô Hiệu luôn | Tràng xào dưa đỉnh cao ăn với cháo best combo luônsonido original - TuDía13."
Tô Hiệu,Sơn La,quán ăn ở Tô Hiệu Sơn La,7398512549999774992,toilatomtomtop,https://www.tiktok.com/@toilatomtomtop/video/7398512549999774992,Bánh tráng cuốn thịt heo Huyền Trang tại Tô Hiệu | TikTok,"Nếu bạn đang muốn tìm một địa điểm thưởng thức món Bánh tráng cuốn thịt heo ở Tô Hiệu, đừng bỏ qua Huyền Trang quán tại địa chỉ 215 Tô Hiệu! 🍽️ Nơi đây nổi bật với không gian sạch sẽ và nguyên liệu tươi ngon, đặc biệt là món ram cuốn thịt heo cực kỳ hấp dẫn."
Tô Hiệu,Sơn La,quán ăn ở Tô Hiệu Sơn La,7328738189672287506,athuongne,https://www.tiktok.com/@athuongne/video/7328738189672287506,"Đánh giá quán ăn ngon tại 173 Tô Hiệu, Hà Đông - TikTok","Đồ ăn ngon với bún ốc và lẩu ốc ngon tại quán 173 Tô Hiệu, Hà Đông. Đánh giá ẩm thực tại quán lẩu ốc cô Lý với các món ngon như bún sườn bò và lẩu ốc hải sản."
Chiềng An,Sơn La,quán ăn ở Chiềng An Sơn La,7675401756100021511,taolalocho,https://www.tiktok.com/@taolalocho/video/7675401756100021511,Chiềng An Sơn La | TikTok,"24 Lượt thích,Video TikTok từ thợ săn tiền thưởng sla (@taolalocho): ""Chiềng An Sơn La"".original sound - panda mun."
Chiềng An,Sơn La,quán ăn ở Chiềng An Sơn La,7677081670985452820,hoa.11.06.05,https://www.tiktok.com/@hoa.11.06.05/video/7677081670985452820,phố chiềng An sơn la | TikTok,"42 Lượt thích,Video TikTok từ Quỳhnn Hoaaa♥️ (@hoa.11.06.05): ""phố chiềng An sơn la"".âm thanh gốc - Vi Cường - acuongmiennui."
Chiềng An,Sơn La,quán ăn ở Chiềng An Sơn La,7648505614309559572,quangthiquy03,https://www.tiktok.com/@quangthiquy03/video/7648505614309559572,"Cà phê Chiềng Sinh Sơn La - Quán mang đi, khách là được | TikTok","Kết thúc Cà phê Chiềng Sinh là lựa chọn thiết thực cho ai muốn cà phê mang đi ở Sơn La: phong cách mộc mạc, khách quen ổn định. Bạn đã thử cà phê Chiềng Sinh chưa? Mô tả trải nghiệm ngắn sẽ giúp người khác quyết định thử."
Chiềng An,Sơn La,quán ăn ở Chiềng An Sơn La,7680051609656659220,ansonhodalat,https://www.tiktok.com/@ansonhodalat/video/7680051609656659220,"An Sơn Hồ Đà Lạt: Quán ăn ngon, view hồ mưa lãng mạn | TikTok","Kết luận: An Sơn Hồ — nơi trời càng lạnh, cuộc vui càng ấm. Nếu bạn tìm một quán ăn ngon, view hồ mưa và không gian thích hợp cho những buổi tụ họp thân mật ở Đà Lạt, đây là gợi ý đáng thử. Bạn đã từng trải nghiệm An Sơn Hồ khi mưa chưa?"
Chiềng An,Sơn La,quán ăn ở Chiềng An Sơn La,7644416136385269000,nosonla15993,https://www.tiktok.com/@nosonla15993/video/7644416136385269000,Vịt Bản Chiềng Mai ở Sơn La – Quán Vịt Trường Mai ngon nhất ...,"Vịt Bản Trường Mai (Vịt Bản Chiềng Mai) ở Sơn La là quán chuyên các món vịt đa dạng, nổi tiếng với thực khách địa phương. Nhà hàng có sân đỗ xe rộng, không gian thoáng mát, décor bắt mắt và ấm cúng, phù hợp cho bữa liên hoan gia đình."
Chiềng Cơi,Sơn La,quán ăn ở Chiềng Cơi Sơn La,nbc-6-news,,https://www.nbcmiami.com/video/nbc-6-news/video-appears-to-show-blogger-perez-hilton-livestreaming-self-harm-on-tiktok/3842193/,Video appears to show blogger Perez Hilton livestreaming self ...TikTok's biggest trends right now (2026) | Clipchamp Blog,"Video appears to show blogger Perez Hilton livestreaming self-harm on TikTok Deputies responded to a home in Miami-Dade on Tuesday night after receiving multiple calls about a person livestreaming ... Sep 9, 2026 · Keep track of the hottest new TikTok trends like dance challenges and trending audios that are taking over the For You Page and learn how to create TikTok videos with Clipchamp. Are AI-generated babies doing dance choreography on TikTok? AI videos are starting to dominate video content, so it’s fitting that one of the biggest January TikTok trends is AI-generated babies doing dance choreography that would make adult dancers jealous. These videos show cute toddler faces nailing complex dance routines with unsettling precision. How do I use Clipchamp on TikTok? Easily create content and post videos to the world’s fastest-growing social platform with Clipchamp. Edit with professional features, add a trending sound to match the moment, then use the TikTok integration to upload straight from the desktop. Start editing today with Clipchamp video editor or download the Microsoft Clipchamp Windows app. What is TikTok scraping? TikTok scraping enables users to collect public TikTok data, including comments, hashtags, and other video details, to analyze trends and audience behavior. You can use these insights to track hashtag performance, measure influencer engagement, and identify viral content for marketing strategy. Does TikTok block scraping via robots.txt? What is the inverted camera trend on TikTok? In April, 2022, the inverted camera trend went viral on TikTok for showing creators how symmetrical or asymmetrical their faces were. This trend either boosted your self-esteem or really hurt your confidence. Watch the inverted camera video trend here."
Chiềng Cơi,Sơn La,quán ăn ở Chiềng Cơi Sơn La,7521672083491835144,tani_land,https://www.tiktok.com/@tani_land/video/7521672083491835144,"Chào mừng anh Em đến Phường Chiềng Cơi Tỉnh Sơn La #sonla ...Hongg Điepp 017 chiềng cơi#sonla #xuhuong | TikTokChiềng Cọ Phường Chiềng Cơi :)) | TikTokT.Bao 219 chiềng cơi#sonla #xuhuong | TikTokVịt Bản Chiềng Mai ở Sơn La – Quán Vịt Trường Mai ngon nhất ...Hoàng 212 Sơn La Phường Ch Cơi - Video ngắn xu hướng | TikTokCà phê Chiềng Sinh Sơn La - Quán mang đi, khách là được | TikTok","Jun 30, 2025 · 1772 Lượt thích,149 Bình luận.Video TikTok từ Tuấn Tani | Nhà đất Sơn La (@tani_land): ""Chào mừng anh Em đến Phường Chiềng Cơi Tỉnh Sơn La #sonla"".Chiềng Cơi Sơn Lanhạc nền - TUẤN TANI - Tuấn Tani | Nhà đất Sơn La. 40 Lượt thích,Video TikTok từ No1 Sơn La open (@no1.sn.la.open): ""Hongg Điepp 017 chiềng cơi#sonla #xuhuong"".âm thanh gốc - No1 Sơn La open. Jul 6, 2025 · 1428 Lượt thích,99 Bình luận.Video TikTok từ Quốc Tuấn | Nhà đất Sơn La (@quoctuan_nhadatsonla): ""Chiềng Cọ Phường Chiềng Cơi :))"".Chiềng Cọ Phường Chiềng Cơinhạc nền - TUẤN TANI - Quốc Tuấn | Nhà đất Sơn La. 50 Lượt thích,Video TikTok từ No1 Sơn La open (@no1.sn.la.open): ""T.Bao 219 chiềng cơi#sonla #xuhuong"".âm thanh gốc - No1 Sơn La open. Vịt Bản Trường Mai (Vịt Bản Chiềng Mai) ở Sơn La là quán chuyên các món vịt đa dạng, nổi tiếng với thực khách địa phương. Nhà hàng có sân đỗ xe rộng, không gian thoáng mát, décor bắt mắt và ấm cúng, phù hợp cho bữa liên hoan gia đình. - Địa điểm: Sơn La, Phường Ch Cơi. - Thể loại: clip ngắn xu hướng (hashtag #xuhuongggg). Tiêu đề và mô tả giúp nhận diện nhanh nhân vật và vị trí. - Sử dụng hashtag #xuhuongggg khi đăng lại hoặc tìm các clip tương tự. Kết thúc Cà phê Chiềng Sinh là lựa chọn thiết thực cho ai muốn cà phê mang đi ở Sơn La: phong cách mộc mạc, khách quen ổn định. Bạn đã thử cà phê Chiềng Sinh chưa? Mô tả trải nghiệm ngắn sẽ giúp người khác quyết định thử."
Chiềng Cơi,Sơn La,quán ăn ở Chiềng Cơi Sơn La,7671591890814356743,no1.sn.la.open,https://www.tiktok.com/@no1.sn.la.open/video/7671591890814356743,Hongg Điepp 017 chiềng cơi#sonla #xuhuong | TikTok,"40 Lượt thích,Video TikTok từ No1 Sơn La open (@no1.sn.la.open): ""Hongg Điepp 017 chiềng cơi#sonla #xuhuong"".âm thanh gốc - No1 Sơn La open."
Chiềng Cơi,Sơn La,quán ăn ở Chiềng Cơi Sơn La,7523939443762334984,quoctuan_nhadatsonla,https://www.tiktok.com/@quoctuan_nhadatsonla/video/7523939443762334984,Chiềng Cọ Phường Chiềng Cơi :)) | TikTok,"Jul 6, 2025 · 1428 Lượt thích,99 Bình luận.Video TikTok từ Quốc Tuấn | Nhà đất Sơn La (@quoctuan_nhadatsonla): ""Chiềng Cọ Phường Chiềng Cơi :))"".Chiềng Cọ Phường Chiềng Cơinhạc nền - TUẤN TANI - Quốc Tuấn | Nhà đất Sơn La."
Chiềng Cơi,Sơn La,quán ăn ở Chiềng Cơi Sơn La,7671910113376046344,no1.sn.la.open,https://www.tiktok.com/@no1.sn.la.open/video/7671910113376046344,T.Bao 219 chiềng cơi#sonla #xuhuong | TikTok,"50 Lượt thích,Video TikTok từ No1 Sơn La open (@no1.sn.la.open): ""T.Bao 219 chiềng cơi#sonla #xuhuong"".âm thanh gốc - No1 Sơn La open."
Chiềng Cơi,Sơn La,quán ăn ở Chiềng Cơi Sơn La,7644416136385269000,nosonla15993,https://www.tiktok.com/@nosonla15993/video/7644416136385269000,Vịt Bản Chiềng Mai ở Sơn La – Quán Vịt Trường Mai ngon nhất ...,"Vịt Bản Trường Mai (Vịt Bản Chiềng Mai) ở Sơn La là quán chuyên các món vịt đa dạng, nổi tiếng với thực khách địa phương. Nhà hàng có sân đỗ xe rộng, không gian thoáng mát, décor bắt mắt và ấm cúng, phù hợp cho bữa liên hoan gia đình."
Chiềng Cơi,Sơn La,quán ăn ở Chiềng Cơi Sơn La,7665260111421607186,ontopsonla01,https://www.tiktok.com/@ontopsonla01/video/7665260111421607186,Hoàng 212 Sơn La Phường Ch Cơi - Video ngắn xu hướng | TikTok,"- Địa điểm: Sơn La, Phường Ch Cơi. - Thể loại: clip ngắn xu hướng (hashtag #xuhuongggg). Tiêu đề và mô tả giúp nhận diện nhanh nhân vật và vị trí. - Sử dụng hashtag #xuhuongggg khi đăng lại hoặc tìm các clip tương tự."
Chiềng Cơi,Sơn La,quán ăn ở Chiềng Cơi Sơn La,7648505614309559572,quangthiquy03,https://www.tiktok.com/@quangthiquy03/video/7648505614309559572,"Cà phê Chiềng Sinh Sơn La - Quán mang đi, khách là được | TikTok","Kết thúc Cà phê Chiềng Sinh là lựa chọn thiết thực cho ai muốn cà phê mang đi ở Sơn La: phong cách mộc mạc, khách quen ổn định. Bạn đã thử cà phê Chiềng Sinh chưa? Mô tả trải nghiệm ngắn sẽ giúp người khác quyết định thử."
Chiềng Sinh,Sơn La,quán ăn ở Chiềng Sinh Sơn La,7648505614309559572,quangthiquy03,https://www.tiktok.com/@quangthiquy03/video/7648505614309559572,"Cà phê Chiềng Sinh Sơn La - Quán mang đi, khách là được | TikTok","Kết thúc Cà phê Chiềng Sinh là lựa chọn thiết thực cho ai muốn cà phê mang đi ở Sơn La: phong cách mộc mạc, khách quen ổn định. Bạn đã thử cà phê Chiềng Sinh chưa? Mô tả trải nghiệm ngắn sẽ giúp người khác quyết định thử."
Chiềng Sinh,Sơn La,quán ăn ở Chiềng Sinh Sơn La,7662415869590474002,trieuvi2408,https://www.tiktok.com/@trieuvi2408/video/7662415869590474002,"Bơ già dừa non Chiềng Sinh – Bơ dừa ngon, béo ngậy chỉ 35k ...","Kết thúc Bơ già dừa non ở Chiềng Sinh là lựa chọn ngon, béo ngậy và hợp túi tiền khi đang mùa bơ. Nếu ở Sơn La, thử vài ly để cảm nhận bơ to, thịt sánh mịn kết hợp với nước cốt dừa — một trải nghiệm ẩm thực địa phương đáng thử."
Chiềng Sinh,Sơn La,quán ăn ở Chiềng Sinh Sơn La,7669234922111896853,sonla.onetop,https://www.tiktok.com/@sonla.onetop/video/7669234922111896853,Minh quân 013 chiềng sinh #sonla | TikTok,"Video TikTok từ Ae Sơn La one top👽 (@sonla.onetop): ""Minh quân 013 chiềng sinh #sonla"".âm thanh gốc - Ae Sơn La one top👽."
Chiềng Sinh,Sơn La,quán ăn ở Chiềng Sinh Sơn La,7674538804354600199,trieuvi2408,https://www.tiktok.com/@trieuvi2408/video/7674538804354600199,Tào phớ phiên bản ship tận vườn Sơn La | Lá chiềng sinh thơm ...,"69 Lượt thích,22 Bình luận.Video TikTok từ WeeViii (@trieuvi2408): ""Khám phá tào phớ ship tận vườn, dùng lá chiềng sinh đặc sản Sơn La — hương vị truyền thống, mát lạnh, giao tận nơi. #tàophớ #lá #sơnla #chiềngsinh""."
Chiềng Sinh,Sơn La,quán ăn ở Chiềng Sinh Sơn La,7676900133698587925,vaanbong,https://www.tiktok.com/@vaanbong/video/7676900133698587925,[Tập 77]: Sinh nhật Food Review tự nhiên nổi ở Mộc Chiềng ...,"200 Lượt thích,29 Bình luận.Video TikTok từ Người Việt Trì Quê Hà Nội (@vaanbong): "" [Tập 77]: Sinh nhật Food Review tự nhiên nổi ở Mộc Chiềng Quán 🌱🎂 #nguoiviettriquehanoi #review #mocchiengquan #amthuctaybac #viettri @edit dở thì chăm lên @Bon ơi là Bon"".âm thanh gốc - Người Việt Trì ..."
Chiềng Sinh,Sơn La,quán ăn ở Chiềng Sinh Sơn La,7644416136385269000,nosonla15993,https://www.tiktok.com/@nosonla15993/video/7644416136385269000,Vịt Bản Chiềng Mai ở Sơn La – Quán Vịt Trường Mai ngon nhất ...,"Vịt Bản Trường Mai (Vịt Bản Chiềng Mai) ở Sơn La là quán chuyên các món vịt đa dạng, nổi tiếng với thực khách địa phương. Nhà hàng có sân đỗ xe rộng, không gian thoáng mát, décor bắt mắt và ấm cúng, phù hợp cho bữa liên hoan gia đình."
Mộc Sơn,Sơn La,quán ăn ở Mộc Sơn Sơn La,7490494608456092983,lyphan160299,https://www.tiktok.com/@lyphan160299/video/7490494608456092983,Chương trình ăn uống tại Mộc Quán ở Sóc Sơn | TikTokĂn gì ở Sóc Sơn: Review đồ ăn vặt & quán ngon Sóc Sơn | TikTokTrải nghiệm ẩm thực tại Mộc Sơn Quán | TikTokMộc Kafe: Quán Cafe Tinh Tế Ở Sóc Sơn | TikTokKhám Phá Mộc Quán: Quán Lẩu Ngon Được Yêu Thích | TikTokĐánh giá Bò Tơ Quán Mộc: Trải nghiệm ẩm thực | TikTokMộc Sơn Trang (@moc_son_trang) | TikTok,"Chương trình ăn uống tại Mộc Quán ở Sóc Sơn Khám phá Mộc Quán và những món ăn hấp dẫn tại Sóc Sơn. Ghi lại những khoảnh khắc đáng nhớ với bạn bè! #MộcQuán #SócSơn - Khu đô thị Sóc Sơn: có quán ăn vặt, quán trà sữa và cửa hàng tiện lợi. - Các địa chỉ nổi bật từ tìm kiếm: Bánh mì 112, tiệm bánh mì cô Phượng, Guu Chicken, Tana siêu thị ăn vặt, các quán bánh tráng ở Núi Đôi. May 27, 2025 · Đồ ăn không chỉ ngon mà còn tinh tế trong từng hương vị. Điều khiến khách ấn tượng sâu sắc nhất chính là sự sạch sẽ và chăm chút: từ bát hủ tiếu, đôi đũa, chiếc thìa, mặt bàn, cho đến thái độ đón tiếp của nhân viên – tất cả tạo nên một Mộc Sơn rất riêng ... 556 Lượt thích,39 Bình luận.Video TikTok từ duavodikhapvietnam (@duavodikhapvietnam): ""Khám phá Mộc Kafe, quán cafe view đẹp và sang chảnh tại Sóc Sơn. Nơi lý tưởng để thư giãn và tận hưởng không gian. #phuototo #moccafe #dulichhanoi"". Oct 28, 2025 · Tại sao Mộc Quán luôn hết bàn? Khám phá quán lẩu ngon và không gian thư giãn tại đây. #MocQuan #NhauChill #QuanNhauGioiTre Đây là bản tóm tắt nội dung do AI tạo và không nhằm mục đích cung cấp ngữ cảnh thực tế. Không rõ có phải do đoàn mình đi đông nên các món ăn được chuẩn bị trước và không được nóng hổi trừ món Bò Hoả Diệm Sơn làm nóng tại bàn mình ưng nhất vì bò siêu mềm và ngon. Mình đánh giá đây là món ngon nhất trong set thượng hạng của quán. Bạn có thể tìm ở 👇.Xem video phổ biến của Mộc Sơn Trang: ""Đến 90% các bác bảo ..."", ""#Hắc_kỳ_tử pha bằng ..."". Hãy tham gia cùng 21.1K follower trên TikTok để xem nhiều nội dung mocsontrang, đương_quy, mâm_xôi_gai hơn"
Mộc Sơn,Sơn La,quán ăn ở Mộc Sơn Sơn La,7667815195045121300,socsontattantat,https://www.tiktok.com/@socsontattantat/video/7667815195045121300,Ăn gì ở Sóc Sơn: Review đồ ăn vặt & quán ngon Sóc Sơn | TikTok,"- Khu đô thị Sóc Sơn: có quán ăn vặt, quán trà sữa và cửa hàng tiện lợi. - Các địa chỉ nổi bật từ tìm kiếm: Bánh mì 112, tiệm bánh mì cô Phượng, Guu Chicken, Tana siêu thị ăn vặt, các quán bánh tráng ở Núi Đôi."
Mộc Sơn,Sơn La,quán ăn ở Mộc Sơn Sơn La,7509117348058500360,mocsonquan936,https://www.tiktok.com/@mocsonquan936/video/7509117348058500360,Trải nghiệm ẩm thực tại Mộc Sơn Quán | TikTokMộc Kafe: Quán Cafe Tinh Tế Ở Sóc Sơn | TikTokKhám Phá Mộc Quán: Quán Lẩu Ngon Được Yêu Thích | TikTokĐánh giá Bò Tơ Quán Mộc: Trải nghiệm ẩm thực | TikTokMộc Sơn Trang (@moc_son_trang) | TikTok,"May 27, 2025 · Đồ ăn không chỉ ngon mà còn tinh tế trong từng hương vị. Điều khiến khách ấn tượng sâu sắc nhất chính là sự sạch sẽ và chăm chút: từ bát hủ tiếu, đôi đũa, chiếc thìa, mặt bàn, cho đến thái độ đón tiếp của nhân viên – tất cả tạo nên một Mộc Sơn rất riêng ... 556 Lượt thích,39 Bình luận.Video TikTok từ duavodikhapvietnam (@duavodikhapvietnam): ""Khám phá Mộc Kafe, quán cafe view đẹp và sang chảnh tại Sóc Sơn. Nơi lý tưởng để thư giãn và tận hưởng không gian. #phuototo #moccafe #dulichhanoi"". Oct 28, 2025 · Tại sao Mộc Quán luôn hết bàn? Khám phá quán lẩu ngon và không gian thư giãn tại đây. #MocQuan #NhauChill #QuanNhauGioiTre Đây là bản tóm tắt nội dung do AI tạo và không nhằm mục đích cung cấp ngữ cảnh thực tế. Không rõ có phải do đoàn mình đi đông nên các món ăn được chuẩn bị trước và không được nóng hổi trừ món Bò Hoả Diệm Sơn làm nóng tại bàn mình ưng nhất vì bò siêu mềm và ngon. Mình đánh giá đây là món ngon nhất trong set thượng hạng của quán. Bạn có thể tìm ở 👇.Xem video phổ biến của Mộc Sơn Trang: ""Đến 90% các bác bảo ..."", ""#Hắc_kỳ_tử pha bằng ..."". Hãy tham gia cùng 21.1K follower trên TikTok để xem nhiều nội dung mocsontrang, đương_quy, mâm_xôi_gai hơn"
Mộc Sơn,Sơn La,quán ăn ở Mộc Sơn Sơn La,7505440279709617426,duavodikhapvietnam,https://www.tiktok.com/@duavodikhapvietnam/video/7505440279709617426,Mộc Kafe: Quán Cafe Tinh Tế Ở Sóc Sơn | TikTok,"556 Lượt thích,39 Bình luận.Video TikTok từ duavodikhapvietnam (@duavodikhapvietnam): ""Khám phá Mộc Kafe, quán cafe view đẹp và sang chảnh tại Sóc Sơn. Nơi lý tưởng để thư giãn và tận hưởng không gian. #phuototo #moccafe #dulichhanoi""."
Mộc Sơn,Sơn La,quán ăn ở Mộc Sơn Sơn La,7566196777423080712,mocquandonganh,https://www.tiktok.com/@mocquandonganh/video/7566196777423080712,Khám Phá Mộc Quán: Quán Lẩu Ngon Được Yêu Thích | TikTokĐánh giá Bò Tơ Quán Mộc: Trải nghiệm ẩm thực | TikTokMộc Sơn Trang (@moc_son_trang) | TikTok,"Oct 28, 2025 · Tại sao Mộc Quán luôn hết bàn? Khám phá quán lẩu ngon và không gian thư giãn tại đây. #MocQuan #NhauChill #QuanNhauGioiTre Đây là bản tóm tắt nội dung do AI tạo và không nhằm mục đích cung cấp ngữ cảnh thực tế. Không rõ có phải do đoàn mình đi đông nên các món ăn được chuẩn bị trước và không được nóng hổi trừ món Bò Hoả Diệm Sơn làm nóng tại bàn mình ưng nhất vì bò siêu mềm và ngon. Mình đánh giá đây là món ngon nhất trong set thượng hạng của quán. Bạn có thể tìm ở 👇.Xem video phổ biến của Mộc Sơn Trang: ""Đến 90% các bác bảo ..."", ""#Hắc_kỳ_tử pha bằng ..."". Hãy tham gia cùng 21.1K follower trên TikTok để xem nhiều nội dung mocsontrang, đương_quy, mâm_xôi_gai hơn"
Mộc Sơn,Sơn La,quán ăn ở Mộc Sơn Sơn La,7497590939666369799,titioiangibaygionhi,https://www.tiktok.com/@titioiangibaygionhi/video/7497590939666369799,Đánh giá Bò Tơ Quán Mộc: Trải nghiệm ẩm thực | TikTok,Không rõ có phải do đoàn mình đi đông nên các món ăn được chuẩn bị trước và không được nóng hổi trừ món Bò Hoả Diệm Sơn làm nóng tại bàn mình ưng nhất vì bò siêu mềm và ngon. Mình đánh giá đây là món ngon nhất trong set thượng hạng của quán.
Mộc Châu,Sơn La,quán ăn ở Mộc Châu Sơn La,7675323769199594760,hm.nng.mc.chu2,https://www.tiktok.com/@hm.nng.mc.chu2/video/7675323769199594760,"Lên Mộc Châu ăn nướng: quán nướng, lẩu sườn Bờ Nguyệt, review ...","Lên Mộc Châu ăn nướng đi cô chú ơiiii — mát lắm ạ Mộc Châu nổi tiếng không chỉ bởi cảnh đẹp mà còn bởi ẩm thực thân thiện, nhiều quán nướng và lẩu ngon để thưởng thức khi trời mát. Nội dung này tập trung vào trải nghiệm ăn nướng, tham khảo quán lẩu sườn Bờ Nguyệt và những gợi ý thực tế cho ..."
Mộc Châu,Sơn La,quán ăn ở Mộc Châu Sơn La,7676133362188258578,truongdulich,https://www.tiktok.com/@truongdulich/video/7676133362188258578,Các quán ăn Mộc Châu đáng thử cho dịp lễ | TikTok,"Lên thêm cho mọi người danh sách các quán ăn ở Mộc Châu để tham khảo khi đi dịp lễ. Bài viết tập trung vào các lựa chọn ăn uống phù hợp cho khách du lịch: những quán có đặc sản địa phương, quán gần trung tâm thuận tiện, và gợi ý trải nghiệm ẩm thực đáng nhớ."
Mộc Châu,Sơn La,quán ăn ở Mộc Châu Sơn La,7678218969534221589,tusadaymocchau,https://www.tiktok.com/@tusadaymocchau/video/7678218969534221589,Quán Nướng Ngon Mộc Châu: Bê Cỏ & Rau Sạch Tại Vườn | TikTok,"48 Lượt thích,Video TikTok từ Lẩu Nướng Tây Bắc Mộc Châu (@tusadaymocchau): ""Khám phá quán nướng Mộc Châu với món bê cỏ đặc biệt và rau sạch hái tại vườn. Đừng bỏ lỡ trải nghiệm ẩm thực độc đáo này! #bbq #mocchau""."
Thảo Nguyên,Sơn La,quán ăn ở Thảo Nguyên Sơn La,7483772823865986312,tranliendoanh_99,https://www.tiktok.com/@tranliendoanh_99/video/7483772823865986312,Quán nướng Bản Đôn: Đặc sản Tây Nguyên tại Đà Lạt | TikTokQuán ăn đồng bào Tây Nguyên ở Đà Lạt #thaodimuonnoi #dalat # ...TikTok One Creative SuiteGà Nướng Cơm Lam Tại Thảo Nguyên Quán 2 Đà Lạt | TikTokQuán cơm Thảo Nguyên | TikTok PlacesGà nướng Thảo Nguyên nghe danh đã lâu giờ mới được ăn # ...Khám Phá Quán Gà Đốt Thảo Nguyên Tại Tri Tôn | TikTok,"Điều này chắc chắn sẽ khiến bạn thích thú khi ghé thăm cùng gia đình. Một điểm cộng khác là bạn có thể tự order các món như bò chỉ một nắng xào măng chân gà sốt cay, tất cả những món ăn tại quán đều ngon và nổi bật hương vị đặc trưng của vùng cao nguyên. Video TikTok từ Thảo đi muôn nơi (@thaodimuonnoi): ""Quán ăn đồng bào Tây Nguyên ở Đà Lạt #thaodimuonnoi #dalat #dalatreview"".âm thanh gốc - Thảo đi muôn nơi . Hashtag Discover new trends on TikTok through hashtags Creator Coming soon Connect with the hottest creators on TikTok Video Find inspiration through trending TikTok videos Sep 1, 2025 · 38 Lượt thích,Video TikTok từ Nhân La Cà (@dalatstreet): ""Khám phá Gà Nướng Cơm Lam ngon miệng tại Thảo Nguyên Quán 2 Đà Lạt. Trải nghiệm ẩm thực độc đáo, hấp dẫn! #dalat #thaonguyenquan"". 6 videos. Explore Quán cơm Thảo Nguyên on TikTok 31 Likes, TikTok video from DUYÊN NGÔ (@eatwithdien): “Gà nướng Thảo Nguyên nghe danh đã lâu giờ mới được ăn #thaonguyen #dalatreview #dalattrip #foodreview #diadiemanuong #dalat #tiktokfood”. Nov 16, 2025 · Trải nghiệm ẩm thực tại quán Gà Đốt Thảo Nguyên ở Tri Tôn. Tìm hiểu vị ngon và địa điểm hấp dẫn! #gadot #triton #angiang #angiangbietgirewviewnay Đây là bản tóm tắt nội dung do AI tạo và không nhằm mục đích cung cấp ngữ cảnh thực tế."
Thảo Nguyên,Sơn La,quán ăn ở Thảo Nguyên Sơn La,7690925293674171668,thaodimuonnoi,https://www.tiktok.com/@thaodimuonnoi/video/7690925293674171668,Quán ăn đồng bào Tây Nguyên ở Đà Lạt #thaodimuonnoi #dalat # ...,"Video TikTok từ Thảo đi muôn nơi (@thaodimuonnoi): ""Quán ăn đồng bào Tây Nguyên ở Đà Lạt #thaodimuonnoi #dalat #dalatreview"".âm thanh gốc - Thảo đi muôn nơi ."
Thảo Nguyên,Sơn La,quán ăn ở Thảo Nguyên Sơn La,7545012805745872135,dalatstreet,https://www.tiktok.com/@dalatstreet/video/7545012805745872135,Gà Nướng Cơm Lam Tại Thảo Nguyên Quán 2 Đà Lạt | TikTok,"Sep 1, 2025 · 38 Lượt thích,Video TikTok từ Nhân La Cà (@dalatstreet): ""Khám phá Gà Nướng Cơm Lam ngon miệng tại Thảo Nguyên Quán 2 Đà Lạt. Trải nghiệm ẩm thực độc đáo, hấp dẫn! #dalat #thaonguyenquan""."
Thảo Nguyên,Sơn La,quán ăn ở Thảo Nguyên Sơn La,7415616523412294929,eatwithdien,https://www.tiktok.com/@eatwithdien/video/7415616523412294929,Gà nướng Thảo Nguyên nghe danh đã lâu giờ mới được ăn # ...,"31 Likes, TikTok video from DUYÊN NGÔ (@eatwithdien): “Gà nướng Thảo Nguyên nghe danh đã lâu giờ mới được ăn #thaonguyen #dalatreview #dalattrip #foodreview #diadiemanuong #dalat #tiktokfood”."
Thảo Nguyên,Sơn La,quán ăn ở Thảo Nguyên Sơn La,7573168965120216338,angiangbietgireviewnay,https://www.tiktok.com/@angiangbietgireviewnay/video/7573168965120216338,Khám Phá Quán Gà Đốt Thảo Nguyên Tại Tri Tôn | TikTok,"Nov 16, 2025 · Trải nghiệm ẩm thực tại quán Gà Đốt Thảo Nguyên ở Tri Tôn. Tìm hiểu vị ngon và địa điểm hấp dẫn! #gadot #triton #angiang #angiangbietgirewviewnay Đây là bản tóm tắt nội dung do AI tạo và không nhằm mục đích cung cấp ngữ cảnh thực tế."
Vân Sơn,Sơn La,quán ăn ở Vân Sơn Sơn La,7646654341897522452,rungthongnuivoi,https://www.tiktok.com/@rungthongnuivoi/video/7646654341897522452,Vân Sơn Quán: Nhà hàng cao nhất Rừng Thông Núi Voi Đà Lạt ...,"Vân Sơn Quán — nhà hàng nằm ở vị trí cao nhất trong Rừng Thông Núi Voi, Đà Lạt. Điểm nổi bật là tầm nhìn bao quát rừng thông, không gian chill và cảm giác “healing” phù hợp cho du khách tìm nơi thư giãn."
Vân Sơn,Sơn La,quán ăn ở Vân Sơn Sơn La,7191156556455513371,tdino88888,https://www.tiktok.com/@tdino88888/video/7191156556455513371,Review Nhà Hàng Buffet Vân Sơn Đỉnh Núi Bà Đen | TikTokXóm đầu tiên làm du lịch cộng đồng ở Vân Sơn là xóm nào? | TikTokVân Sơn (@vansonshow) | TikTok($Chak 397)$ (@chak397jb)’s videos with original sound ...Cầm 50k ăn chân gà sốt Thái ở Lạng Sơn – ăn ngon rẻ | TikTokReview chi tiết buffet Vân Sơn trên đỉnh Núi Bà Đen Tây Ninh ...,"1686 Likes, 87 Comments. TikTok video from Ẩm Thực - Rì Viu Tây Ninh (@tdino88888): “Trải nghiệm buffet tại quán Vân Sơn với hơn 80 món ăn độc lạ và chất lượng. Hãy đến thử! #buffetnuibaden #buffetvanson”. Kết thúc và kêu gọi hành động Khám phá xóm làm du lịch cộng đồng đầu tiên ở Vân Sơn giúp hiểu rõ hơn về du lịch cộng đồng vùng miền. Nếu quan tâm, theo dõi Sơn Bắc Thung để nhận thêm thông tin, lịch trình và những điểm đến như Baì Pang, Thác Thung và xóm Chiến. Vân Sơn (@vansonshow) trên TikTok |. 525.8K Lượt thích.. 85.5K Follower.. Nghệ sĩ Vân Sơn – Official Account. Nghệ sĩ hài và ca sĩ biểu diễn nhạc chế Chồng bà là ông Hồ Xuân Chiến, cũng là một người Pa kô. Ông nguyên là một sĩ quan quân đội thuộc Binh đoàn Trường Sơn. Hai ông bà chính thức cưới nhau năm 1964 khi ông còn đang ở Lào. Nhiều clip và phản hồi ghi nhận món có giá rẻ, hợp túi tiền khi đi chơi ở thành phố Lạng Sơn. Thứ hai: Hương vị và cách chế biến Chân gà sốt Thái ở đây hướng tới vị chua cay đặc trưng: sốt Thái hòa quyện với tỏi, ớt và gia vị, chân gà được xử lý sạch, có ... 376 Lượt thích,Video TikTok từ NHÂN ĐI ĂN 😙 (@nhandian): ""Review chi tiết buffet Vân Sơn trên đỉnh Núi Bà Đen Tây Ninh, ăn liệu có đáng tiền? #nhandian #tayninh #nuibaden #ancungtiktok #fyp"".nhạc nền - NHÂN ĐI ĂN 😙."
Vân Sơn,Sơn La,quán ăn ở Vân Sơn Sơn La,7679676641848626452,sonobacthung,https://www.tiktok.com/@sonobacthung/video/7679676641848626452,Xóm đầu tiên làm du lịch cộng đồng ở Vân Sơn là xóm nào? | TikTok,"Kết thúc và kêu gọi hành động Khám phá xóm làm du lịch cộng đồng đầu tiên ở Vân Sơn giúp hiểu rõ hơn về du lịch cộng đồng vùng miền. Nếu quan tâm, theo dõi Sơn Bắc Thung để nhận thêm thông tin, lịch trình và những điểm đến như Baì Pang, Thác Thung và xóm Chiến."
Vân Sơn,Sơn La,quán ăn ở Vân Sơn Sơn La,7650471838539091220,hangocson88,https://www.tiktok.com/@hangocson88/video/7650471838539091220,Cầm 50k ăn chân gà sốt Thái ở Lạng Sơn – ăn ngon rẻ | TikTokReview chi tiết buffet Vân Sơn trên đỉnh Núi Bà Đen Tây Ninh ...,"Nhiều clip và phản hồi ghi nhận món có giá rẻ, hợp túi tiền khi đi chơi ở thành phố Lạng Sơn. Thứ hai: Hương vị và cách chế biến Chân gà sốt Thái ở đây hướng tới vị chua cay đặc trưng: sốt Thái hòa quyện với tỏi, ớt và gia vị, chân gà được xử lý sạch, có ... 376 Lượt thích,Video TikTok từ NHÂN ĐI ĂN 😙 (@nhandian): ""Review chi tiết buffet Vân Sơn trên đỉnh Núi Bà Đen Tây Ninh, ăn liệu có đáng tiền? #nhandian #tayninh #nuibaden #ancungtiktok #fyp"".nhạc nền - NHÂN ĐI ĂN 😙."
Vân Sơn,Sơn La,quán ăn ở Vân Sơn Sơn La,7591039482359565588,nhandian,https://www.tiktok.com/@nhandian/video/7591039482359565588,Review chi tiết buffet Vân Sơn trên đỉnh Núi Bà Đen Tây Ninh ...,"376 Lượt thích,Video TikTok từ NHÂN ĐI ĂN 😙 (@nhandian): ""Review chi tiết buffet Vân Sơn trên đỉnh Núi Bà Đen Tây Ninh, ăn liệu có đáng tiền? #nhandian #tayninh #nuibaden #ancungtiktok #fyp"".nhạc nền - NHÂN ĐI ĂN 😙."
Vân Sơn,Sơn La,quán ăn ở Vân Sơn Sơn La,7671068750254460167,chak397jb,https://www.tiktok.com/@chak397jb/video/7671068750254460167,($Chak 397)$ (@chak397jb)’s videos with original sound ...,"Chồng bà là ông Hồ Xuân Chiến, cũng là một người Pa kô. Ông nguyên là một sĩ quan quân đội thuộc Binh đoàn Trường Sơn. Hai ông bà chính thức cưới nhau năm 1964 khi ông còn đang ở Lào."
Lào Cai,Lào Cai,quán ăn ở Lào Cai Lào Cai,7665581392931147015,checkinlaocai1,https://www.tiktok.com/@checkinlaocai1/video/7665581392931147015,Quán ăn ở Lào Cai ngon nhức nách: review nhanh | TikTok,"Bạn đã biết đến quán này ở Lào Cai chưa? Video/nhận xét ngắn gọn mô tả quán ăn “ngon nhức nách” — nghĩa là đồ ăn rất ngon, đáng thử ngay khi đến Lào Cai. Nội dung chính tập trung vào trải nghiệm ẩm thực: hương vị đậm đà, phần ăn vừa miệng và mức giá hợp lý."
Lào Cai,Lào Cai,quán ăn ở Lào Cai Lào Cai,7662005747559025927,just_nki__,https://www.tiktok.com/@just_nki__/video/7662005747559025927,100 quán ăn ngon ở Lào Cai — danh sách quán nên thử | TikTokQuán nhậu ngon ở Lào Cai mùa hè: gợi ý tụ tập cho hội bạn ...Khám Phá Vibe Quán Ăn Ngon Tại Lào Cai | TikTokTrend ăn mới ở Lào Cai: Ansap Lào Cai review ăn ngon | TikTokĐồ ăn không giống trên mạng ở Lào Cai - review ăn ngon thực ...Ăn Sập Lào Cai (@ansaplaocai) | TikTok,"Nắm trong tay list 100 quán ngon tại Lào Cai — tóm tắt hữu ích Dành cho ai muốn khám phá ẩm thực Lào Cai, danh sách 100 quán ăn này tập trung vào quán địa phương, món đặc sản vùng núi và món ăn vặt được nhiều người tìm kiếm, bao gồm cả khoai tây trộn tê cay. Kết thúc Quán này là gợi ý hợp lý cho các đồng nhậu ở Lào Cai mùa hè: địa điểm tiện lợi, đồ ăn ngon và không gian phù hợp cho nhóm bạn. Bạn đã sẵn sàng tụ tập chưa? Nếu đã thử, chia sẻ trải nghiệm để mọi người tham khảo nhé. Nov 13, 2025 · 947 Lượt thích,32 Bình luận.Video TikTok từ Thổ Địa Lào Cai (@thodialaocai): ""Khám phá không gian và món ăn tuyệt vời tại quán này ở Lào Cai. Trải nghiệm ẩm thực địa phương sống động! #ansaplaocai #reviewanngon"". 2234 Lượt thích,59 Bình luận.Video TikTok từ Gen Z Lào Cai (@genzlaocai): ""Khám phá trend ăn mới ở Lào Cai: Ansap Lào Cai - review quán và món ngon địa phương. Xem gợi ý ăn uống, địa điểm và trải nghiệm. #ansaplaocai #laocai #Learnontiktok #reviewanngon #ancungtiktok"". 407 Lượt thích,58 Bình luận.Video TikTok từ Trang làm quán ở Lào Cai (@tranglamquanolaocai): ""Thực tế đồ ăn ở Lào Cai khác hình trên mạng? Review chỗ ăn, hương vị và lời khuyên khi đặt theo ảnh. #ansaplaocai #laocai #learnontiktok #ancungtiktol #reviewanngon"". Ăn Sập Lào Cai (@ansaplaocai) trên TikTok |1M Lượt thích.46.6K Follower.Cùng mình lê la hàng quán nha.Xem video phổ biến của Ăn Sập Lào Cai: ""Phát hiện quán bán c..."", ""Brand thời trang nam...""."
Lào Cai,Lào Cai,quán ăn ở Lào Cai Lào Cai,7649262042313985288,checkinlaocaii,https://www.tiktok.com/@checkinlaocaii/video/7649262042313985288,Quán nhậu ngon ở Lào Cai mùa hè: gợi ý tụ tập cho hội bạn ...,"Kết thúc Quán này là gợi ý hợp lý cho các đồng nhậu ở Lào Cai mùa hè: địa điểm tiện lợi, đồ ăn ngon và không gian phù hợp cho nhóm bạn. Bạn đã sẵn sàng tụ tập chưa? Nếu đã thử, chia sẻ trải nghiệm để mọi người tham khảo nhé."
Lào Cai,Lào Cai,quán ăn ở Lào Cai Lào Cai,7572058030833929492,thodialaocai,https://www.tiktok.com/@thodialaocai/video/7572058030833929492,Khám Phá Vibe Quán Ăn Ngon Tại Lào Cai | TikTok,"Nov 13, 2025 · 947 Lượt thích,32 Bình luận.Video TikTok từ Thổ Địa Lào Cai (@thodialaocai): ""Khám phá không gian và món ăn tuyệt vời tại quán này ở Lào Cai. Trải nghiệm ẩm thực địa phương sống động! #ansaplaocai #reviewanngon""."
Lào Cai,Lào Cai,quán ăn ở Lào Cai Lào Cai,7632972870515297557,genzlaocai,https://www.tiktok.com/@genzlaocai/video/7632972870515297557,Trend ăn mới ở Lào Cai: Ansap Lào Cai review ăn ngon | TikTok,"2234 Lượt thích,59 Bình luận.Video TikTok từ Gen Z Lào Cai (@genzlaocai): ""Khám phá trend ăn mới ở Lào Cai: Ansap Lào Cai - review quán và món ngon địa phương. Xem gợi ý ăn uống, địa điểm và trải nghiệm. #ansaplaocai #laocai #Learnontiktok #reviewanngon #ancungtiktok""."
Lào Cai,Lào Cai,quán ăn ở Lào Cai Lào Cai,7657429636674080008,tranglamquanolaocai,https://www.tiktok.com/@tranglamquanolaocai/video/7657429636674080008,Đồ ăn không giống trên mạng ở Lào Cai - review ăn ngon thực ...,"407 Lượt thích,58 Bình luận.Video TikTok từ Trang làm quán ở Lào Cai (@tranglamquanolaocai): ""Thực tế đồ ăn ở Lào Cai khác hình trên mạng? Review chỗ ăn, hương vị và lời khuyên khi đặt theo ảnh. #ansaplaocai #laocai #learnontiktok #ancungtiktol #reviewanngon""."
Cam Đường,Lào Cai,quán ăn ở Cam Đường Lào Cai,7670735620150578450,pho_bo_em_hoan,https://www.tiktok.com/@pho_bo_em_hoan/video/7670735620150578450,Phở bát đá Lào Cai – Quán phở ngon ở 324 Võ Nguyên Giáp,"152 Lượt thích,48 Bình luận.Video TikTok từ Phở Bát Đá Em Hoan Lc (@pho_bo_em_hoan): ""Tìm phở bát đá, phở cuốn và phở xíu chấm tại 324 Võ Nguyên Giáp, Cam Đường, Lào Cai. Thông tin địa chỉ, đồ ăn mang về và gợi ý cho ai muốn kinh doanh phở. #phở #LàoCai #CamĐường""."
Cam Đường,Lào Cai,quán ăn ở Cam Đường Lào Cai,7422535790338788626,ansaplaocai,https://www.tiktok.com/@ansaplaocai/video/7422535790338788626,"Khám Phá Quán Chào Lòng Đại Rồ Cam Đường | TikTokĐịa chỉ quán 324 Võ Nguyên Giáp,Cam Đường Lào Cai ạ | TikTokQuán Nướng ngon ở Lào Cai (@quannuongngonolc) | TikTokQuán ăn ở Lào Cai nên thử: review và trải nghiệm | TikTok100 quán ăn ngon ở Lào Cai — danh sách quán nên thử | TikTokQuán ăn ở Lào Cai ngon nhức nách: review nhanh | TikTok","Oct 6, 2024 · 633 Lượt thích,48 Bình luận.Video TikTok từ Ăn Sập Lào Cai (@ansaplaocai): ""Khám phá hương vị món ăn đặc trưng tại Quán Chào Lòng Đại Rồ Cam Đường, nơi có nhiều món ngon độc đáo! #ansaplaocai #laocai #hellolaocai"". Video TikTok từ Phở Bát Đá Em Hoan Lc (@pho_bo_em_hoan): ""Địa chỉ quán 324 Võ Nguyên Giáp,Cam Đường Lào Cai ạ"".Phở em Hoan luôn đảm bảo thịt tươi mỗi ngày đảm bảo nước dùng ngon từ sá sùng rất mong được sự ủng hộ mọi người quanh đây ạ tô thường là 40-70 đặc biệt ... Quán Nướng ngon ở Lào Cai (@quannuongngonolc) trên TikTok |2426 Lượt thích.274 Follower.🍴Nhà hàng lẩu nướng Hàn Quốc LYMO BBQ & HOTPOT LÀO CAI 025-027 Trần Phú- phường Cam Đường- tỉnh Lào Cai ☎️ Hotline: 0868.116.166.Xem video mới nhất từ Quán Nướng ngon ở Lào Cai (@quannuongngonolc). - Tìm cụm từ: “quán ăn Lào Cai nên thử”, “review quán ăn Lào Cai”, “ăn ngon Lào Cai” để so sánh nhiều đánh giá. Kết thúc Nếu bạn đang tìm quán ăn ở Lào Cai để thử, nội dung kèm các thẻ trên hứa hẹn một review ngắn gọn về món ăn và trải nghiệm. Nắm trong tay list 100 quán ngon tại Lào Cai — tóm tắt hữu ích Dành cho ai muốn khám phá ẩm thực Lào Cai, danh sách 100 quán ăn này tập trung vào quán địa phương, món đặc sản vùng núi và món ăn vặt được nhiều người tìm kiếm, bao gồm cả khoai tây trộn tê cay. Bạn đã biết đến quán này ở Lào Cai chưa? Video/nhận xét ngắn gọn mô tả quán ăn “ngon nhức nách” — nghĩa là đồ ăn rất ngon, đáng thử ngay khi đến Lào Cai. Nội dung chính tập trung vào trải nghiệm ẩm thực: hương vị đậm đà, phần ăn vừa miệng và mức giá hợp lý."
Cam Đường,Lào Cai,quán ăn ở Cam Đường Lào Cai,7648112585153236242,pho_bo_em_hoan,https://www.tiktok.com/@pho_bo_em_hoan/video/7648112585153236242,"Địa chỉ quán 324 Võ Nguyên Giáp,Cam Đường Lào Cai ạ | TikTok","Video TikTok từ Phở Bát Đá Em Hoan Lc (@pho_bo_em_hoan): ""Địa chỉ quán 324 Võ Nguyên Giáp,Cam Đường Lào Cai ạ"".Phở em Hoan luôn đảm bảo thịt tươi mỗi ngày đảm bảo nước dùng ngon từ sá sùng rất mong được sự ủng hộ mọi người quanh đây ạ tô thường là 40-70 đặc biệt ..."
Cam Đường,Lào Cai,quán ăn ở Cam Đường Lào Cai,7643306851186068743,bocfoodlaocai1,https://www.tiktok.com/@bocfoodlaocai1/video/7643306851186068743,Quán ăn ở Lào Cai nên thử: review và trải nghiệm | TikTok,"- Tìm cụm từ: “quán ăn Lào Cai nên thử”, “review quán ăn Lào Cai”, “ăn ngon Lào Cai” để so sánh nhiều đánh giá. Kết thúc Nếu bạn đang tìm quán ăn ở Lào Cai để thử, nội dung kèm các thẻ trên hứa hẹn một review ngắn gọn về món ăn và trải nghiệm."
Cam Đường,Lào Cai,quán ăn ở Cam Đường Lào Cai,7662005747559025927,just_nki__,https://www.tiktok.com/@just_nki__/video/7662005747559025927,100 quán ăn ngon ở Lào Cai — danh sách quán nên thử | TikTokQuán ăn ở Lào Cai ngon nhức nách: review nhanh | TikTok,"Nắm trong tay list 100 quán ngon tại Lào Cai — tóm tắt hữu ích Dành cho ai muốn khám phá ẩm thực Lào Cai, danh sách 100 quán ăn này tập trung vào quán địa phương, món đặc sản vùng núi và món ăn vặt được nhiều người tìm kiếm, bao gồm cả khoai tây trộn tê cay. Bạn đã biết đến quán này ở Lào Cai chưa? Video/nhận xét ngắn gọn mô tả quán ăn “ngon nhức nách” — nghĩa là đồ ăn rất ngon, đáng thử ngay khi đến Lào Cai. Nội dung chính tập trung vào trải nghiệm ẩm thực: hương vị đậm đà, phần ăn vừa miệng và mức giá hợp lý."
Cam Đường,Lào Cai,quán ăn ở Cam Đường Lào Cai,7665581392931147015,checkinlaocai1,https://www.tiktok.com/@checkinlaocai1/video/7665581392931147015,Quán ăn ở Lào Cai ngon nhức nách: review nhanh | TikTok,"Bạn đã biết đến quán này ở Lào Cai chưa? Video/nhận xét ngắn gọn mô tả quán ăn “ngon nhức nách” — nghĩa là đồ ăn rất ngon, đáng thử ngay khi đến Lào Cai. Nội dung chính tập trung vào trải nghiệm ẩm thực: hương vị đậm đà, phần ăn vừa miệng và mức giá hợp lý."
Sa Pa,Lào Cai,quán ăn ở Sa Pa Lào Cai,7657408184893639956,ansaplaocai,https://www.tiktok.com/@ansaplaocai/video/7657408184893639956,Top quán cafe đẹp ở Sa Pa mùa này: hướng dẫn chọn & review ...,"Lead Muốn tìm quán cafe ở Sa Pa mùa này có view đẹp như một bức tranh? Dưới đây là danh sách gợi ý các quán cafe nên ghé, kèm nhận xét ngắn về view, không gian và điểm chụp hình nổi bật."
Sa Pa,Lào Cai,quán ăn ở Sa Pa Lào Cai,7388371409245883656,ansaplaocai,https://www.tiktok.com/@ansaplaocai/video/7388371409245883656,Review quán ăn sáng tại Sa Pa và Lào Cai | TikTok,"Jul 6, 2024 · Khám phá quán bún bò Huế ngon tại Sa Pa với hương vị đậm đà và chất lượng tốt. Cùng trải nghiệm ẩm thực địa phương tại Lào Cai. #ansaplaocai #laocai #hellolaocai #learnontiktok #ancungtiktok #reviewanngon #hellovietnam #sapa #hellosapa"
Sa Pa,Lào Cai,quán ăn ở Sa Pa Lào Cai,7662005747559025927,just_nki__,https://www.tiktok.com/@just_nki__/video/7662005747559025927,"100 quán ăn ngon ở Lào Cai — danh sách quán nên thử | TikTokBuffet 179k Nhà Chan ở Sa Pa Lào Cai — Có gì, đáng ăn không ...Review quán Cơm Nhà tuyệt vời ở Sa Pa dịp 2/9 | TikTokQuán ăn ở Lào Cai ngon nhức nách: review nhanh | TikTok","Kết Danh sách 100 quán ngon tại Lào Cai là công cụ hữu ích để lên kế hoạch ẩm thực: từ đặc sản Tây-Bắc đến món ăn vặt như khoai tây trộn tê cay. Hãy dùng danh sách để tìm quán phù hợp theo khẩu vị và vị trí, và chia sẻ trải nghiệm những quán bạn yêu thích. Giá hợp lý cho trải nghiệm du lịch ẩm thực; nếu tìm món Hàn chuẩn vị, cân nhắc nhà hàng chuyên môn. Bạn đã thử kim chi đỏ Lào Cai hoặc làm cơm trộn Hàn Quốc tại buffet chưa? Chia sẻ trải nghiệm để giúp người khác chọn chỗ ăn khi tới Sa Pa — Lào Cai. Aug 28, 2025 · Khám phá quán Cơm Nhà ở Sa Pa với món ăn ngon và không gian vintage, lý tưởng cho bữa ăn 2/9. #LearnOnTikTok #reviewanngon #laocai Bạn đã biết đến quán này ở Lào Cai chưa? Video/nhận xét ngắn gọn mô tả quán ăn “ngon nhức nách” — nghĩa là đồ ăn rất ngon, đáng thử ngay khi đến Lào Cai. Nội dung chính tập trung vào trải nghiệm ẩm thực: hương vị đậm đà, phần ăn vừa miệng và mức giá hợp lý."
Sa Pa,Lào Cai,quán ăn ở Sa Pa Lào Cai,7651608919164390676,tranglamquanolaocai,https://www.tiktok.com/@tranglamquanolaocai/video/7651608919164390676,"Buffet 179k Nhà Chan ở Sa Pa Lào Cai — Có gì, đáng ăn không ...","Giá hợp lý cho trải nghiệm du lịch ẩm thực; nếu tìm món Hàn chuẩn vị, cân nhắc nhà hàng chuyên môn. Bạn đã thử kim chi đỏ Lào Cai hoặc làm cơm trộn Hàn Quốc tại buffet chưa? Chia sẻ trải nghiệm để giúp người khác chọn chỗ ăn khi tới Sa Pa — Lào Cai."
Sa Pa,Lào Cai,quán ăn ở Sa Pa Lào Cai,7543517109200932114,ansaplaocai,https://www.tiktok.com/@ansaplaocai/video/7543517109200932114,Review quán Cơm Nhà tuyệt vời ở Sa Pa dịp 2/9 | TikTok,"Aug 28, 2025 · Khám phá quán Cơm Nhà ở Sa Pa với món ăn ngon và không gian vintage, lý tưởng cho bữa ăn 2/9. #LearnOnTikTok #reviewanngon #laocai"
Sa Pa,Lào Cai,quán ăn ở Sa Pa Lào Cai,7665581392931147015,checkinlaocai1,https://www.tiktok.com/@checkinlaocai1/video/7665581392931147015,Quán ăn ở Lào Cai ngon nhức nách: review nhanh | TikTok,"Bạn đã biết đến quán này ở Lào Cai chưa? Video/nhận xét ngắn gọn mô tả quán ăn “ngon nhức nách” — nghĩa là đồ ăn rất ngon, đáng thử ngay khi đến Lào Cai. Nội dung chính tập trung vào trải nghiệm ẩm thực: hương vị đậm đà, phần ăn vừa miệng và mức giá hợp lý."
Yên Bái,Lào Cai,quán ăn ở Yên Bái Lào Cai,7528832600803265800,vulaocaii,https://www.tiktok.com/@vulaocaii/video/7528832600803265800,"Khám Phá Quán Ăn Ngon Ở Yên Bái | TikTokChân gà sốt Thái ở Yên Bái review: ăn lạ miệng, nên thử | TikTokQuán mặt lợn đầu tiên ở Yên Bái? Review quán ăn nổi bật | TikTokQuán nem nướng mới mở ở Yên Bái | TikTokKhám Phá Quán Lẩu Nướng Ngon Tại Yên Bái | TikTokKhám Phá Nhà Hàng Đồng Bào ở Yên Bái | TikTokQuán ăn ở Lào Cai ngon nhức nách: review nhanh | TikTok","Tìm hiểu quán ăn Lai Rai tại Yên Bái với món tôm sốt Thái giòn ngon và không gian sạch sẽ. Địa chỉ ở cuối clip! #ansaplaocai #laocai #yenbai #reviewanngon Lead Chân gà sốt Thái ở Yên Bái được giới thiệu là “ăn cũng lạ miệng” — món ăn mang vị cay chua đặc trưng của sốt Thái, phù hợp làm món ăn vặt hoặc ăn kèm. Video/miêu tả nhấn mạnh cảm nhận vị và khuyến khích thử. So sánh và gợi ý - So sánh với quán mặt lợn khác nếu có trong vùng hoặc quán ăn nổi tiếng ở Sa Pa - Lào Cai. - Gợi ý món kèm: rau sống, bún, đồ chấm truyền thống, rượu dân tộc hoặc nước chấm đặc trưng. Khám phá quán nem nướng ngon nhất Lào Cai mở thêm cơ sở tại Yên Bái! Đừng bỏ lỡ món ngon này nhé! #thodiayenbai #yenbai #ancungtiktok Oct 20, 2025 · Đừng bỏ lỡ quán lẩu nướng vừa ngon vừa rẻ ở Yên Bái! Khám phá ngay nhé! #thodiayenbai #ansaplaocai #yenbai #reviewanngon #ancungtiktok Nhà hàng Đồng Bào mới mở tại Yên Bái với không gian đẹp và món ăn ngon. Theo dõi để biết thêm chi tiết và cảm nhận món ăn! #thodiayenbai #reviewanngon Video/nhận xét ngắn gọn mô tả quán ăn “ngon nhức nách” — nghĩa là đồ ăn rất ngon, đáng thử ngay khi đến Lào Cai. Nội dung chính tập trung vào trải nghiệm ẩm thực: hương vị đậm đà, phần ăn vừa miệng và mức giá hợp lý."
Yên Bái,Lào Cai,quán ăn ở Yên Bái Lào Cai,7659222194701995272,vulaocaii,https://www.tiktok.com/@vulaocaii/video/7659222194701995272,"Chân gà sốt Thái ở Yên Bái review: ăn lạ miệng, nên thử | TikTok","Lead Chân gà sốt Thái ở Yên Bái được giới thiệu là “ăn cũng lạ miệng” — món ăn mang vị cay chua đặc trưng của sốt Thái, phù hợp làm món ăn vặt hoặc ăn kèm. Video/miêu tả nhấn mạnh cảm nhận vị và khuyến khích thử."
Yên Bái,Lào Cai,quán ăn ở Yên Bái Lào Cai,7637079915178839304,thodiayenbai,https://www.tiktok.com/@thodiayenbai/video/7637079915178839304,Quán mặt lợn đầu tiên ở Yên Bái? Review quán ăn nổi bật | TikTok,"So sánh và gợi ý - So sánh với quán mặt lợn khác nếu có trong vùng hoặc quán ăn nổi tiếng ở Sa Pa - Lào Cai. - Gợi ý món kèm: rau sống, bún, đồ chấm truyền thống, rượu dân tộc hoặc nước chấm đặc trưng."
Yên Bái,Lào Cai,quán ăn ở Yên Bái Lào Cai,7625130706661854472,vulaocaii,https://www.tiktok.com/@vulaocaii/video/7625130706661854472,Quán nem nướng mới mở ở Yên Bái | TikTok,Khám phá quán nem nướng ngon nhất Lào Cai mở thêm cơ sở tại Yên Bái! Đừng bỏ lỡ món ngon này nhé! #thodiayenbai #yenbai #ancungtiktok
Yên Bái,Lào Cai,quán ăn ở Yên Bái Lào Cai,7563160374434958600,vulaocaii,https://www.tiktok.com/@vulaocaii/video/7563160374434958600,Khám Phá Quán Lẩu Nướng Ngon Tại Yên Bái | TikTokKhám Phá Nhà Hàng Đồng Bào ở Yên Bái | TikTokQuán ăn ở Lào Cai ngon nhức nách: review nhanh | TikTok,"Oct 20, 2025 · Đừng bỏ lỡ quán lẩu nướng vừa ngon vừa rẻ ở Yên Bái! Khám phá ngay nhé! #thodiayenbai #ansaplaocai #yenbai #reviewanngon #ancungtiktok Nhà hàng Đồng Bào mới mở tại Yên Bái với không gian đẹp và món ăn ngon. Theo dõi để biết thêm chi tiết và cảm nhận món ăn! #thodiayenbai #reviewanngon Video/nhận xét ngắn gọn mô tả quán ăn “ngon nhức nách” — nghĩa là đồ ăn rất ngon, đáng thử ngay khi đến Lào Cai. Nội dung chính tập trung vào trải nghiệm ẩm thực: hương vị đậm đà, phần ăn vừa miệng và mức giá hợp lý."
Yên Bái,Lào Cai,quán ăn ở Yên Bái Lào Cai,7612901575819906311,vulaocaii,https://www.tiktok.com/@vulaocaii/video/7612901575819906311,Khám Phá Nhà Hàng Đồng Bào ở Yên Bái | TikTokQuán ăn ở Lào Cai ngon nhức nách: review nhanh | TikTok,"Nhà hàng Đồng Bào mới mở tại Yên Bái với không gian đẹp và món ăn ngon. Theo dõi để biết thêm chi tiết và cảm nhận món ăn! #thodiayenbai #reviewanngon Video/nhận xét ngắn gọn mô tả quán ăn “ngon nhức nách” — nghĩa là đồ ăn rất ngon, đáng thử ngay khi đến Lào Cai. Nội dung chính tập trung vào trải nghiệm ẩm thực: hương vị đậm đà, phần ăn vừa miệng và mức giá hợp lý."
Yên Bái,Lào Cai,quán ăn ở Yên Bái Lào Cai,7665581392931147015,checkinlaocai1,https://www.tiktok.com/@checkinlaocai1/video/7665581392931147015,Quán ăn ở Lào Cai ngon nhức nách: review nhanh | TikTok,"Video/nhận xét ngắn gọn mô tả quán ăn “ngon nhức nách” — nghĩa là đồ ăn rất ngon, đáng thử ngay khi đến Lào Cai. Nội dung chính tập trung vào trải nghiệm ẩm thực: hương vị đậm đà, phần ăn vừa miệng và mức giá hợp lý."
Nam Cường,Lào Cai,quán ăn ở Nam Cường Lào Cai,7434521548112940296,meeangido,https://www.tiktok.com/@meeangido/video/7434521548112940296,[Lào Cai Ăn Gì?] Quán Bánh Cuốn Trung Quốc khu vực B5 Nam Cường (Đối ...,"Khám phá quán bánh cuốn Trung Quốc hấp dẫn tại khu vực B5 Nam Cường Lào Cai. Địa điểm lý tưởng cho thực khách ở khu vực B4,5,6. #xuhuong #ancungtiktok #laocai #meeangi #banhcuon #banhcuontrungquoc #banhcuonlaocai #ansaplaocai."
Nam Cường,Lào Cai,quán ăn ở Nam Cường Lào Cai,7662005747559025927,just_nki__,https://www.tiktok.com/@just_nki__/video/7662005747559025927,100 quán ăn ngon ở Lào Cai — danh sách quán nên thử | TikTok,"Nắm trong tay list 100 quán ngon tại Lào Cai — tóm tắt hữu ích Dành cho ai muốn khám phá ẩm thực Lào Cai, danh sách 100 quán ăn này tập trung vào quán địa phương, món đặc sản vùng núi và món ăn vặt được nhiều người tìm kiếm, bao gồm cả khoai tây trộn tê cay."
Nam Cường,Lào Cai,quán ăn ở Nam Cường Lào Cai,7665581392931147015,checkinlaocai1,https://www.tiktok.com/@checkinlaocai1/video/7665581392931147015,Quán ăn ở Lào Cai ngon nhức nách: review nhanh | TikTok,"Bạn đã biết đến quán này ở Lào Cai chưa? Video/nhận xét ngắn gọn mô tả quán ăn ""ngon nhức nách"" — nghĩa là đồ ăn rất ngon, đáng thử ngay khi đến Lào Cai. Nội dung chính tập trung vào trải nghiệm ẩm thực: hương vị đậm đà, phần ăn vừa miệng và mức giá hợp lý."
Nam Cường,Lào Cai,quán ăn ở Nam Cường Lào Cai,7572058030833929492,thodialaocai,https://www.tiktok.com/@thodialaocai/video/7572058030833929492,Khám Phá Vibe Quán Ăn Ngon Tại Lào Cai | TikTok,"947 Lượt thích,32 Bình luận.Video TikTok từ Thổ Địa Lào Cai (@thodialaocai): ""Khám phá không gian và món ăn tuyệt vời tại quán này ở Lào Cai. Trải nghiệm ẩm thực địa phương sống động! #ansaplaocai #reviewanngon""."
Nam Cường,Lào Cai,quán ăn ở Nam Cường Lào Cai,7575048959152934165,thodialaocai,https://www.tiktok.com/@thodialaocai/video/7575048959152934165,Quán ngon Lào Cai: Review ẩm thực hấp dẫn | TikTok,Khám phá các món ăn ngon tại Lào Cai. Thưởng thức ẩm thực độc đáo và review chân thực từ các tín đồ ăn uống. #ansaplaocai #Learnontiktok #reviewanngon #ancungtiktok #laocai
Nam Cường,Lào Cai,quán ăn ở Nam Cường Lào Cai,7667517476216851732,thodialaocai,https://www.tiktok.com/@thodialaocai/video/7667517476216851732,Quán nướng ruột yêu thích ở Lào Cai: Recommend quán ngon | TikTok,Muốn biết quán nướng ruột nào ngon ở Lào Cai? Đây là nơi để mọi người recommend và chia sẻ trải nghiệm nhanh. Nội dung phù hợp cho ai đang tìm món nướng ruột đặc trưng vùng miền hoặc khám phá ẩm thực Lào Cai. Những chia sẻ thực tế sẽ giúp người khác chọn quán dễ hơn.
Nam Cường,Lào Cai,quán ăn ở Nam Cường Lào Cai,7651439514061245704,kenhcualy547,https://www.tiktok.com/@kenhcualy547/video/7651439514061245704,Quán ăn ngon nhất ở Lào Cai: review ăn quốc dân | TikTok,"Đến Lào Cai mà không ghé quán này thì thật có lỗi với bản thân — đây là review ngắn gọn về một quán ăn được gọi là ""quốc dân"" tại Lào Cai. Bài viết ghi lại những điểm đáng chú ý để bạn quyết định ghé thử khi đến vùng này."
Nam Cường,Lào Cai,quán ăn ở Nam Cường Lào Cai,7649262042313985288,checkinlaocaii,https://www.tiktok.com/@checkinlaocaii/video/7649262042313985288,Quán nhậu ngon ở Lào Cai mùa hè: gợi ý tụ tập cho hội bạn | TikTok,"Kết thúc Quán này là gợi ý hợp lý cho các đồng nhậu ở Lào Cai mùa hè: địa điểm tiện lợi, đồ ăn ngon và không gian phù hợp cho nhóm bạn. Bạn đã sẵn sàng tụ tập chưa? Nếu đã thử, chia sẻ trải nghiệm để mọi người tham khảo nhé."
Nam Cường,Lào Cai,quán ăn ở Nam Cường Lào Cai,7444478670791544071,ansaplaocai,https://www.tiktok.com/@ansaplaocai/video/7444478670791544071,Bữa Nướng Ngon Tại Lào Cai: Khám Phá Quán Ăn | TikTok,Nếm thử bữa nướng tuyệt vời ở Lào Cai với các quán ăn được review nổi bật. Đừng bỏ lỡ! #ansaplaocai #laocai #reviewanngon.
Văn Phú,Lào Cai,quán ăn ở Văn Phú Lào Cai,7665581392931147015,checkinlaocai1,https://www.tiktok.com/@checkinlaocai1/video/7665581392931147015,Quán ăn ở Lào Cai ngon nhức nách: review nhanh | TikTok,"Video/nhận xét ngắn gọn mô tả quán ăn “ngon nhức nách” — nghĩa là đồ ăn rất ngon, đáng thử ngay khi đến Lào Cai. Nội dung chính tập trung vào trải nghiệm ẩm thực: hương vị đậm đà, phần ăn vừa miệng và mức giá hợp lý."
Văn Phú,Lào Cai,quán ăn ở Văn Phú Lào Cai,7643306851186068743,bocfoodlaocai1,https://www.tiktok.com/@bocfoodlaocai1/video/7643306851186068743,Quán ăn ở Lào Cai nên thử: review và trải nghiệm | TikTok,"- Tìm cụm từ: “quán ăn Lào Cai nên thử”, “review quán ăn Lào Cai”, “ăn ngon Lào Cai” để so sánh nhiều đánh giá. Kết thúc Nếu bạn đang tìm quán ăn ở Lào Cai để thử, nội dung kèm các thẻ trên hứa hẹn một review ngắn gọn về món ăn và trải nghiệm."
Văn Phú,Lào Cai,quán ăn ở Văn Phú Lào Cai,7662005747559025927,just_nki__,https://www.tiktok.com/@just_nki__/video/7662005747559025927,100 quán ăn ngon ở Lào Cai — danh sách quán nên thử | TikTokQuán nhậu ngon ở Lào Cai mùa hè: gợi ý tụ tập cho hội bạn ...Quán ăn ngon nhất ở Lào Cai: review ăn quốc dân | TikTokKhám Phá Vibe Quán Ăn Ngon Tại Lào Cai | TikTokĂn Sập Lào Cai (@ansaplaocai) | TikTok,"Nắm trong tay list 100 quán ngon tại Lào Cai — tóm tắt hữu ích Dành cho ai muốn khám phá ẩm thực Lào Cai, danh sách 100 quán ăn này tập trung vào quán địa phương, món đặc sản vùng núi và món ăn vặt được nhiều người tìm kiếm, bao gồm cả khoai tây trộn tê cay. Kết thúc Quán này là gợi ý hợp lý cho các đồng nhậu ở Lào Cai mùa hè: địa điểm tiện lợi, đồ ăn ngon và không gian phù hợp cho nhóm bạn. Bạn đã sẵn sàng tụ tập chưa? Nếu đã thử, chia sẻ trải nghiệm để mọi người tham khảo nhé. Đến Lào Cai mà không ghé quán này thì thật có lỗi với bản thân — đây là review ngắn gọn về một quán ăn được gọi là “quốc dân” tại Lào Cai. Bài viết ghi lại những điểm đáng chú ý để bạn quyết định ghé thử khi đến vùng này. Nov 13, 2025 · 947 Lượt thích,32 Bình luận.Video TikTok từ Thổ Địa Lào Cai (@thodialaocai): ""Khám phá không gian và món ăn tuyệt vời tại quán này ở Lào Cai. Trải nghiệm ẩm thực địa phương sống động! #ansaplaocai #reviewanngon"". Ăn Sập Lào Cai (@ansaplaocai) trên TikTok |1M Lượt thích.46.6K Follower.Cùng mình lê la hàng quán nha.Xem video phổ biến của Ăn Sập Lào Cai: ""Phát hiện quán bán c..."", ""Brand thời trang nam...""."
Văn Phú,Lào Cai,quán ăn ở Văn Phú Lào Cai,7649262042313985288,checkinlaocaii,https://www.tiktok.com/@checkinlaocaii/video/7649262042313985288,Quán nhậu ngon ở Lào Cai mùa hè: gợi ý tụ tập cho hội bạn ...,"Kết thúc Quán này là gợi ý hợp lý cho các đồng nhậu ở Lào Cai mùa hè: địa điểm tiện lợi, đồ ăn ngon và không gian phù hợp cho nhóm bạn. Bạn đã sẵn sàng tụ tập chưa? Nếu đã thử, chia sẻ trải nghiệm để mọi người tham khảo nhé."
Văn Phú,Lào Cai,quán ăn ở Văn Phú Lào Cai,7651439514061245704,kenhcualy547,https://www.tiktok.com/@kenhcualy547/video/7651439514061245704,Quán ăn ngon nhất ở Lào Cai: review ăn quốc dân | TikTok,Đến Lào Cai mà không ghé quán này thì thật có lỗi với bản thân — đây là review ngắn gọn về một quán ăn được gọi là “quốc dân” tại Lào Cai. Bài viết ghi lại những điểm đáng chú ý để bạn quyết định ghé thử khi đến vùng này.
Văn Phú,Lào Cai,quán ăn ở Văn Phú Lào Cai,7572058030833929492,thodialaocai,https://www.tiktok.com/@thodialaocai/video/7572058030833929492,Khám Phá Vibe Quán Ăn Ngon Tại Lào Cai | TikTok,"Nov 13, 2025 · 947 Lượt thích,32 Bình luận.Video TikTok từ Thổ Địa Lào Cai (@thodialaocai): ""Khám phá không gian và món ăn tuyệt vời tại quán này ở Lào Cai. Trải nghiệm ẩm thực địa phương sống động! #ansaplaocai #reviewanngon""."
Nghĩa Lộ,Lào Cai,quán ăn ở Nghĩa Lộ Lào Cai,7600025924234431751,doclalaocai21,https://www.tiktok.com/@doclalaocai21/video/7600025924234431751,Khám Phá Quán Mì Cay Ngon Tại Nghĩa Lộ | TikTok,Trải nghiệm ngay quán mì cay Hàn Quốc mới nhất ở Nghĩa Lộ cùng nhiều món ngon hấp dẫn. Đừng bỏ lỡ! #doclalaocai #laocai #yenbai
Nghĩa Lộ,Lào Cai,quán ăn ở Nghĩa Lộ Lào Cai,7661812505475304724,oyenbai,https://www.tiktok.com/@oyenbai/video/7661812505475304724,"Quán Nướng Kim Đồng Nghĩa Lộ - Set nướng đầy đặn, không gian ...","Quán Nướng Kim Đồng — địa chỉ và cảm nhận nhanh Quán Nướng Kim Đồng nằm tại Tổ 12, Phường Trung Tâm, Thị Xã Nghĩa Lộ (tọa độ HGX6+PR2, khu Trung Tâm, Lào Cai mới)."
Nghĩa Lộ,Lào Cai,quán ăn ở Nghĩa Lộ Lào Cai,7665581392931147015,checkinlaocai1,https://www.tiktok.com/@checkinlaocai1/video/7665581392931147015,Quán ăn ở Lào Cai ngon nhức nách: review nhanh | TikTok,"Bạn đã biết đến quán này ở Lào Cai chưa? Video/nhận xét ngắn gọn mô tả quán ăn “ngon nhức nách” — nghĩa là đồ ăn rất ngon, đáng thử ngay khi đến Lào Cai. Nội dung chính tập trung vào trải nghiệm ẩm thực: hương vị đậm đà, phần ăn vừa miệng và mức giá hợp lý."
Nghĩa Lộ,Lào Cai,quán ăn ở Nghĩa Lộ Lào Cai,7653817945532960008,vulaocaii,https://www.tiktok.com/@vulaocaii/video/7653817945532960008,Quán trà Tây Bắc hot nhất Nghĩa Lộ: review và trải nghiệm ...,"Kết luận Quán trà Tây Bắc hot nhì Nghĩa Lộ là điểm dừng đáng thử nếu bạn muốn trải nghiệm đồ uống mang hương vị vùng cao, tận hưởng không gian mộc mạc và chụp ảnh check-in. Ghé để tự đánh giá hương vị và không gian, đặc biệt nếu bạn đang tham quan Yên Bái."
Nghĩa Lộ,Lào Cai,quán ăn ở Nghĩa Lộ Lào Cai,7662005747559025927,just_nki__,https://www.tiktok.com/@just_nki__/video/7662005747559025927,"100 quán ăn ngon ở Lào Cai — danh sách quán nên thử | TikTokQuán bia Ánh Nghĩa Lộ — địa chỉ, trải nghiệm, và món nhậu hay ...Quán ngon Lào Cai: Review ẩm thực hấp dẫn | TikTok","Nắm trong tay list 100 quán ngon tại Lào Cai — tóm tắt hữu ích Dành cho ai muốn khám phá ẩm thực Lào Cai, danh sách 100 quán ăn này tập trung vào quán địa phương, món đặc sản vùng núi và món ăn vặt được nhiều người tìm kiếm, bao gồm cả khoai tây trộn tê cay. Nếu bạn đang tìm quán bia địa phương ở Nghĩa Lộ để gặp gỡ bạn bè và thưởng thức bia cùng món nhậu, đây là điểm đáng thử. Bạn đã tới quán bia Ánh Nghĩa Lộ chưa? Chia sẻ trải nghiệm hoặc hỏi về món nên gọi khi tới quán để nhận gợi ý từ cộng đồng. Nov 21, 2025 · Khám phá các món ăn ngon tại Lào Cai. Thưởng thức ẩm thực độc đáo và review chân thực từ các tín đồ ăn uống. #ansaplaocai #Learnontiktok #reviewanngon #ancungtiktok #laocai"
Nghĩa Lộ,Lào Cai,quán ăn ở Nghĩa Lộ Lào Cai,7666494895162412308,ha.anh0043,https://www.tiktok.com/@ha.anh0043/video/7666494895162412308,"Quán bia Ánh Nghĩa Lộ — địa chỉ, trải nghiệm, và món nhậu hay ...","Nếu bạn đang tìm quán bia địa phương ở Nghĩa Lộ để gặp gỡ bạn bè và thưởng thức bia cùng món nhậu, đây là điểm đáng thử. Bạn đã tới quán bia Ánh Nghĩa Lộ chưa? Chia sẻ trải nghiệm hoặc hỏi về món nên gọi khi tới quán để nhận gợi ý từ cộng đồng."
Nghĩa Lộ,Lào Cai,quán ăn ở Nghĩa Lộ Lào Cai,7575048959152934165,thodialaocai,https://www.tiktok.com/@thodialaocai/video/7575048959152934165,Quán ngon Lào Cai: Review ẩm thực hấp dẫn | TikTok,"Nov 21, 2025 · Khám phá các món ăn ngon tại Lào Cai. Thưởng thức ẩm thực độc đáo và review chân thực từ các tín đồ ăn uống. #ansaplaocai #Learnontiktok #reviewanngon #ancungtiktok #laocai"
Âu Lâu,Lào Cai,quán ăn ở Âu Lâu Lào Cai,7626622675682741524,ansaplaocai,https://www.tiktok.com/@ansaplaocai/video/7626622675682741524,Quán hải sản ngon 15 năm ở Lào Cai | TikTok100 quán ăn ngon ở Lào Cai — danh sách quán nên thử | TikTokKhám Phá Địa Điểm Ăn Hàu Ngon Nhất Lào Cai | TikTokKhám Phá Vibe Quán Ăn Ngon Tại Lào Cai | TikTokBánh Tráng Nướng 24 Giờ - Địa Chỉ Huyền Thoại Lào Cai | TikTokQuán ăn Lào Cai ăn vặt: chân gà tiết luộc và quán tủ ở Lào ...,"Khám phá quán hải sản tươi ngon đã có tiếng 15 năm tại Lào Cai với hàu nướng, cua xào cay và nhiều món hấp dẫn khác. #ansaplaocai #learnontiktok #laocai #ancungtiktok #reviewanngon Nắm trong tay list 100 quán ngon tại Lào Cai — tóm tắt hữu ích Dành cho ai muốn khám phá ẩm thực Lào Cai, danh sách 100 quán ăn này tập trung vào quán địa phương, món đặc sản vùng núi và món ăn vặt được nhiều người tìm kiếm, bao gồm cả khoai tây trộn tê cay. Jul 11, 2025 · 1752 Lượt thích,123 Bình luận.Video TikTok từ Ăn Sập Lào Cai (@ansaplaocai): ""Tìm hiểu địa điểm lý tưởng để thưởng thức hàu tươi và béo múp tại Lào Cai. Đừng bỏ lỡ! #ansaplaocai #laocai #learnontiktok #ancungtiktok #reviewanngon"". Nov 13, 2025 · 947 Lượt thích,32 Bình luận.Video TikTok từ Thổ Địa Lào Cai (@thodialaocai): ""Khám phá không gian và món ăn tuyệt vời tại quán này ở Lào Cai. Trải nghiệm ẩm thực địa phương sống động! #ansaplaocai #reviewanngon"". Apr 15, 2024 · 960 Lượt thích,77 Bình luận.Video TikTok từ Ăn Sập Lào Cai (@ansaplaocai): ""Khám phá địa chỉ bánh tráng nướng huyền thoại ở Lào Cai với hương vị giòn rụm, đủ món ngon. Hãy ghé quán 24 giờ này thử ngay nhé! #ansaplaocai #hellolaocai"". Bạn sẽ nếm được hương vị dân dã và cảm nhận phong vị ẩm thực Lào Cai. Bạn đã thử chân gà tiết luộc ở Lào Cai chưa? Chia sẻ trải nghiệm hoặc hỏi địa chỉ quán tủ để có gợi ý cụ thể."
Âu Lâu,Lào Cai,quán ăn ở Âu Lâu Lào Cai,7662005747559025927,just_nki__,https://www.tiktok.com/@just_nki__/video/7662005747559025927,100 quán ăn ngon ở Lào Cai — danh sách quán nên thử | TikTokKhám Phá Địa Điểm Ăn Hàu Ngon Nhất Lào Cai | TikTokKhám Phá Vibe Quán Ăn Ngon Tại Lào Cai | TikTokBánh Tráng Nướng 24 Giờ - Địa Chỉ Huyền Thoại Lào Cai | TikTokQuán ăn Lào Cai ăn vặt: chân gà tiết luộc và quán tủ ở Lào ...,"Nắm trong tay list 100 quán ngon tại Lào Cai — tóm tắt hữu ích Dành cho ai muốn khám phá ẩm thực Lào Cai, danh sách 100 quán ăn này tập trung vào quán địa phương, món đặc sản vùng núi và món ăn vặt được nhiều người tìm kiếm, bao gồm cả khoai tây trộn tê cay. Jul 11, 2025 · 1752 Lượt thích,123 Bình luận.Video TikTok từ Ăn Sập Lào Cai (@ansaplaocai): ""Tìm hiểu địa điểm lý tưởng để thưởng thức hàu tươi và béo múp tại Lào Cai. Đừng bỏ lỡ! #ansaplaocai #laocai #learnontiktok #ancungtiktok #reviewanngon"". Nov 13, 2025 · 947 Lượt thích,32 Bình luận.Video TikTok từ Thổ Địa Lào Cai (@thodialaocai): ""Khám phá không gian và món ăn tuyệt vời tại quán này ở Lào Cai. Trải nghiệm ẩm thực địa phương sống động! #ansaplaocai #reviewanngon"". Apr 15, 2024 · 960 Lượt thích,77 Bình luận.Video TikTok từ Ăn Sập Lào Cai (@ansaplaocai): ""Khám phá địa chỉ bánh tráng nướng huyền thoại ở Lào Cai với hương vị giòn rụm, đủ món ngon. Hãy ghé quán 24 giờ này thử ngay nhé! #ansaplaocai #hellolaocai"". Bạn sẽ nếm được hương vị dân dã và cảm nhận phong vị ẩm thực Lào Cai. Bạn đã thử chân gà tiết luộc ở Lào Cai chưa? Chia sẻ trải nghiệm hoặc hỏi địa chỉ quán tủ để có gợi ý cụ thể."
Âu Lâu,Lào Cai,quán ăn ở Âu Lâu Lào Cai,7525682901296434450,ansaplaocai,https://www.tiktok.com/@ansaplaocai/video/7525682901296434450,Khám Phá Địa Điểm Ăn Hàu Ngon Nhất Lào Cai | TikTok,"Jul 11, 2025 · 1752 Lượt thích,123 Bình luận.Video TikTok từ Ăn Sập Lào Cai (@ansaplaocai): ""Tìm hiểu địa điểm lý tưởng để thưởng thức hàu tươi và béo múp tại Lào Cai. Đừng bỏ lỡ! #ansaplaocai #laocai #learnontiktok #ancungtiktok #reviewanngon""."
Âu Lâu,Lào Cai,quán ăn ở Âu Lâu Lào Cai,7572058030833929492,thodialaocai,https://www.tiktok.com/@thodialaocai/video/7572058030833929492,Khám Phá Vibe Quán Ăn Ngon Tại Lào Cai | TikTok,"Nov 13, 2025 · 947 Lượt thích,32 Bình luận.Video TikTok từ Thổ Địa Lào Cai (@thodialaocai): ""Khám phá không gian và món ăn tuyệt vời tại quán này ở Lào Cai. Trải nghiệm ẩm thực địa phương sống động! #ansaplaocai #reviewanngon""."
Âu Lâu,Lào Cai,quán ăn ở Âu Lâu Lào Cai,7358085972006833424,ansaplaocai,https://www.tiktok.com/@ansaplaocai/video/7358085972006833424,Bánh Tráng Nướng 24 Giờ - Địa Chỉ Huyền Thoại Lào Cai | TikTok,"Apr 15, 2024 · 960 Lượt thích,77 Bình luận.Video TikTok từ Ăn Sập Lào Cai (@ansaplaocai): ""Khám phá địa chỉ bánh tráng nướng huyền thoại ở Lào Cai với hương vị giòn rụm, đủ món ngon. Hãy ghé quán 24 giờ này thử ngay nhé! #ansaplaocai #hellolaocai""."
Âu Lâu,Lào Cai,quán ăn ở Âu Lâu Lào Cai,7670142283328605460,degamco,https://www.tiktok.com/@degamco/video/7670142283328605460,Quán ăn Lào Cai ăn vặt: chân gà tiết luộc và quán tủ ở Lào ...,Bạn sẽ nếm được hương vị dân dã và cảm nhận phong vị ẩm thực Lào Cai. Bạn đã thử chân gà tiết luộc ở Lào Cai chưa? Chia sẻ trải nghiệm hoặc hỏi địa chỉ quán tủ để có gợi ý cụ thể.
Trung Tâm,Lào Cai,quán ăn ở Trung Tâm Lào Cai,7467926505557986582,,https://www.tiktok.com/@/video/7467926505557986582,TikTok - Make Your Day,TikTok - Make Your Day
Trung Tâm,Lào Cai,quán ăn ở Trung Tâm Lào Cai,7345623727712914720,,https://www.tiktok.com/@/video/7345623727712914720,TikTok - Make Your Day,Log in to TikTok This post may not be comfortable for some audiences. Log in to make the most of your experience.
Trung Tâm,Lào Cai,quán ăn ở Trung Tâm Lào Cai,7208702356110740742,,https://support16-normal-useast1a.tiktok.com/@/video/7208702356110740742,support16-normal-useast1a.tiktok.com,support16-normal-useast1a.tiktok.com
Trung Tâm,Lào Cai,quán ăn ở Trung Tâm Lào Cai,7006467767717203206,,https://www.tiktok.com/@/_sauce90/video/7006467767717203206,TikTok,TikTok for GoodAdvertiseSell on TikTok ShopTikTok LIVE Creator NetworksDevelopersTransparencyTikTok EmbedsSoundOn Music DistributionTikTok LiveTikTok Shop
Trung Tâm,Lào Cai,quán ăn ở Trung Tâm Lào Cai,7470274605895372078,,https://www.tiktok.com/@/video/7470274605895372078,TikTok - Make Your Day,"This account is private Looking for videos? Try browsing our trending creators, hashtags, and sounds."
Trung Tâm,Lào Cai,quán ăn ở Trung Tâm Lào Cai,6925497998071860485,,https://www.tiktok.com/@/video/6925497998071860485/,TikTok - Make Your Day,ไม่มีหน้านี้อยู่ ขออภัยด้วย โปรดลองอีกครั้งในภายหลัง ลอง ...
Trung Tâm,Lào Cai,quán ăn ở Trung Tâm Lào Cai,7612982828782882069,,https://www.tiktok.com/video/7612982828782882069,TikTok,TikTok ... TikTok
Trung Tâm,Lào Cai,quán ăn ở Trung Tâm Lào Cai,7672401248074714389,,https://www.tiktok.com/video/7672401248074714389,TikTok,4 0 4 Couldn't find this page Check out more trending videos on TikTok Watch now
Trung Tâm,Lào Cai,quán ăn ở Trung Tâm Lào Cai,7237950557153955098,,https://www.tiktok.com/video/7237950557153955098,TikTok,4 0 4 Couldn't find this page Check out more trending videos on TikTok Watch now
Trung Tâm,Lào Cai,quán ăn ở Trung Tâm Lào Cai,7471313349448305950,,https://www.tiktok.com/video/7471313349448305950,302 Found - TikTok,302 Found 302 Found TLB
Trung Tâm,Lào Cai,quán ăn ở Trung Tâm Lào Cai,7665581392931147015,checkinlaocai1,https://www.tiktok.com/@checkinlaocai1/video/7665581392931147015,Quán ăn ở Lào Cai ngon nhức nách: review nhanh | TikTok,"Bạn đã biết đến quán này ở Lào Cai chưa? Video/nhận xét ngắn gọn mô tả quán ăn “ngon nhức nách” — nghĩa là đồ ăn rất ngon, đáng thử ngay khi đến Lào Cai. Nội dung chính tập trung vào trải nghiệm ẩm thực: hương vị đậm đà, phần ăn vừa miệng và mức giá hợp lý."
Trung Tâm,Lào Cai,quán ăn ở Trung Tâm Lào Cai,7662005747559025927,just_nki__,https://www.tiktok.com/@just_nki__/video/7662005747559025927,100 quán ăn ngon ở Lào Cai — danh sách quán nên thử | TikTokQuán ăn ở Lào Cai nên thử: review và trải nghiệm | TikTokKhám Phá Vibe Quán Ăn Ngon Tại Lào Cai | TikTokTrend ăn mới ở Lào Cai: Ansap Lào Cai review ăn ngon | TikTokQuán ăn ngon nhất ở Lào Cai: review ăn quốc dân | TikTokReview ăn ngon Lào Cai: món ăn ngon chưa chạm vị? | TikTok,"Nắm trong tay list 100 quán ngon tại Lào Cai — tóm tắt hữu ích Dành cho ai muốn khám phá ẩm thực Lào Cai, danh sách 100 quán ăn này tập trung vào quán địa phương, món đặc sản vùng núi và món ăn vặt được nhiều người tìm kiếm, bao gồm cả khoai tây trộn tê cay. - Tìm cụm từ: “quán ăn Lào Cai nên thử”, “review quán ăn Lào Cai”, “ăn ngon Lào Cai” để so sánh nhiều đánh giá. Kết thúc Nếu bạn đang tìm quán ăn ở Lào Cai để thử, nội dung kèm các thẻ trên hứa hẹn một review ngắn gọn về món ăn và trải nghiệm. Nov 13, 2025 · 947 Lượt thích,32 Bình luận.Video TikTok từ Thổ Địa Lào Cai (@thodialaocai): ""Khám phá không gian và món ăn tuyệt vời tại quán này ở Lào Cai. Trải nghiệm ẩm thực địa phương sống động! #ansaplaocai #reviewanngon"". 2234 Lượt thích,59 Bình luận.Video TikTok từ Gen Z Lào Cai (@genzlaocai): ""Khám phá trend ăn mới ở Lào Cai: Ansap Lào Cai - review quán và món ngon địa phương. Xem gợi ý ăn uống, địa điểm và trải nghiệm. #ansaplaocai #laocai #Learnontiktok #reviewanngon #ancungtiktok"". 84 Lượt thích,Video TikTok từ THU LÝ 🍒🍑🥝 (@kenhcualy547): ""Review quán ăn quốc dân tại Lào Cai — địa chỉ, món ngon và lý do không thể bỏ lỡ khi đến Lào Cai. #ansaplaocai #learnontiktok #ancungtiktok #laocai #reviewanngon"". Nếu bạn đang tìm trải nghiệm hình thức đẹp và khám phá ẩm thực Lào Cai, vẫn nên thử và so sánh nhiều địa điểm. Bạn có thể chia sẻ cảm nhận riêng để giúp người khác chọn nơi ăn phù hợp."
Trung Tâm,Lào Cai,quán ăn ở Trung Tâm Lào Cai,7643306851186068743,bocfoodlaocai1,https://www.tiktok.com/@bocfoodlaocai1/video/7643306851186068743,Quán ăn ở Lào Cai nên thử: review và trải nghiệm | TikTok,"- Tìm cụm từ: “quán ăn Lào Cai nên thử”, “review quán ăn Lào Cai”, “ăn ngon Lào Cai” để so sánh nhiều đánh giá. Kết thúc Nếu bạn đang tìm quán ăn ở Lào Cai để thử, nội dung kèm các thẻ trên hứa hẹn một review ngắn gọn về món ăn và trải nghiệm."
Trung Tâm,Lào Cai,quán ăn ở Trung Tâm Lào Cai,7572058030833929492,thodialaocai,https://www.tiktok.com/@thodialaocai/video/7572058030833929492,Khám Phá Vibe Quán Ăn Ngon Tại Lào Cai | TikTok,"Nov 13, 2025 · 947 Lượt thích,32 Bình luận.Video TikTok từ Thổ Địa Lào Cai (@thodialaocai): ""Khám phá không gian và món ăn tuyệt vời tại quán này ở Lào Cai. Trải nghiệm ẩm thực địa phương sống động! #ansaplaocai #reviewanngon""."
Trung Tâm,Lào Cai,quán ăn ở Trung Tâm Lào Cai,7632972870515297557,genzlaocai,https://www.tiktok.com/@genzlaocai/video/7632972870515297557,Trend ăn mới ở Lào Cai: Ansap Lào Cai review ăn ngon | TikTok,"2234 Lượt thích,59 Bình luận.Video TikTok từ Gen Z Lào Cai (@genzlaocai): ""Khám phá trend ăn mới ở Lào Cai: Ansap Lào Cai - review quán và món ngon địa phương. Xem gợi ý ăn uống, địa điểm và trải nghiệm. #ansaplaocai #laocai #Learnontiktok #reviewanngon #ancungtiktok""."
Cầu Thia,Lào Cai,quán ăn ở Cầu Thia Lào Cai,7662005747559025927,just_nki__,https://www.tiktok.com/@just_nki__/video/7662005747559025927,100 quán ăn ngon ở Lào Cai — danh sách quán nên thử | TikTokKhám Phá Vibe Quán Ăn Ngon Tại Lào Cai | TikTokQuán ăn ở Lào Cai ngon nhức nách: review nhanh | TikTokQuán ngon Lào Cai: Review ẩm thực hấp dẫn | TikTokQuán nhậu ngon ở Lào Cai mùa hè: gợi ý tụ tập cho hội bạn ...Review Sam Sam Quán Lào Cai: Ăn theo review mà mê luôn không ...,"Nắm trong tay list 100 quán ngon tại Lào Cai — tóm tắt hữu ích Dành cho ai muốn khám phá ẩm thực Lào Cai, danh sách 100 quán ăn này tập trung vào quán địa phương, món đặc sản vùng núi và món ăn vặt được nhiều người tìm kiếm, bao gồm cả khoai tây trộn tê cay. Nov 13, 2025 · 947 Lượt thích,32 Bình luận.Video TikTok từ Thổ Địa Lào Cai (@thodialaocai): ""Khám phá không gian và món ăn tuyệt vời tại quán này ở Lào Cai. Trải nghiệm ẩm thực địa phương sống động! #ansaplaocai #reviewanngon"". Video/nhận xét ngắn gọn mô tả quán ăn “ngon nhức nách” — nghĩa là đồ ăn rất ngon, đáng thử ngay khi đến Lào Cai. Nội dung chính tập trung vào trải nghiệm ẩm thực: hương vị đậm đà, phần ăn vừa miệng và mức giá hợp lý. Nov 21, 2025 · Khám phá các món ăn ngon tại Lào Cai. Thưởng thức ẩm thực độc đáo và review chân thực từ các tín đồ ăn uống. #ansaplaocai #Learnontiktok #reviewanngon #ancungtiktok #laocai Kết thúc Quán này là gợi ý hợp lý cho các đồng nhậu ở Lào Cai mùa hè: địa điểm tiện lợi, đồ ăn ngon và không gian phù hợp cho nhóm bạn. Bạn đã sẵn sàng tụ tập chưa? Nếu đã thử, chia sẻ trải nghiệm để mọi người tham khảo nhé. Cứ ngỡ review trên mạng là hên xui, nhưng khi ghé qua Sam Sam Quán ở Lào Cai, bạn sẽ thấy đó là một trải nghiệm ""mê luôn không lối về"". Nhiều bạn lần đầu đến quán và đều có chung một cảm nhận: ""Tại sao giờ em mới phát hiện ra cái quán này nhỉ?""."
Cầu Thia,Lào Cai,quán ăn ở Cầu Thia Lào Cai,7572058030833929492,thodialaocai,https://www.tiktok.com/@thodialaocai/video/7572058030833929492,Khám Phá Vibe Quán Ăn Ngon Tại Lào Cai | TikTok,"Nov 13, 2025 · 947 Lượt thích,32 Bình luận.Video TikTok từ Thổ Địa Lào Cai (@thodialaocai): ""Khám phá không gian và món ăn tuyệt vời tại quán này ở Lào Cai. Trải nghiệm ẩm thực địa phương sống động! #ansaplaocai #reviewanngon""."
Cầu Thia,Lào Cai,quán ăn ở Cầu Thia Lào Cai,7665581392931147015,checkinlaocai1,https://www.tiktok.com/@checkinlaocai1/video/7665581392931147015,Quán ăn ở Lào Cai ngon nhức nách: review nhanh | TikTok,"Video/nhận xét ngắn gọn mô tả quán ăn “ngon nhức nách” — nghĩa là đồ ăn rất ngon, đáng thử ngay khi đến Lào Cai. Nội dung chính tập trung vào trải nghiệm ẩm thực: hương vị đậm đà, phần ăn vừa miệng và mức giá hợp lý."
Cầu Thia,Lào Cai,quán ăn ở Cầu Thia Lào Cai,7575048959152934165,thodialaocai,https://www.tiktok.com/@thodialaocai/video/7575048959152934165,Quán ngon Lào Cai: Review ẩm thực hấp dẫn | TikTok,"Nov 21, 2025 · Khám phá các món ăn ngon tại Lào Cai. Thưởng thức ẩm thực độc đáo và review chân thực từ các tín đồ ăn uống. #ansaplaocai #Learnontiktok #reviewanngon #ancungtiktok #laocai"
Cầu Thia,Lào Cai,quán ăn ở Cầu Thia Lào Cai,7649262042313985288,checkinlaocaii,https://www.tiktok.com/@checkinlaocaii/video/7649262042313985288,Quán nhậu ngon ở Lào Cai mùa hè: gợi ý tụ tập cho hội bạn ...,"Kết thúc Quán này là gợi ý hợp lý cho các đồng nhậu ở Lào Cai mùa hè: địa điểm tiện lợi, đồ ăn ngon và không gian phù hợp cho nhóm bạn. Bạn đã sẵn sàng tụ tập chưa? Nếu đã thử, chia sẻ trải nghiệm để mọi người tham khảo nhé."
Cầu Thia,Lào Cai,quán ăn ở Cầu Thia Lào Cai,7678276796441234706,samsamquanlaocai,https://www.tiktok.com/@samsamquanlaocai/video/7678276796441234706,Review Sam Sam Quán Lào Cai: Ăn theo review mà mê luôn không ...,"Cứ ngỡ review trên mạng là hên xui, nhưng khi ghé qua Sam Sam Quán ở Lào Cai, bạn sẽ thấy đó là một trải nghiệm ""mê luôn không lối về"". Nhiều bạn lần đầu đến quán và đều có chung một cảm nhận: ""Tại sao giờ em mới phát hiện ra cái quán này nhỉ?""."
Đức Xuân,Thái Nguyên,quán ăn ở Đức Xuân Thái Nguyên,7689446316803558677,vanhbackan,https://www.tiktok.com/@vanhbackan/video/7689446316803558677,Trung thu phường Đức Xuân tỉnh Thái Nguyên cực vui và hấp dẫn ...,"88 Lượt thích,Video TikTok từ Vanh ở Bắc Kạn (@vanhbackan): ""Trung thu phường Đức Xuân tỉnh Thái Nguyên cực vui và hấp dẫn #vanhdichoi #backan97 #backan #dulichvietnam #thainguyen"".Trung thu phường Đức Xuân Thái Nguyênâm thanh gốc - Vanh ở Bắc Kạn."
Đức Xuân,Thái Nguyên,quán ăn ở Đức Xuân Thái Nguyên,7528989993843494152,_troosismeee,https://www.tiktok.com/@_troosismeee/video/7528989993843494152,Top Quán Ăn Ngon Ở Thái Nguyên Không Thể Bỏ Lỡ | TikTok,"Jul 20, 2025 · Khám phá những món ăn tuyệt vời tại Thái Nguyên qua video này! Tìm hiểu ngay để không bỏ lỡ. Đây là bản tóm tắt nội dung do AI tạo và không nhằm mục đích cung cấp ngữ cảnh thực tế."
Đức Xuân,Thái Nguyên,quán ăn ở Đức Xuân Thái Nguyên,7671211866462358792,bbitrinh3,https://www.tiktok.com/@bbitrinh3/video/7671211866462358792,Địa điểm ăn chơi mới ở Thái Nguyên | TikTok,"Gợi ý địa điểm ăn chơi mới tại Thái Nguyên dành cho chị em Lead Một số địa điểm ăn uống, cà phê và điểm check-in mới đang thu hút chị em Thái Nguyên—từ quán ăn ngon, quán cà phê decor xinh đến bar, pub và những góc sống ảo thích hợp gặp gỡ bạn bè."
Đức Xuân,Thái Nguyên,quán ăn ở Đức Xuân Thái Nguyên,7509467570899111176,slamluonlow,https://www.tiktok.com/@slamluonlow/video/7509467570899111176,Khám Phá Quán Ăn Vặt Nổi Tiếng Ở Thái Nguyên | TikTok,"May 28, 2025 · Tìm hiểu về quán ăn vặt nổi tiếng mở cả ngày tại Thái Nguyên với những món ngon hấp dẫn. Xem ngay để không bỏ lỡ! #thainguyen #reviewfood #xuhuong"
Bắc Kạn,Thái Nguyên,quán ăn ở Bắc Kạn Thái Nguyên,7675661622035189010,thainguyentrend.vn,https://www.tiktok.com/@thainguyentrend.vn/video/7675661622035189010,Đồn Đèn Bắc Kạn: Điểm du lịch lễ hội phù hợp ở Thái Nguyên ...,"Thông tin trung tâm - Tên gợi ý: Đồn Đèn (Bắc Kạn). - Liên quan vùng: Bắc Kạn, được hỏi trong bối cảnh người xem ở Thái Nguyên quan tâm tới địa điểm lễ. Vì sao người Thái Nguyên quan tâm - Khoảng cách di chuyển ngắn, phù hợp chuyến du lịch ngắn ngày trong dịp lễ."
Bắc Kạn,Thái Nguyên,quán ăn ở Bắc Kạn Thái Nguyên,7675372376984456469,aemienbacno11,https://www.tiktok.com/@aemienbacno11/video/7675372376984456469,Hoàng Trà Giang 212 Bắc Kạn (cũ) Thái Nguyên #no1mienbac | TikTok,"876 Lượt thích,27 Bình luận.Video TikTok từ no1 Miền Bắc bộ ️ (@aemienbacno11): ""Hoàng Trà Giang 212 Bắc Kạn (cũ) Thái Nguyên #no1mienbac"".âm thanh gốc - no1 Miền Bắc bộ ️."
Bắc Kạn,Thái Nguyên,quán ăn ở Bắc Kạn Thái Nguyên,7666798388964363540,vanhbackan,https://www.tiktok.com/@vanhbackan/video/7666798388964363540,Ở Bắc Kạn các bác hay ăn thịt xiên nướng ở đâu thế ạ? # ...,Ở Bắc Kạn các bác hay ăn thịt xiên nướng ở đâu thế ạ? #vanhdichoi #backan #backan97 #dulichvietnam #thainguyen âm thanh gốc - ThahTrung
Bắc Kạn,Thái Nguyên,quán ăn ở Bắc Kạn Thái Nguyên,7528989993843494152,_troosismeee,https://www.tiktok.com/@_troosismeee/video/7528989993843494152,Top Quán Ăn Ngon Ở Thái Nguyên Không Thể Bỏ Lỡ | TikTok,"Jul 20, 2025 · Khám phá những món ăn tuyệt vời tại Thái Nguyên qua video này! Tìm hiểu ngay để không bỏ lỡ. Đây là bản tóm tắt nội dung do AI tạo và không nhằm mục đích cung cấp ngữ cảnh thực tế."
Bắc Kạn,Thái Nguyên,quán ăn ở Bắc Kạn Thái Nguyên,7279020011212098834,monngonthainguyen,https://www.tiktok.com/@monngonthainguyen/video/7279020011212098834,Khám Phá Phở Ngốt Đặc Sản Bắc Kạn Tại Thái Nguyên | TikTok,"Sep 15, 2023 · 119 Lượt thích,25 Bình luận.Video TikTok từ Món Ngon Bản Thái ️ (@monngonthainguyen): ""Cùng tìm hiểu phở ngốt độc đáo tại số 91 Hoàng Ngân, Thái Nguyên với hương vị đặc biệt!"
Bắc Kạn,Thái Nguyên,quán ăn ở Bắc Kạn Thái Nguyên,7678193141404470546,behuyen9401,https://www.tiktok.com/@behuyen9401/video/7678193141404470546,Về bắc kạn ăn rằm thôi ae Cung đường quen thuộc ở bắc kạn # ...,"84 Lượt thích,Video TikTok từ Huyền bắc thái (@behuyen9401): ""Về bắc kạn ăn rằm thôi ae Cung đường quen thuộc ở bắc kạn #huyenbacthai #gaithainguyen20 #xuhuong #97băckan🥰 #tràTháiNguyên"".âm thanh gốc - Huyền bắc thái."
Phan Đình Phùng,Thái Nguyên,quán ăn ở Phan Đình Phùng Thái Nguyên,7654065125095345415,chixoithainguyen,https://www.tiktok.com/@chixoithainguyen/video/7654065125095345415,Đối Diện Quán Ốc Nhớ Phan Đình Phùng Thái Nguyên | TikTok,"Món ăn và ấn tượng - Quán chuyên các món ốc — phù hợp các hashtag liên quan như xoithainguyen, xoiphuthuong, xoóiinhvien. Các món ốc thường thấy ở quán bình dân bao gồm ốc luộc, xào me, rang muối; chất lượng và hương vị phù hợp giá tiền cho nhóm sinh viên."
Phan Đình Phùng,Thái Nguyên,quán ăn ở Phan Đình Phùng Thái Nguyên,7635608622843743508,cogiquayday1,https://www.tiktok.com/@cogiquayday1/video/7635608622843743508,"Bánh canh ghẹ ngon tại 23 Phan Đình Phùng, Thái Nguyên | TikTok","Thưởng thức bánh canh ghẹ tươi, hương vị đậm đà tại số 23 Phan Đình Phùng, Thái Nguyên. Địa chỉ, món ăn và review nhanh. #tháinguyên #bánhcanh #ghẹ #bánhcanhghẹ #86 #ngon."
Phan Đình Phùng,Thái Nguyên,quán ăn ở Phan Đình Phùng Thái Nguyên,7657410552678993173,nhihadayyy,https://www.tiktok.com/@nhihadayyy/video/7657410552678993173,Jollibee Thái Nguyên - 225 Phan Đình Phùng: Quán Mới & Món Ngon | TikTok,"6289 Lượt thích,194 Bình luận.Video TikTok từ Nhi Hà đây (@nhihadayyy): ""Khám phá Jollibee mới tại 225 Phan Đình Phùng, Thái Nguyên: địa chỉ, hình ảnh quán và các món ăn hấp dẫn. #jollibee #jollibeevietnam #jollibeephandinhphung""."
Phan Đình Phùng,Thái Nguyên,quán ăn ở Phan Đình Phùng Thái Nguyên,7659246510437190933,.phobatdan.tn,https://www.tiktok.com/@.phobatdan.tn/video/7659246510437190933,"Phở bò tái lăn Bát Đàn - 45 Hoàng Ngân, Phan Đình Phùng, Thái Nguyên ...","Phở bò tái lăn Bát Đàn tại 45 Hoàng Ngân, Phan Đình Phùng, Thái Nguyên — hương vị nhà quê, thịt tái mềm và nước dùng đậm đà. Video ghi lại món phở bò tái lăn chuẩn Bát Đàn phục vụ ở địa chỉ 45 Hoàng Ngân, khu Phan Đình Phùng, Thái Nguyên."
Phan Đình Phùng,Thái Nguyên,quán ăn ở Phan Đình Phùng Thái Nguyên,7663850350121602311,detie.cafe,https://www.tiktok.com/@detie.cafe/video/7663850350121602311,DETIÉ café Thái Nguyên - 271 Phan Đình Phùng | TikTok,"DETIÉ café — địa chỉ và thông tin nhanh DETIÉ café tọa lạc tại 271 Phan Đình Phùng, thành phố Thái Nguyên. Video và mô tả gốc nhấn mạnh tên quán và vị trí: DETIÉ café, 271 Phan Đình Phùng, TP. Thái Nguyên, kèm hashtag #detiecafe #detie."
Phan Đình Phùng,Thái Nguyên,quán ăn ở Phan Đình Phùng Thái Nguyên,7670103414616919314,detie.cafe,https://www.tiktok.com/@detie.cafe/video/7670103414616919314,DETIÉ café Thái Nguyên - Quán cà phê 271 Phan Đình Phùng | TikTok,"Kết luận và lời khuyên Nếu bạn ở Thái Nguyên hoặc đi qua, ghé DETIÉ café tại 271 Phan Đình Phùng để thử đồ uống được nhiều người khen. Mang theo bạn bè, chọn chỗ ngồi thoải mái và gọi món bạn thích — khả năng cao là bạn sẽ ""order đúng món mình thích"". Hashtags #detiecafe #detie."
Phan Đình Phùng,Thái Nguyên,quán ăn ở Phan Đình Phùng Thái Nguyên,7665654764847320340,mainguyen9x3,https://www.tiktok.com/@mainguyen9x3/video/7665654764847320340,Mì cay nước ngon tại nhà | Ngọc Miu ăn vặt Phan Đình Phùng | TikTok,"- Người giới thiệu: Ngọc Miu, kênh ăn vặt, dùng hashtag #anvatngocmiu và #ngocmiugood để đánh dấu trải nghiệm. - Điểm đánh giá tập trung vào: độ cay, chất lượng nước dùng, gia vị hòa quyện và phù hợp với khẩu vị ăn vặt."
Phan Đình Phùng,Thái Nguyên,quán ăn ở Phan Đình Phùng Thái Nguyên,7649980881737698581,thao.uyen1404,https://www.tiktok.com/@thao.uyen1404/video/7649980881737698581,Hủ tiếu Bảy Phước - Quán Phan Đình Phùng (6:00 & 9:10) | TikTok,"Video hướng đến khán giả quan tâm ẩm thực đường phố và các quán hủ tiếu nổi bật tại khu vực. Gợi ý cho người tìm kiếm - Tìm theo từ khóa ""hủ tiếu Bảy Phước"" hoặc ""hủ tiếu Phan Đình Phùng"" để xem vlog và clip giới thiệu chi tiết."
Phan Đình Phùng,Thái Nguyên,quán ăn ở Phan Đình Phùng Thái Nguyên,7679738543845018901,mainguyen9x3,https://www.tiktok.com/@mainguyen9x3/video/7679738543845018901,Crep & mì cay ngon ở Châu Đốc | Địa chỉ ăn vặt Phan Đình Phùng | TikTok,"Tóm tắt nhanh Gợi ý kết hợp Crep & mì cay dành cho người thích ăn vặt ở Châu Đốc, đặc biệt quanh khu Phan Đình Phùng. Nội dung tập trung vào trải nghiệm vị, phong cách phục vụ và cảm nhận chung khi thử món tại địa phương."
Phan Đình Phùng,Thái Nguyên,quán ăn ở Phan Đình Phùng Thái Nguyên,7685549062749375765,.phobatdan.tn,https://www.tiktok.com/@.phobatdan.tn/video/7685549062749375765,Địa chỉ quán số nhà 45 đường hoàng ngân phường Phan đình Phùng thành p ...,Địa chỉ quán số nhà 45 đường hoàng ngân phường Phan đình Phùng thành phố Thái Nguyên tỉnh Thái Nguyên#phobatdan_thainguyen #phobobatda #phobo #thainguyen.
Quyết Thắng,Thái Nguyên,quán ăn ở Quyết Thắng Thái Nguyên,7665995046289673492,bowchaoban,https://www.tiktok.com/@bowchaoban/video/7665995046289673492,Ăn đêm Thái Nguyên: Quán ăn đêm Biển - Thắng Anh | TikTok,"- Lý do nên thử: Nếu bạn đang ở Thái Nguyên và muốn ăn đêm với bún ngon cùng nước dùng hấp dẫn, quán Biển (Thắng Anh) là lựa chọn đáng cân nhắc. - Đi buổi tối để tận hưởng trọn trải nghiệm ăn đêm."
Quyết Thắng,Thái Nguyên,quán ăn ở Quyết Thắng Thái Nguyên,7528989993843494152,_troosismeee,https://www.tiktok.com/@_troosismeee/video/7528989993843494152,Top Quán Ăn Ngon Ở Thái Nguyên Không Thể Bỏ Lỡ | TikTok,"Jul 20, 2025 · Khám phá những món ăn tuyệt vời tại Thái Nguyên qua video này! Tìm hiểu ngay để không bỏ lỡ. Đây là bản tóm tắt nội dung do AI tạo và không nhằm mục đích cung cấp ngữ cảnh thực tế."
Quyết Thắng,Thái Nguyên,quán ăn ở Quyết Thắng Thái Nguyên,7671211866462358792,bbitrinh3,https://www.tiktok.com/@bbitrinh3/video/7671211866462358792,Địa điểm ăn chơi mới ở Thái Nguyên | TikTok,"Gợi ý địa điểm ăn chơi mới tại Thái Nguyên dành cho chị em Lead Một số địa điểm ăn uống, cà phê và điểm check-in mới đang thu hút chị em Thái Nguyên—từ quán ăn ngon, quán cà phê decor xinh đến bar, pub và những góc sống ảo thích hợp gặp gỡ bạn bè."
Gia Sàng,Thái Nguyên,quán ăn ở Gia Sàng Thái Nguyên,7654065125095345415,chixoithainguyen,https://www.tiktok.com/@chixoithainguyen/video/7654065125095345415,Đối Diện Quán Ốc Nhớ Phan Đình Phùng Thái Nguyên | TikTok,"Món ăn và ấn tượng - Quán chuyên các món ốc — phù hợp các hashtag liên quan như xoithainguyen, xoiphuthuong, xoóiinhvien. Các món ốc thường thấy ở quán bình dân bao gồm ốc luộc, xào me, rang muối; chất lượng và hương vị phù hợp giá tiền cho nhóm sinh viên."
Gia Sàng,Thái Nguyên,quán ăn ở Gia Sàng Thái Nguyên,7528989993843494152,_troosismeee,https://www.tiktok.com/@_troosismeee/video/7528989993843494152,Top Quán Ăn Ngon Ở Thái Nguyên Không Thể Bỏ Lỡ | TikTok,"Jul 20, 2025 · Khám phá những món ăn tuyệt vời tại Thái Nguyên qua video này! Tìm hiểu ngay để không bỏ lỡ. Đây là bản tóm tắt nội dung do AI tạo và không nhằm mục đích cung cấp ngữ cảnh thực tế."
Gia Sàng,Thái Nguyên,quán ăn ở Gia Sàng Thái Nguyên,7477149605201857810,odaycoanh1993,https://www.tiktok.com/@odaycoanh1993/video/7477149605201857810,"Quán Cơm Ngon Đường Bắc Sơn, Thái Nguyên | TikTokQuán Lẩu Ốc Siêu Đông Khách Ở Thái Nguyên | TikTokDETIÉ café Thái Nguyên - Quán cà phê 271 Phan Đình Phùng | TikTokCity Beer - Quán Nhậu Chất Lượng tại Thái Nguyên | TikTok","Hôm nay, Ánh muốn chia sẻ một địa điểm ăn cơm ""ruột"" của mình ở Thái Nguyên đó chính là quán ""Bếp Ngon"" ở đường Bắc Sơn (lô 2 Bắc Sơn). 🥰 Điều đặc biệt ở đây là đồ ăn rất vừa vị, tươi ngon, sạch sẽ và giá cả hợp lý. 👍 Những ai bận rộn không có thời ... Dec 11, 2023 · Khám phá quán lẩu ốc đông khách tại Thái Nguyên. Tag bạn bè và đến thử ngay! #thainguyen #foodreview #lauoc Aug 4, 2026 · Các lựa chọn phổ biến bao gồm cà phê pha, đồ uống lạnh và các món phù hợp với gu địa phương. Điều này phản ánh sự đồng nhất về chất lượng và phục vụ — hai yếu tố quan trọng khiến quán được nhắc tới trong tìm kiếm như ""detié coffee"" hay ""quán cafe Thái Nguyên"". Oct 7, 2023 · 622 Lượt thích,36 Bình luận.Video TikTok từ Thái Nguyên Tất Tần Tật (@thainguyentattantatt): ""Khám phá quán nhậu City Beer với hơn 140 món ngon tại Thái Nguyên."
Gia Sàng,Thái Nguyên,quán ăn ở Gia Sàng Thái Nguyên,7311200746521808130,thainguyentattantatt,https://www.tiktok.com/@thainguyentattantatt/video/7311200746521808130,Quán Lẩu Ốc Siêu Đông Khách Ở Thái Nguyên | TikTokDETIÉ café Thái Nguyên - Quán cà phê 271 Phan Đình Phùng | TikTokCity Beer - Quán Nhậu Chất Lượng tại Thái Nguyên | TikTok,"Dec 11, 2023 · Khám phá quán lẩu ốc đông khách tại Thái Nguyên. Tag bạn bè và đến thử ngay! #thainguyen #foodreview #lauoc Aug 4, 2026 · Các lựa chọn phổ biến bao gồm cà phê pha, đồ uống lạnh và các món phù hợp với gu địa phương. Điều này phản ánh sự đồng nhất về chất lượng và phục vụ — hai yếu tố quan trọng khiến quán được nhắc tới trong tìm kiếm như ""detié coffee"" hay ""quán cafe Thái Nguyên"". Oct 7, 2023 · 622 Lượt thích,36 Bình luận.Video TikTok từ Thái Nguyên Tất Tần Tật (@thainguyentattantatt): ""Khám phá quán nhậu City Beer với hơn 140 món ngon tại Thái Nguyên."
Gia Sàng,Thái Nguyên,quán ăn ở Gia Sàng Thái Nguyên,7670103414616919314,detie.cafe,https://www.tiktok.com/@detie.cafe/video/7670103414616919314,DETIÉ café Thái Nguyên - Quán cà phê 271 Phan Đình Phùng | TikTok,"Aug 4, 2026 · Các lựa chọn phổ biến bao gồm cà phê pha, đồ uống lạnh và các món phù hợp với gu địa phương. Điều này phản ánh sự đồng nhất về chất lượng và phục vụ — hai yếu tố quan trọng khiến quán được nhắc tới trong tìm kiếm như ""detié coffee"" hay ""quán cafe Thái Nguyên""."
Gia Sàng,Thái Nguyên,quán ăn ở Gia Sàng Thái Nguyên,7287168957373631762,thainguyentattantatt,https://www.tiktok.com/@thainguyentattantatt/video/7287168957373631762,City Beer - Quán Nhậu Chất Lượng tại Thái Nguyên | TikTok,"Oct 7, 2023 · 622 Lượt thích,36 Bình luận.Video TikTok từ Thái Nguyên Tất Tần Tật (@thainguyentattantatt): ""Khám phá quán nhậu City Beer với hơn 140 món ngon tại Thái Nguyên."
Quan Triều,Thái Nguyên,quán ăn ở Quan Triều Thái Nguyên,7509467570899111176,slamluonlow,https://www.tiktok.com/@slamluonlow/video/7509467570899111176,Khám Phá Quán Ăn Vặt Nổi Tiếng Ở Thái Nguyên | TikTok,"May 28, 2025 · Tìm hiểu về quán ăn vặt nổi tiếng mở cả ngày tại Thái Nguyên với những món ngon hấp dẫn. Xem ngay để không bỏ lỡ! #thainguyen #reviewfood #xuhuong"
Quan Triều,Thái Nguyên,quán ăn ở Quan Triều Thái Nguyên,7528989993843494152,_troosismeee,https://www.tiktok.com/@_troosismeee/video/7528989993843494152,Top Quán Ăn Ngon Ở Thái Nguyên Không Thể Bỏ Lỡ | TikTok,"Jul 20, 2025 · Khám phá những món ăn tuyệt vời tại Thái Nguyên qua video này! Tìm hiểu ngay để không bỏ lỡ. Đây là bản tóm tắt nội dung do AI tạo và không nhằm mục đích cung cấp ngữ cảnh thực tế."
Quan Triều,Thái Nguyên,quán ăn ở Quan Triều Thái Nguyên,7617065326655704327,fufuya05,https://www.tiktok.com/@fufuya05/video/7617065326655704327,Khám Phá Quán Ăn Ngon Ở Triều Khúc | TikTok,"89 Lượt thích,Video TikTok từ FUFUYA🦆 (@fufuya05): ""Khám phá quán ăn gần Công nghệ GTVT tại Triều Khúc. Thưởng thức ẩm thực độc đáo và hấp dẫn! #fufuya #doantrungquoc #food #trieukhuc #ancungtiktok""."
Quan Triều,Thái Nguyên,quán ăn ở Quan Triều Thái Nguyên,7671211866462358792,bbitrinh3,https://www.tiktok.com/@bbitrinh3/video/7671211866462358792,Địa điểm ăn chơi mới ở Thái Nguyên | TikTok,"Gợi ý địa điểm ăn chơi mới tại Thái Nguyên dành cho chị em Lead Một số địa điểm ăn uống, cà phê và điểm check-in mới đang thu hút chị em Thái Nguyên—từ quán ăn ngon, quán cà phê decor xinh đến bar, pub và những góc sống ảo thích hợp gặp gỡ bạn bè."
Quan Triều,Thái Nguyên,quán ăn ở Quan Triều Thái Nguyên,7663879646265625877,_yen_thanh_,https://www.tiktok.com/@_yen_thanh_/video/7663879646265625877,Bún riêu ngon nhất BK: review quán bún riêu ở Thái Nguyên ...,"Kết luận và khuyến nghị Quán bún riêu này xứng đáng với lời đồn “ngon nhất BK”. Nếu ở Thái Nguyên hoặc ghé qua, nên thử ít nhất một lần để tự đánh giá: thử nước dùng trước, điều chỉnh gia vị với chanh, ớt và rau sống theo khẩu vị. Bạn đã thử quán này chưa?"
Quan Triều,Thái Nguyên,quán ăn ở Quan Triều Thái Nguyên,7559576625394781448,nguoingonanngon,https://www.tiktok.com/@nguoingonanngon/video/7559576625394781448,Khám Phá Quán Lẩu Ếch Ngon Rẻ Tại Triều Khúc | TikTok,"Oct 10, 2025 · Trải nghiệm lẩu ếch tại quán mới mở ở Triều Khúc với giá chỉ từ 200k và chương trình khuyến mãi hấp dẫn. Đừng bỏ lỡ! #ancungtiktok #reviewanngon #hanoifood Đây là bản tóm tắt nội dung do AI tạo và không nhằm mục đích cung cấp ngữ cảnh thực tế."
Tích Lương,Thái Nguyên,quán ăn ở Tích Lương Thái Nguyên,7688624052310756615,thuytien8915,https://www.tiktok.com/@thuytien8915/video/7688624052310756615,Đèn lồng Phường Tích Lương Thái Nguyên đẹp không? | TikTok,"Đèn của Phường Tích Lương Thái Nguyên được giới thiệu trong video và người đăng hỏi ý kiến: ""đẹp không?"". Người đăng viết họ thấy đẹp và dùng biểu tượng cảm xúc trái tim mắt và ngón tay cái để tán thành, kèm chú thích ""con voi đẹp""."
Tích Lương,Thái Nguyên,quán ăn ở Tích Lương Thái Nguyên,7645208182838578446,hienluong212121,https://www.tiktok.com/@hienluong212121/video/7645208182838578446,Hiền Lương mukbang ideas and phrases for TikTok | TikTok,"Short caption and hook examples (suitable for TikTok subtitles) - “Ăn hiền lương, tâm bình” - “Mukbang nhẹ nhàng: hiền lương ăn cùng bạn” - “Thưởng thức bữa ăn hiền lương” These are concise, easy to read on video and match user searches for calm or gentle mukbangs."
Tích Lương,Thái Nguyên,quán ăn ở Tích Lương Thái Nguyên,7668997163057188116,ceotuoinabi,https://www.tiktok.com/@ceotuoinabi/video/7668997163057188116,Trao quà tại Tích Lương Thái Nguyên: địa điểm & thời gian ...,"Thông tin hữu ích khi tìm kiếm: nếu bạn cần biết địa chỉ cụ thể ở Tích Lương hoặc lịch tổ chức sự kiện tương tự, tìm theo từ khóa ""khu Tích Lương Thái Nguyên"" hoặc ""phường Tích Lương Thái Nguyên"" để xem bản đồ và cập nhật sự kiện."
Tích Lương,Thái Nguyên,quán ăn ở Tích Lương Thái Nguyên,7586628103959498005,20thainguyenchat,https://www.tiktok.com/@20thainguyenchat/video/7586628103959498005,"Th linh 214 th linh,214,thcs phú xá ở tích lương Thái Nguyên ...Top Quán Ăn Ngon Ở Thái Nguyên Không Thể Bỏ Lỡ | TikTok","Dec 22, 2025 · 87 Lượt thích,Video TikTok từ Thái Nguyên no1 (@20thainguyenchat): ""Th linh 214 th linh,214,thcs phú xá ở tích lương Thái Nguyên xinh gái dễ thương vui tính dịu dàng nói chung là yeuuu 😍"".nhạc nền - 🦄🤍 - No Troll left behind!. Jul 20, 2025 · Khám phá những món ăn tuyệt vời tại Thái Nguyên qua video này! Tìm hiểu ngay để không bỏ lỡ. Đây là bản tóm tắt nội dung do AI tạo và không nhằm mục đích cung cấp ngữ cảnh thực tế."
Tích Lương,Thái Nguyên,quán ăn ở Tích Lương Thái Nguyên,7528989993843494152,_troosismeee,https://www.tiktok.com/@_troosismeee/video/7528989993843494152,Top Quán Ăn Ngon Ở Thái Nguyên Không Thể Bỏ Lỡ | TikTok,"Jul 20, 2025 · Khám phá những món ăn tuyệt vời tại Thái Nguyên qua video này! Tìm hiểu ngay để không bỏ lỡ. Đây là bản tóm tắt nội dung do AI tạo và không nhằm mục đích cung cấp ngữ cảnh thực tế."
Sông Công,Thái Nguyên,quán ăn ở Sông Công Thái Nguyên,7310058154895691009,tiemnhabong9002,https://www.tiktok.com/@tiemnhabong9002/video/7310058154895691009,Top Quán Ngon tại Sông Công Thái Nguyên Chỉ Đường | TikTok,"Dec 8, 2023 · Khám phá các quán ăn ngon ở Sông Công, từ buffet đậm đà đến nướng hấp dẫn. Đặt bàn ngay để không bỏ lỡ! #SôngCông #QuánĂnNgon #Buffet129"
Sông Công,Thái Nguyên,quán ăn ở Sông Công Thái Nguyên,7382544991953898760,pvt.bo,https://www.tiktok.com/@pvt.bo/video/7382544991953898760,"Review Nhà Hàng Dê Tươi Giang Điền Tại Sông Công | TikTokTop Quán Ăn Ngon Nhất Tại Thái Nguyên | TikTokTop Quán Ăn Ngon Ở Thái Nguyên Không Thể Bỏ Lỡ | TikTok#số198_đcmt8_sông_công_thái_nguyên Gắn hashtag cho các video ...Trai Sông Công Thái Nguyên: Điểm danh hot trend TikTok | TikTokĐịa Điểm Đi Chơi Ở Thái Nguyên: Review Quán 15k, Quán Đồ Ăn ...","Jun 20, 2024 · Với không gian rộng rãi và sức chứa lên đến 400 khách, đây chắc chắn là một địa điểm lý tưởng cho những buổi tụ họp hay sự kiện quan trọng. Nhà hàng tọa lạc tại địa chỉ 8 tổ Lê Hồng Phong, phường Châu Sơn, tỉnh Thái Nguyên. TikTok video from Du Học Sinh Thái Nguyên 🐣 (@duhocsinhthainguyen26): “Khám phá các quán ăn đỉnh nhất tại Thái Nguyên. Vote để biết bạn yêu thích quán nào! #duhocsinhthainguyen26 #thainguyenangi #anngonthainguyen”. Jul 20, 2025 · Khám phá những món ăn tuyệt vời tại Thái Nguyên qua video này! Tìm hiểu ngay để không bỏ lỡ. Đây là bản tóm tắt nội dung do AI tạo và không nhằm mục đích cung cấp ngữ cảnh thực tế. #số198_đcmt8_sông_công_thái_nguyên | 52 người đã xem nội dung này. Xem các video ngắn về #số198_đcmt8_sông_công_thái_nguyên trên TikTok. Nội dung chính - Chủ đề chính: điểm danh trai Sông Công Thái Nguyên dưới hashtag #20thainguyen. Đây là một dạng clip xu hướng trên TikTok, kêu gọi nam thanh niên từ khu vực Sông Công, Thái Nguyên tham gia bằng cách để lại dấu hiệu, bình luận hoặc tạo clip tương tự. Jun 25, 2024 · Khám phá địa điểm đi chơi ở Thái Nguyên bao gồm quán 15k, quán đồ ăn ngon và khu vui chơi đầy màu sắc. Đừng bỏ lỡ những trải nghiệm hấp dẫn này! #thainguyen #travel #thaiaroi"
Sông Công,Thái Nguyên,quán ăn ở Sông Công Thái Nguyên,7528989993843494152,_troosismeee,https://www.tiktok.com/@_troosismeee/video/7528989993843494152,Top Quán Ăn Ngon Ở Thái Nguyên Không Thể Bỏ Lỡ | TikTok,"Jul 20, 2025 · Khám phá những món ăn tuyệt vời tại Thái Nguyên qua video này! Tìm hiểu ngay để không bỏ lỡ. Đây là bản tóm tắt nội dung do AI tạo và không nhằm mục đích cung cấp ngữ cảnh thực tế."
Sông Công,Thái Nguyên,quán ăn ở Sông Công Thái Nguyên,7665712473927945492,_thudo,https://www.tiktok.com/@_thudo/video/7665712473927945492,Trai Sông Công Thái Nguyên: Điểm danh hot trend TikTok | TikTok,"Nội dung chính - Chủ đề chính: điểm danh trai Sông Công Thái Nguyên dưới hashtag #20thainguyen. Đây là một dạng clip xu hướng trên TikTok, kêu gọi nam thanh niên từ khu vực Sông Công, Thái Nguyên tham gia bằng cách để lại dấu hiệu, bình luận hoặc tạo clip tương tự."
Sông Công,Thái Nguyên,quán ăn ở Sông Công Thái Nguyên,7384460049382411527,phammy97,https://www.tiktok.com/@phammy97/video/7384460049382411527,"Địa Điểm Đi Chơi Ở Thái Nguyên: Review Quán 15k, Quán Đồ Ăn ...","Jun 25, 2024 · Khám phá địa điểm đi chơi ở Thái Nguyên bao gồm quán 15k, quán đồ ăn ngon và khu vui chơi đầy màu sắc. Đừng bỏ lỡ những trải nghiệm hấp dẫn này! #thainguyen #travel #thaiaroi"
Bách Quang,Thái Nguyên,quán ăn ở Bách Quang Thái Nguyên,7528989993843494152,_troosismeee,https://www.tiktok.com/@_troosismeee/video/7528989993843494152,Top Quán Ăn Ngon Ở Thái Nguyên Không Thể Bỏ Lỡ | TikTok,"Jul 20, 2025 · Khám phá những món ăn tuyệt vời tại Thái Nguyên qua video này! Tìm hiểu ngay để không bỏ lỡ. Đây là bản tóm tắt nội dung do AI tạo và không nhằm mục đích cung cấp ngữ cảnh thực tế."
Bách Quang,Thái Nguyên,quán ăn ở Bách Quang Thái Nguyên,7073409383484493083,eatwithmynoreo,https://www.tiktok.com/@eatwithmynoreo/video/7073409383484493083,"Khám Phá Quán Ăn Gia Đình Tại Ngõ 48 Tạ Quang Bửu | TikTokQuán The Juicy Thái Nguyên - menu, chỉ đường và review ngắn ...Khám Phá Quán Ăn Vặt Nổi Tiếng Ở Thái Nguyên | TikTok","Mar 10, 2022 · Keywords: quán ăn gia đình Bách Khoa, Bebe quán ăn ngon, ăn uống Tạ Quang Bửu, địa điểm ăn uống Hà Nội, quán bia Bách Khoa, món ngon tại Bách Khoa, không gian ấm cúng quán ăn, trải nghiệm ẩm thực Hà Nội, ăn uống tụ tập bạn bè, quán ăn gần công an phường Bách Khoa Kết luận Quán The Juicy Thái Nguyên là lựa chọn tiện lợi cho nước ép và trà trái cây tại Thái Nguyên. Dùng tên quán và biến thể tìm kiếm nêu trên để xem menu, chỉ đường và đánh giá nhanh trước khi tới. May 28, 2025 · Tìm hiểu về quán ăn vặt nổi tiếng mở cả ngày tại Thái Nguyên với những món ngon hấp dẫn. Xem ngay để không bỏ lỡ! #thainguyen #reviewfood #xuhuong"
Bách Quang,Thái Nguyên,quán ăn ở Bách Quang Thái Nguyên,7657048996493479188,juicy.v.nhng.s.bt,https://www.tiktok.com/@juicy.v.nhng.s.bt/video/7657048996493479188,"Quán The Juicy Thái Nguyên - menu, chỉ đường và review ngắn ...","Kết luận Quán The Juicy Thái Nguyên là lựa chọn tiện lợi cho nước ép và trà trái cây tại Thái Nguyên. Dùng tên quán và biến thể tìm kiếm nêu trên để xem menu, chỉ đường và đánh giá nhanh trước khi tới."
Bách Quang,Thái Nguyên,quán ăn ở Bách Quang Thái Nguyên,7509467570899111176,slamluonlow,https://www.tiktok.com/@slamluonlow/video/7509467570899111176,Khám Phá Quán Ăn Vặt Nổi Tiếng Ở Thái Nguyên | TikTok,"May 28, 2025 · Tìm hiểu về quán ăn vặt nổi tiếng mở cả ngày tại Thái Nguyên với những món ngon hấp dẫn. Xem ngay để không bỏ lỡ! #thainguyen #reviewfood #xuhuong"
Bá Xuyên,Thái Nguyên,quán ăn ở Bá Xuyên Thái Nguyên,7477149605201857810,odaycoanh1993,https://www.tiktok.com/@odaycoanh1993/video/7477149605201857810,"Quán Cơm Ngon Đường Bắc Sơn, Thái Nguyên | TikTokTop Quán Ăn Ngon Ở Thái Nguyên Không Thể Bỏ Lỡ | TikTokTikTok - Make Your DayQuán nem nướng Tiệm cô ba ở Thái Nguyên | TikTokTiệm Cô Ba: Lựa Chọn Ăn Đêm Ngon Ở Thái Nguyên | TikTokĐịa điểm ăn chơi mới ở Thái Nguyên | TikTokXu hướng TikTok Thái Nguyên 2026: xu huong TikTok và viral ...","Ở đây nổi tiếng nhất là món bánh tráng cuốn thịt heo chiên giòn 🥓 hoặc các món lẩu cũng rất đáng thử. 🍲 Cơm ở đây ngon, vừa miệng, bạn có thể order thêm thịt hoặc các món khác theo ý thích. Jul 20, 2025 · Khám phá những món ăn tuyệt vời tại Thái Nguyên qua video này! Tìm hiểu ngay để không bỏ lỡ. Đây là bản tóm tắt nội dung do AI tạo và không nhằm mục đích cung cấp ngữ cảnh thực tế. TikTok - trends start here. On a device or on the web, viewers can watch and discover millions of personalized short videos. Download the app to get started. Oct 25, 2024 · Khám phá quán nem nướng Tiệm cô ba gần khu ĐH Thái Nguyên. Thưởng thức món ngon và đánh giá trung thực từ thực khách! #xuhuong #riview #foodreview #thainguyenvivu Dec 4, 2024 · Khám phá tiệm Cô Ba với những món ăn đêm hấp dẫn ở Thái Nguyên. Đừng bỏ lỡ! #xuhuong #riview #foodreview #thainguyenvivu Gợi ý địa điểm ăn chơi mới tại Thái Nguyên dành cho chị em Lead Một số địa điểm ăn uống, cà phê và điểm check-in mới đang thu hút chị em Thái Nguyên—từ quán ăn ngon, quán cà phê decor xinh đến bar, pub và những góc sống ảo thích hợp gặp gỡ bạn bè. Các loại nội dung dễ viral - Video điểm đến nổi bật ở Thái Nguyên: góc quay ngắn, phụ đề rõ ràng, nhạc thịnh hành. - Review đồ ăn, quán cà phê địa phương: thời lượng ngắn, mô tả hương vị, giá cả. - Thử thách và trào lưu nhảy theo bản nhạc hot kèm hashtag #xuhuongtiktok."
Bá Xuyên,Thái Nguyên,quán ăn ở Bá Xuyên Thái Nguyên,7528989993843494152,_troosismeee,https://www.tiktok.com/@_troosismeee/video/7528989993843494152,Top Quán Ăn Ngon Ở Thái Nguyên Không Thể Bỏ Lỡ | TikTok,"Jul 20, 2025 · Khám phá những món ăn tuyệt vời tại Thái Nguyên qua video này! Tìm hiểu ngay để không bỏ lỡ. Đây là bản tóm tắt nội dung do AI tạo và không nhằm mục đích cung cấp ngữ cảnh thực tế."
Bá Xuyên,Thái Nguyên,quán ăn ở Bá Xuyên Thái Nguyên,7429620429322472722,fooddahoric,https://www.tiktok.com/@fooddahoric/video/7429620429322472722,Quán nem nướng Tiệm cô ba ở Thái Nguyên | TikTokTiệm Cô Ba: Lựa Chọn Ăn Đêm Ngon Ở Thái Nguyên | TikTokĐịa điểm ăn chơi mới ở Thái Nguyên | TikTokXu hướng TikTok Thái Nguyên 2026: xu huong TikTok và viral ...,"Oct 25, 2024 · Khám phá quán nem nướng Tiệm cô ba gần khu ĐH Thái Nguyên. Thưởng thức món ngon và đánh giá trung thực từ thực khách! #xuhuong #riview #foodreview #thainguyenvivu Dec 4, 2024 · Khám phá tiệm Cô Ba với những món ăn đêm hấp dẫn ở Thái Nguyên. Đừng bỏ lỡ! #xuhuong #riview #foodreview #thainguyenvivu Gợi ý địa điểm ăn chơi mới tại Thái Nguyên dành cho chị em Lead Một số địa điểm ăn uống, cà phê và điểm check-in mới đang thu hút chị em Thái Nguyên—từ quán ăn ngon, quán cà phê decor xinh đến bar, pub và những góc sống ảo thích hợp gặp gỡ bạn bè. Các loại nội dung dễ viral - Video điểm đến nổi bật ở Thái Nguyên: góc quay ngắn, phụ đề rõ ràng, nhạc thịnh hành. - Review đồ ăn, quán cà phê địa phương: thời lượng ngắn, mô tả hương vị, giá cả. - Thử thách và trào lưu nhảy theo bản nhạc hot kèm hashtag #xuhuongtiktok."
Bá Xuyên,Thái Nguyên,quán ăn ở Bá Xuyên Thái Nguyên,7444442159287209237,fooddahoric,https://www.tiktok.com/@fooddahoric/video/7444442159287209237,Tiệm Cô Ba: Lựa Chọn Ăn Đêm Ngon Ở Thái Nguyên | TikTokĐịa điểm ăn chơi mới ở Thái Nguyên | TikTokXu hướng TikTok Thái Nguyên 2026: xu huong TikTok và viral ...,"Dec 4, 2024 · Khám phá tiệm Cô Ba với những món ăn đêm hấp dẫn ở Thái Nguyên. Đừng bỏ lỡ! #xuhuong #riview #foodreview #thainguyenvivu Gợi ý địa điểm ăn chơi mới tại Thái Nguyên dành cho chị em Lead Một số địa điểm ăn uống, cà phê và điểm check-in mới đang thu hút chị em Thái Nguyên—từ quán ăn ngon, quán cà phê decor xinh đến bar, pub và những góc sống ảo thích hợp gặp gỡ bạn bè. Các loại nội dung dễ viral - Video điểm đến nổi bật ở Thái Nguyên: góc quay ngắn, phụ đề rõ ràng, nhạc thịnh hành. - Review đồ ăn, quán cà phê địa phương: thời lượng ngắn, mô tả hương vị, giá cả. - Thử thách và trào lưu nhảy theo bản nhạc hot kèm hashtag #xuhuongtiktok."
Bá Xuyên,Thái Nguyên,quán ăn ở Bá Xuyên Thái Nguyên,7671211866462358792,bbitrinh3,https://www.tiktok.com/@bbitrinh3/video/7671211866462358792,Địa điểm ăn chơi mới ở Thái Nguyên | TikTok,"Gợi ý địa điểm ăn chơi mới tại Thái Nguyên dành cho chị em Lead Một số địa điểm ăn uống, cà phê và điểm check-in mới đang thu hút chị em Thái Nguyên—từ quán ăn ngon, quán cà phê decor xinh đến bar, pub và những góc sống ảo thích hợp gặp gỡ bạn bè."
Bá Xuyên,Thái Nguyên,quán ăn ở Bá Xuyên Thái Nguyên,7645115929445092616,shopgiare_thainguyen,https://www.tiktok.com/@shopgiare_thainguyen/video/7645115929445092616,Xu hướng TikTok Thái Nguyên 2026: xu huong TikTok và viral ...,"Các loại nội dung dễ viral - Video điểm đến nổi bật ở Thái Nguyên: góc quay ngắn, phụ đề rõ ràng, nhạc thịnh hành. - Review đồ ăn, quán cà phê địa phương: thời lượng ngắn, mô tả hương vị, giá cả. - Thử thách và trào lưu nhảy theo bản nhạc hot kèm hashtag #xuhuongtiktok."
Linh Sơn,Thái Nguyên,quán ăn ở Linh Sơn Thái Nguyên,nbc-6-news,,https://www.nbcmiami.com/video/nbc-6-news/video-appears-to-show-blogger-perez-hilton-livestreaming-self-harm-on-tiktok/3842193/,Video appears to show blogger Perez Hilton livestreaming self ...Peperoncinis recalled after video allegedly shows dead mouse ...Perth teenager slammed for TikTok video dancing on top of 13 ...‘Soul-sucking’: Junior lawyer sacked after TikTok videoBest TikTok Scrapers: Scrape Video & Profile DataVile 'young Irish child dancing naked' TikTok video fuels ...Viral TikTok video shows heartwarming other side of Iowa's ...,"Deputies responded to a home in Miami-Dade on Tuesday night after receiving multiple calls about a person livestreaming themselves self-harming on social media. NBC6’s Julia Bagg reports. 1 day ago · TikTok videos appeared to show dead mouse in jar A video, posted Sept. 16, show a TikTok user warning watchers not to buy the brand because “I have a dead mouse in mine.” In the clip, the user ... 1 day ago · Shocking footage has emerged of a Perth teenager dancing on top of a decomposing 31-tonne humpback whale at City Beach, in a act that has been slammed as ‘wholly inappropriate’. Aug 11, 2026 · A young Aussie lawyer says she’s been sacked after four weeks on the job for sharing a TikTok video about the apparent “soul-sucking” conditions faced by juniors in the industry. Jul 24, 2026 · Compare the best TikTok scraper tools in 2026. Scrape TikTok video, profile, and user data with Python or API. Includes benchmark results and step-by-step code. Nov 17, 2020 · News TikTok Vile 'young Irish child dancing naked' TikTok video fuels parent warning to keep children off app If you or your child has come across the sickening video, you are advised to report it ... Sep 15, 2026 · TikTok user Jamie Schallock posted a side-by-side video to her account on Sunday. On the left, it showed a view of the University of Iowa's iconic "" Hawkeye Wave,"" which takes place during every ..."
Linh Sơn,Thái Nguyên,quán ăn ở Linh Sơn Thái Nguyên,7676404085272169749,theotrasanghan,https://www.tiktok.com/@theotrasanghan/video/7676404085272169749,"Đánh giá đồ ăn Lý Sơn: đặc sản, quán ngon và trải nghiệm 2026 ...",Kết luận Đồ ăn Lý Sơn được đánh giá cao nhờ nguồn nguyên liệu tươi từ biển và gia vị địa phương như tỏi Lý Sơn. Du khách nên thử hải sản tươi chế biến đơn giản và hỏi người địa phương về quán ngon để có trải nghiệm ẩm thực trọn vẹn.
Linh Sơn,Thái Nguyên,quán ăn ở Linh Sơn Thái Nguyên,7528989993843494152,_troosismeee,https://www.tiktok.com/@_troosismeee/video/7528989993843494152,Top Quán Ăn Ngon Ở Thái Nguyên Không Thể Bỏ Lỡ | TikTok,"Jul 20, 2025 · Khám phá những món ăn tuyệt vời tại Thái Nguyên qua video này! Tìm hiểu ngay để không bỏ lỡ. Đây là bản tóm tắt nội dung do AI tạo và không nhằm mục đích cung cấp ngữ cảnh thực tế."
Linh Sơn,Thái Nguyên,quán ăn ở Linh Sơn Thái Nguyên,7671211866462358792,bbitrinh3,https://www.tiktok.com/@bbitrinh3/video/7671211866462358792,Địa điểm ăn chơi mới ở Thái Nguyên | TikTok,"Gợi ý địa điểm ăn chơi mới tại Thái Nguyên dành cho chị em Lead Một số địa điểm ăn uống, cà phê và điểm check-in mới đang thu hút chị em Thái Nguyên—từ quán ăn ngon, quán cà phê decor xinh đến bar, pub và những góc sống ảo thích hợp gặp gỡ bạn bè."
Linh Sơn,Thái Nguyên,quán ăn ở Linh Sơn Thái Nguyên,7645115929445092616,shopgiare_thainguyen,https://www.tiktok.com/@shopgiare_thainguyen/video/7645115929445092616,Xu hướng TikTok Thái Nguyên 2026: xu huong TikTok và viral ...,"Các loại nội dung dễ viral - Video điểm đến nổi bật ở Thái Nguyên: góc quay ngắn, phụ đề rõ ràng, nhạc thịnh hành. - Review đồ ăn, quán cà phê địa phương: thời lượng ngắn, mô tả hương vị, giá cả. - Thử thách và trào lưu nhảy theo bản nhạc hot kèm hashtag #xuhuongtiktok."
Linh Sơn,Thái Nguyên,quán ăn ở Linh Sơn Thái Nguyên,7688556241207151879,nongsanthainguyen,https://www.tiktok.com/@nongsanthainguyen/video/7688556241207151879,Thái Nguyên ăn đêm ở đâu ngon | TikTok,"Video tập trung vào chủ đề Thái Nguyên ăn đêm ở đâu ngon. Nội dung dùng cụm từ Thái Nguyên và ăn đêm, kèm thẻ #thainguyen, #angihomnay, #thainguyen20, #xuhuongtiktok, #nongsanviet. Những yếu tố nổi bật gồm địa danh Thái Nguyên và ý định tìm địa điểm ăn đêm ngon."
Linh Sơn,Thái Nguyên,quán ăn ở Linh Sơn Thái Nguyên,7683859220864765205,beoner.daily,https://www.tiktok.com/@beoner.daily/video/7683859220864765205,"Quán mì cay ở Tánh Linh: địa điểm, cảm nhận và hashtag | TikTok","Quán mì cay này ở Tánh Linh nhưng tên quán thì mình quên rùi. Nội dung ngắn gọn: một minivlog ghi lại trải nghiệm ăn mì cay tại Tánh Linh, tập trung vào hương vị, không gian và cảm xúc cá nhân."
Phúc Thuận,Thái Nguyên,quán ăn ở Phúc Thuận Thái Nguyên,7681342663467240725,thosan_tien_thuong,https://www.tiktok.com/@thosan_tien_thuong/video/7681342663467240725,"Phúc Thuận Phổ Yên Thái Nguyên #hottrend #xuhuong | TikTokTop Quán Ăn Ngon Ở Thái Nguyên Không Thể Bỏ Lỡ | TikTokHashtag chủ đề Ăn nhậu, Liên hoan, Tất niên, Tiệc tùng - Biển ...TikTok One Creative SuiteĐịa điểm ăn chơi mới ở Thái Nguyên | TikTokXu hướng TikTok Thái Nguyên 2026: xu huong TikTok và viral ...Khám Phá Quán Ăn Vặt Nổi Tiếng Ở Thái Nguyên | TikTok","48 Lượt thích,Video TikTok từ Thợ Săn Tiền Thưởng (@thosan_tien_thuong): ""Phúc Thuận Phổ Yên Thái Nguyên #hottrend #xuhuong"".original sound - panda mun. Jul 20, 2025 · Khám phá những món ăn tuyệt vời tại Thái Nguyên qua video này! Tìm hiểu ngay để không bỏ lỡ. Đây là bản tóm tắt nội dung do AI tạo và không nhằm mục đích cung cấp ngữ cảnh thực tế. Mua Hashtag chủ đề Ăn nhậu, Liên hoan, Tất niên, Tiệc tùng - Biển bảng chụp ảnh Sẵn keo - Viet Decor trên TikTok Shop. Săn giá siêu hời cho Đồ trang trí lễ hội và được freeship mặt hàng đủ điều kiện. Hashtag Discover new trends on TikTok through hashtags Creator Coming soon Connect with the hottest creators on TikTok Video Find inspiration through trending TikTok videos Gợi ý địa điểm ăn chơi mới tại Thái Nguyên dành cho chị em Lead Một số địa điểm ăn uống, cà phê và điểm check-in mới đang thu hút chị em Thái Nguyên—từ quán ăn ngon, quán cà phê decor xinh đến bar, pub và những góc sống ảo thích hợp gặp gỡ bạn bè. Các loại nội dung dễ viral - Video điểm đến nổi bật ở Thái Nguyên: góc quay ngắn, phụ đề rõ ràng, nhạc thịnh hành. - Review đồ ăn, quán cà phê địa phương: thời lượng ngắn, mô tả hương vị, giá cả. - Thử thách và trào lưu nhảy theo bản nhạc hot kèm hashtag #xuhuongtiktok. May 28, 2025 · Tìm hiểu về quán ăn vặt nổi tiếng mở cả ngày tại Thái Nguyên với những món ngon hấp dẫn. Xem ngay để không bỏ lỡ! #thainguyen #reviewfood #xuhuong"
Phúc Thuận,Thái Nguyên,quán ăn ở Phúc Thuận Thái Nguyên,7528989993843494152,_troosismeee,https://www.tiktok.com/@_troosismeee/video/7528989993843494152,Top Quán Ăn Ngon Ở Thái Nguyên Không Thể Bỏ Lỡ | TikTok,"Jul 20, 2025 · Khám phá những món ăn tuyệt vời tại Thái Nguyên qua video này! Tìm hiểu ngay để không bỏ lỡ. Đây là bản tóm tắt nội dung do AI tạo và không nhằm mục đích cung cấp ngữ cảnh thực tế."
Phúc Thuận,Thái Nguyên,quán ăn ở Phúc Thuận Thái Nguyên,7671211866462358792,bbitrinh3,https://www.tiktok.com/@bbitrinh3/video/7671211866462358792,Địa điểm ăn chơi mới ở Thái Nguyên | TikTok,"Gợi ý địa điểm ăn chơi mới tại Thái Nguyên dành cho chị em Lead Một số địa điểm ăn uống, cà phê và điểm check-in mới đang thu hút chị em Thái Nguyên—từ quán ăn ngon, quán cà phê decor xinh đến bar, pub và những góc sống ảo thích hợp gặp gỡ bạn bè."
Phúc Thuận,Thái Nguyên,quán ăn ở Phúc Thuận Thái Nguyên,7645115929445092616,shopgiare_thainguyen,https://www.tiktok.com/@shopgiare_thainguyen/video/7645115929445092616,Xu hướng TikTok Thái Nguyên 2026: xu huong TikTok và viral ...,"Các loại nội dung dễ viral - Video điểm đến nổi bật ở Thái Nguyên: góc quay ngắn, phụ đề rõ ràng, nhạc thịnh hành. - Review đồ ăn, quán cà phê địa phương: thời lượng ngắn, mô tả hương vị, giá cả. - Thử thách và trào lưu nhảy theo bản nhạc hot kèm hashtag #xuhuongtiktok."
Phúc Thuận,Thái Nguyên,quán ăn ở Phúc Thuận Thái Nguyên,7509467570899111176,slamluonlow,https://www.tiktok.com/@slamluonlow/video/7509467570899111176,Khám Phá Quán Ăn Vặt Nổi Tiếng Ở Thái Nguyên | TikTok,"May 28, 2025 · Tìm hiểu về quán ăn vặt nổi tiếng mở cả ngày tại Thái Nguyên với những món ngon hấp dẫn. Xem ngay để không bỏ lỡ! #thainguyen #reviewfood #xuhuong"
Phổ Yên,Thái Nguyên,quán ăn ở Phổ Yên Thái Nguyên,7665762163495210261,dlinhxinchaohihi,https://www.tiktok.com/@dlinhxinchaohihi/video/7665762163495210261,Quán chè ngon Phổ Yên Thái Nguyên: tọa độ ăn chè phải thử ...,"Kết thúc (takeaway) Nếu bạn ở Phổ Yên, Thái Nguyên và muốn thử chè bốn mùa hoặc chè bò, đây là một tọa độ nên lưu lại. Tìm thêm bằng hashtag #phoyenthainguyen hoặc #dlinhxinchao để xem hình và đánh giá trước khi tới."
Phổ Yên,Thái Nguyên,quán ăn ở Phổ Yên Thái Nguyên,7503133249519078702,sinhvienthainguyen20,https://www.tiktok.com/@sinhvienthainguyen20/video/7503133249519078702,Khám Phá Địa Điểm Ăn Ngon Tại Phổ Yên | TikTok,"May 11, 2025 · 3091 Lượt thích,Video TikTok từ Sinh viên Thái Nguyên🎀 (@sinhvienthainguyen20): ""Cùng mình tìm hiểu các quán ăn ngon và nơi vui chơi thú vị ở Phổ Yên nhé! #review #chill #thainguyen #xuhuong #xuhuongtiktok""."
Phổ Yên,Thái Nguyên,quán ăn ở Phổ Yên Thái Nguyên,7648873857935314197,supgathaixing,https://www.tiktok.com/@supgathaixing/video/7648873857935314197,"Menu quán Phổ Yên 2026: giờ mở cửa, giá & món nổi bật | TikTok","51 Lượt thích,Video TikTok từ Súp Gà Thái Xing (@supgathaixing): ""Cập nhật Menu 2026 tại 545 Phạm Văn Đồng, Phổ Yên: giờ mở cửa, số điện thoại, lưu ý giá óc heo, tôm và món có dấu (*). #supgathaixing #phoyenthainguyen #reviewphoyen""."
Phổ Yên,Thái Nguyên,quán ăn ở Phổ Yên Thái Nguyên,7646633730982956306,thodiathainguyen20,https://www.tiktok.com/@thodiathainguyen20/video/7646633730982956306,Phổ Yên quán nướng tặng 1 tấn thịt tươi cho khách | TikTokLẩu nướng ngon & chill tại Asuno Phổ Yên | TikTokChia sẻ cho tất cả các quán Phổ Yên Thái Nguyên nhé các tình ...,"- Theo dõi cập nhật qua các kênh có gắn hashtag #ansapthainguyen và #thodiathainguyen để nắm chi tiết. Kết thúc Chương trình tặng 1 tấn thịt tươi của Phổ Yên quán nướng là thông tin hấp dẫn cho người yêu ẩm thực ở Thái Nguyên. Đồ ăn đa dạng, bạn có thể ngồi lai rai quên cả thời gian. Không gian quán mát mẻ, sạch sẽ, nhạc nhẹ nhàng, rất hợp để đi ăn cùng bạn bè hoặc hẹn hò. Ngay tại Phổ Yên đã có một chỗ ăn lẩu nướng vừa ngon vừa chill như vậy. Lên kèo ghé Asuno thôi nào! 2623 Lượt thích,51 Bình luận.Video TikTok từ duonganh2kk10 (@duonganh2kk10): ""Chia sẻ cho tất cả các quán Phổ Yên Thái Nguyên nhé các tình yêu"".nhạc nền - FM MEMORIES 📻 - Châu.EP."
Phổ Yên,Thái Nguyên,quán ăn ở Phổ Yên Thái Nguyên,7624876209872194836,asunobbq,https://www.tiktok.com/@asunobbq/video/7624876209872194836,Lẩu nướng ngon & chill tại Asuno Phổ Yên | TikTok,"Đồ ăn đa dạng, bạn có thể ngồi lai rai quên cả thời gian. Không gian quán mát mẻ, sạch sẽ, nhạc nhẹ nhàng, rất hợp để đi ăn cùng bạn bè hoặc hẹn hò. Ngay tại Phổ Yên đã có một chỗ ăn lẩu nướng vừa ngon vừa chill như vậy. Lên kèo ghé Asuno thôi nào!"
Phổ Yên,Thái Nguyên,quán ăn ở Phổ Yên Thái Nguyên,7680054392820600084,duonganh2kk10,https://www.tiktok.com/@duonganh2kk10/video/7680054392820600084,Chia sẻ cho tất cả các quán Phổ Yên Thái Nguyên nhé các tình ...,"2623 Lượt thích,51 Bình luận.Video TikTok từ duonganh2kk10 (@duonganh2kk10): ""Chia sẻ cho tất cả các quán Phổ Yên Thái Nguyên nhé các tình yêu"".nhạc nền - FM MEMORIES 📻 - Châu.EP."
Vạn Xuân,Thái Nguyên,quán ăn ở Vạn Xuân Thái Nguyên,7665559946548759829,thuylungmat.review,https://www.tiktok.com/@thuylungmat.review/video/7665559946548759829,Quán bánh gối & bánh khoai phô mai Chị Xuyến – 76 Vạn Xuân ...,"Lead Đây là trải nghiệm ăn thử quán bánh gối và bánh khoai phô mai siêu đông của Chị Xuyến, địa chỉ 76 Vạn Xuân, Hạ Mỗ, Đan Phượng. Quán mở khoảng 15:30 đến khi hết hàng, thu hút nhiều thực khách."
Vạn Xuân,Thái Nguyên,quán ăn ở Vạn Xuân Thái Nguyên,7673822147566931207,thodiathainguyen20,https://www.tiktok.com/@thodiathainguyen20/video/7673822147566931207,Lịch bán hàng tại Quảng Trường Vạn Xuân của a Hải Sapa | TikTok,"- Nếu cần thông tin cụ thể (sản phẩm, giá, số điện thoại), tìm trên kênh Hải Sapa TV hoặc các bài đăng kèm hashtag #thodiathainguyen để xem chi tiết. Kết luận Bài viết tập trung vào lịch bán hàng tại Quảng Trường Vạn Xuân do a Hải Sapa cung cấp."
Vạn Xuân,Thái Nguyên,quán ăn ở Vạn Xuân Thái Nguyên,7633649533053881621,bepvanxuan,https://www.tiktok.com/@bepvanxuan/video/7633649533053881621,Experience Gourmet Coffee at Quán Vạn Xuân | TikTok,"Quán Vạn Xuân, located at 03 Trần Quốc Toản in Pleiku, Gia Lai, is a coffee lover's haven. This charming cafe offers not only a great selection of coffee but also personalized recommendations to ensure every customer finds a perfect match for their taste."
Vạn Xuân,Thái Nguyên,quán ăn ở Vạn Xuân Thái Nguyên,7528989993843494152,_troosismeee,https://www.tiktok.com/@_troosismeee/video/7528989993843494152,Top Quán Ăn Ngon Ở Thái Nguyên Không Thể Bỏ Lỡ | TikTok,"Jul 20, 2025 · Khám phá những món ăn tuyệt vời tại Thái Nguyên qua video này! Tìm hiểu ngay để không bỏ lỡ. Đây là bản tóm tắt nội dung do AI tạo và không nhằm mục đích cung cấp ngữ cảnh thực tế."
Vạn Xuân,Thái Nguyên,quán ăn ở Vạn Xuân Thái Nguyên,7602249930656320775,phoyentn,https://www.tiktok.com/@phoyentn/video/7602249930656320775,Khám Phá Tổ Hợp Quảng Trường Vạn Xuân Thái Nguyên | TikTok,"Tìm hiểu tổ hợp quảng trường, công viên và hồ điều hòa Vạn Xuân tại Thái Nguyên. Địa điểm tuyệt vời cho du lịch và thư giãn! #thainguyen #phoyen #vanxuan Đây là bản tóm tắt nội dung do AI tạo và không nhằm mục đích cung cấp ngữ cảnh thực tế."
Vạn Xuân,Thái Nguyên,quán ăn ở Vạn Xuân Thái Nguyên,7509467570899111176,slamluonlow,https://www.tiktok.com/@slamluonlow/video/7509467570899111176,Khám Phá Quán Ăn Vặt Nổi Tiếng Ở Thái Nguyên | TikTok,"May 28, 2025 · Tìm hiểu về quán ăn vặt nổi tiếng mở cả ngày tại Thái Nguyên với những món ngon hấp dẫn. Xem ngay để không bỏ lỡ! #thainguyen #reviewfood #xuhuong"
Trung Thành,Thái Nguyên,quán ăn ở Trung Thành Thái Nguyên,7474976573624519954,tranthanh123,https://www.tiktok.com/@tranthanh123/video/7474976573624519954,"Quán ăn ngon và gợi ý từ Trấn Thành | TikTokHashtag chủ đề Ăn nhậu, Liên hoan, Tất niên, Tiệc tùng - Biển ...Vi phạm nội dung và lệnh cấm - TikTok Help CenterKhám phá thế giới ẩm thực trên TikTok với 10 tài khoản nội ...TikTok One Creative SuiteĐánh Giá Quán Ăn Trấn Thành: Trải Nghiệm Ẩm Thực | TikTok","Khám phá những quán ăn ngon từ gợi ý của Trấn Thành. Chia sẻ địa điểm tuyệt vời cho tín đồ ẩm thực! #ẩmthực #quánngon #TrấnThành Mua Hashtag chủ đề Ăn nhậu, Liên hoan, Tất niên, Tiệc tùng - Biển bảng chụp ảnh Sẵn keo - Viet Decor trên TikTok Shop. Săn giá siêu hời cho Đồ trang trí lễ hội và được freeship mặt hàng đủ điều kiện. Nếu khiếu nại thành công, bài đăng của bạn sẽ đủ điều kiện để được đề xuất trên bảng tin Đề xuất. Hãy nhớ rằng bạn sẽ cần bật tính năng phân tích trong cài đặt TikTok để xem quyết định của chúng tôi. Từ cà phê bọt biển, chân gà sả tắc đến bánh mì thanh long, “ăn uống” có lẽ từ khóa phủ sóng mạng xã hội năm 2020. Riêng với cộng đồng người dùng TikTok, đây là một chủ đề mở, khơi gợi nhiều ý tưởng sáng tạo mà không đòi hỏi quá nhiều công sức. Hashtag Discover new trends on TikTok through hashtags Creator Coming soon Connect with the hottest creators on TikTok Video Find inspiration through trending TikTok videos Mar 4, 2023 · 122.7K Lượt thích,308 Bình luận.Video TikTok từ Cuội (@cuoideyyy): ""Khám phá món ngon tại quán Trấn Thành với đánh giá chân thực từ thực khách. Xem video để biết thêm! #monngon #trấnthành #foodlover""."
Trung Thành,Thái Nguyên,quán ăn ở Trung Thành Thái Nguyên,7206623136874269979,cuoideyyy,https://www.tiktok.com/@cuoideyyy/video/7206623136874269979,Đánh Giá Quán Ăn Trấn Thành: Trải Nghiệm Ẩm Thực | TikTok,"Mar 4, 2023 · 122.7K Lượt thích,308 Bình luận.Video TikTok từ Cuội (@cuoideyyy): ""Khám phá món ngon tại quán Trấn Thành với đánh giá chân thực từ thực khách. Xem video để biết thêm! #monngon #trấnthành #foodlover""."
Đông Kinh,Lạng Sơn,quán ăn ở Đông Kinh Lạng Sơn,7659069373847440658,hieusinsu,https://www.tiktok.com/@hieusinsu/video/7659069373847440658,Phở ngon ở Chợ Đông Kinh Lạng Sơn — Quán phở lâu đời & đáng ...,"Bạn muốn danh sách quán phở nổi tiếng khác ở Lạng Sơn (Phở Hải Xồm, Phở Trinh, Phở Ngô Quyền, Phở Lý Quốc Sư)? Hãy ghi tên quán bạn quan tâm để có gợi ý chi tiết hơn."
Đông Kinh,Lạng Sơn,quán ăn ở Đông Kinh Lạng Sơn,7635578748020067591,hieusinsu,https://www.tiktok.com/@hieusinsu/video/7635578748020067591,Cơm huyền -cơm bình dân cổng chợ đông kinh lạng sơn # ...,"216 Lượt thích,Video TikTok từ Hiếu Sìn Sú (@hieusinsu): ""Cơm huyền -cơm bình dân cổng chợ đông kinh lạng sơn #hieusinsu #langsonangiodau #viral #foodreviewlangson #amthucxulang @Sinsustore"".Lạng sơn ăn gì ? Ở đâu âm thanh gốc - Hiếu Sìn Sú."
Đông Kinh,Lạng Sơn,quán ăn ở Đông Kinh Lạng Sơn,7676096653748735253,thodialangson12,https://www.tiktok.com/@thodialangson12/video/7676096653748735253,Quán nướng mang về đông khách nhất ở Lạng Sơn | TikTok,"Lead Phát hiện quán nướng mang về đông khách nhất ở Lạng Sơn: video gợi ý thử món, giới thiệu menu và lý do quán hút khách. Nội dung tập trung vào trải nghiệm đặt mang về, các món nổi bật và cảm nhận thực tế."
Đông Kinh,Lạng Sơn,quán ăn ở Đông Kinh Lạng Sơn,7537715073305890056,datthichdudua,https://www.tiktok.com/@datthichdudua/video/7537715073305890056,Khám Phá Quán Ăn Ngon Tại Lạng Sơn | TikTokQuán ăn đêm ngon ở Lạng Sơn: gợi ý ăn đêm 2026 | TikTokTỔNG HƠP 20+ ĐỊA ĐIỂM ĂN UỐNG NGON Ở LẠNG SƠN: Phở vịt quay ...,"Aug 12, 2025 · 603 Lượt thích,Video TikTok từ Đạt thích đu đưa (@datthichdudua): ""Quán với không gian rộng rãi và món ăn hấp dẫn cho anh em Lạng Sơn. Đến và thưởng thức những món ăn tuyệt vời! #langson #datthichdudua #reviewlangson #angiolangson #amthuclangson"". Nội dung dựa trên review ẩm thực xứ Lạng của HieuSinSu. Những món nên thử về đêm ở Lạng Sơn - Bún, phở và mỳ nóng: phù hợp khi trời lạnh, nhiều quán phục vụ đến khuya. TỔNG HƠP 20+ ĐỊA ĐIỂM ĂN UỐNG NGON Ở LẠNG SƠN: Phở vịt quay, Cao sằng, Coóng phù, Phoóng dăm, Bánh áp chao, Bánh mì nướng lạng sơn, Phở xá xíu lạp xưởng, Nướng lô li, Chè quẩy, Bánh cuốn lạng sơn,... #ninhtito #ninheating #foodtourlangson #ancungtiktok #dulichlangson #ninhtravel # ..."
Đông Kinh,Lạng Sơn,quán ăn ở Đông Kinh Lạng Sơn,7669470815280237842,hieusinsu,https://www.tiktok.com/@hieusinsu/video/7669470815280237842,Quán ăn đêm ngon ở Lạng Sơn: gợi ý ăn đêm 2026 | TikTok,"Nội dung dựa trên review ẩm thực xứ Lạng của HieuSinSu. Những món nên thử về đêm ở Lạng Sơn - Bún, phở và mỳ nóng: phù hợp khi trời lạnh, nhiều quán phục vụ đến khuya."
Đông Kinh,Lạng Sơn,quán ăn ở Đông Kinh Lạng Sơn,7339833789125758210,ninhtito,https://www.tiktok.com/@ninhtito/video/7339833789125758210,TỔNG HƠP 20+ ĐỊA ĐIỂM ĂN UỐNG NGON Ở LẠNG SƠN: Phở vịt quay ...,"TỔNG HƠP 20+ ĐỊA ĐIỂM ĂN UỐNG NGON Ở LẠNG SƠN: Phở vịt quay, Cao sằng, Coóng phù, Phoóng dăm, Bánh áp chao, Bánh mì nướng lạng sơn, Phở xá xíu lạp xưởng, Nướng lô li, Chè quẩy, Bánh cuốn lạng sơn,... #ninhtito #ninheating #foodtourlangson #ancungtiktok #dulichlangson #ninhtravel # ..."
Lương Văn Tri,Lạng Sơn,quán ăn ở Lương Văn Tri Lạng Sơn,7675635474358324488,thanhtra_giaothong,https://www.tiktok.com/@thanhtra_giaothong/video/7675635474358324488,Lương Văn Tri - Lạng Sơn | TikTok,"105 Lượt thích,44 Bình luận.Video TikTok từ Thợ Săn Tiền Thưởng (@thanhtra_giaothong): ""Lương Văn Tri - Lạng Sơn"".original sound - panda mun."
Lương Văn Tri,Lạng Sơn,quán ăn ở Lương Văn Tri Lạng Sơn,7674519849816640786,thanhtra_giaothong,https://www.tiktok.com/@thanhtra_giaothong/video/7674519849816640786,Lương Văn Tri - Lạng Sơn | TikTok,"145 Lượt thích,Video TikTok từ Thợ Săn Tiền Thưởng (@thanhtra_giaothong): ""Lương Văn Tri - Lạng Sơn"".original sound - panda mun."
Lương Văn Tri,Lạng Sơn,quán ăn ở Lương Văn Tri Lạng Sơn,7339833789125758210,ninhtito,https://www.tiktok.com/@ninhtito/video/7339833789125758210,TỔNG HƠP 20+ ĐỊA ĐIỂM ĂN UỐNG NGON Ở LẠNG SƠN: Phở vịt quay ...,"TỔNG HƠP 20+ ĐỊA ĐIỂM ĂN UỐNG NGON Ở LẠNG SƠN: Phở vịt quay, Cao sằng, Coóng phù, Phoóng dăm, Bánh áp chao, Bánh mì nướng lạng sơn, Phở xá xíu lạp xưởng, Nướng lô li, Chè quẩy, Bánh cuốn lạng sơn,... #ninhtito #ninheating #foodtourlangson #ancungtiktok #dulichlangson #ninhtravel # ..."
Lương Văn Tri,Lạng Sơn,quán ăn ở Lương Văn Tri Lạng Sơn,7674806276617948432,truyenhinhlangson,https://www.tiktok.com/@truyenhinhlangson/video/7674806276617948432,"Không gian văn hóa đường Hùng Vương, phường Lương Văn Tri ...","Không gian văn hóa đường Hùng Vương, phường Lương Văn Tri diễn ra vào tối thứ 7 hàng tuần thu hút đông đảo du khách trong và ngoài tỉnh đến tham quan, trải nghiệm."
Lương Văn Tri,Lạng Sơn,quán ăn ở Lương Văn Tri Lạng Sơn,7659103966600498439,tt.mt.hng.vng.ls,https://www.tiktok.com/@tt.mt.hng.vng.ls/video/7659103966600498439,"Tít mít Lạng Sơn: Địa điểm, quán ăn và quà đặc sản | TikTok","Tài liệu này tổng hợp tên quán, khu vực và gợi ý quà phù hợp dựa trên các truy vấn phổ biến liên quan: tít mít Lạng Sơn, Cing House Lạng Sơn, Ku Quán, quán bắp, và món quà như mó mắm (mỏ mắm) Lạng Sơn."
Tam Thanh,Lạng Sơn,quán ăn ở Tam Thanh Lạng Sơn,7675168552541752584,_ht.anh102_,https://www.tiktok.com/@_ht.anh102_/video/7675168552541752584,Bánh cuốn Tân Thành Lạng Sơn: Có phải quán này không? | TikTok,- Đăng ảnh/video cùng câu hỏi “Có phải quán này không mọi người?” lên nhóm địa phương hoặc mạng xã hội Lạng Sơn để người quen khu vực xác nhận. - Nhờ người ở Lạng Sơn kiểm tra vị trí theo ảnh: họ có thể nhận ra ngay qua chi tiết nhỏ.
Tam Thanh,Lạng Sơn,quán ăn ở Tam Thanh Lạng Sơn,7669470815280237842,hieusinsu,https://www.tiktok.com/@hieusinsu/video/7669470815280237842,Quán ăn đêm ngon ở Lạng Sơn: gợi ý ăn đêm 2026 | TikTok,"Nội dung dựa trên review ẩm thực xứ Lạng của HieuSinSu. Những món nên thử về đêm ở Lạng Sơn - Bún, phở và mỳ nóng: phù hợp khi trời lạnh, nhiều quán phục vụ đến khuya."
Tam Thanh,Lạng Sơn,quán ăn ở Tam Thanh Lạng Sơn,7652173484373708039,_hnung08_,https://www.tiktok.com/@_hnung08_/video/7652173484373708039,Động Tam Thanh Lạng Sơn - Hướng dẫn khám phá & check-in,"Kết thúc Động Tam Thanh Lạng Sơn là lựa chọn phù hợp cho ai tìm địa điểm check-in, quay video ngắn theo xu hướng TikTok. Hãy lên lịch, chuẩn bị máy ảnh hoặc điện thoại, và tôn trọng không gian khi khám phá."
Tam Thanh,Lạng Sơn,quán ăn ở Tam Thanh Lạng Sơn,7304631958028537089,trinholangson,https://www.tiktok.com/@trinholangson/video/7304631958028537089,Top Địa Chỉ Bánh Mì Nướng Ngon Ở Lạng Sơn | TikTokTỔNG HƠP 20+ ĐỊA ĐIỂM ĂN UỐNG NGON Ở LẠNG SƠN: Phở vịt quay ...,"Nov 23, 2023 · Khám phá các quán bánh mì nướng ngon ở Lạng Sơn với Bánh Mì Cô Khanh Béo, Bánh Mì Cô Hà, và Bánh Mì Bà Hoa. Thời gian mở cửa từ 6h-18h. #langson #trinholangson #annhunguoilangson #amthuclangson #dulichlangson #ancungtiktok #banhminuonglangson #foodreview #reviewanngon TỔNG HƠP 20+ ĐỊA ĐIỂM ĂN UỐNG NGON Ở LẠNG SƠN: Phở vịt quay, Cao sằng, Coóng phù, Phoóng dăm, Bánh áp chao, Bánh mì nướng lạng sơn, Phở xá xíu lạp xưởng, Nướng lô li, Chè quẩy, Bánh cuốn lạng sơn,... #ninhtito #ninheating #foodtourlangson #ancungtiktok #dulichlangson #ninhtravel # ..."
Tam Thanh,Lạng Sơn,quán ăn ở Tam Thanh Lạng Sơn,7339833789125758210,ninhtito,https://www.tiktok.com/@ninhtito/video/7339833789125758210,TỔNG HƠP 20+ ĐỊA ĐIỂM ĂN UỐNG NGON Ở LẠNG SƠN: Phở vịt quay ...,"TỔNG HƠP 20+ ĐỊA ĐIỂM ĂN UỐNG NGON Ở LẠNG SƠN: Phở vịt quay, Cao sằng, Coóng phù, Phoóng dăm, Bánh áp chao, Bánh mì nướng lạng sơn, Phở xá xíu lạp xưởng, Nướng lô li, Chè quẩy, Bánh cuốn lạng sơn,... #ninhtito #ninheating #foodtourlangson #ancungtiktok #dulichlangson #ninhtravel # ..."
