phuong,thanh_pho,search_query,video_id,author,video_url,title,snippet
Ba Đình,Hà Nội,quán ăn ở Ba Đình Hà Nội,7504614488549625095,laciana20,https://www.tiktok.com/@laciana20/video/7504614488549625095,Phần 9 | Food tour các quận ở Hà Nội - BA ĐÌNH #suonnuong #goixoai #ocnuong #monnhau #foodtourhanoi #badinh #foodontiktok #xuhuong | TikTok,"1279 Likes, 21 Comments. TikTok video from Laciana 🌷 (@laciana20): “Phần 9 | Food tour các quận ở Hà Nội - BA ĐÌNH #suonnuong #goixoai #ocnuong #monnhau #foodtourhanoi #badinh #foodontiktok #xuhuong”. original sound - Laciana 🌷."
Ba Đình,Hà Nội,quán ăn ở Ba Đình Hà Nội,7229325640971996421,dicafekhum,https://www.tiktok.com/@dicafekhum/video/7229325640971996421,"Top 5 Quán Cà Phê Đẹp Nhất Quận Ba Đình, Hà Nội #cafe #dicafekhum #hanoi #tiktok #trending #checkin | TikTok",TikTok video from Ăn Chơi Khum (@dicafekhum)
Ba Đình,Hà Nội,quán ăn ở Ba Đình Hà Nội,7319851586186939650,vivuhanoii_,https://www.tiktok.com/@vivuhanoii_/video/7319851586186939650,"Sau khi thẩm hết 7749 quán gà lá é ở Hà Nội thì Tre Xanh Quán vẫn là chân ái trong lòng tôi!! 📍 109 D6 Giảng Võ, Ba Đình, HN. Mọi người nhớ đặt bàn trước nhé vì quán rất rất đông (kể cả ngày thường). #vivuhanoi #laugalaedalat #trexanhquan #laugalae #ancungtiktok #fyp #hanoi #LearnOnTiktok #hanoifood #laugalaehanoi #laugalaetrexanhquan #xuhuong | TikTok","1106 Likes, 96 Comments. TikTok video from Vi vu Hà Nội (@vivuhanoii_): “Sau khi thẩm hết 7749 quán gà lá é ở Hà Nội thì Tre Xanh Quán vẫn là chân ái trong lòng tôi!! 📍 109 D6 Giảng Võ, Ba Đình, HN."
Ba Đình,Hà Nội,quán ăn ở Ba Đình Hà Nội,7387647777565625608,lthivanh,https://www.tiktok.com/@lthivanh/video/7387647777565625608,Một quán cafe sân vườn viber Nhật Bản ngay tại Ba Đình #hanoi #imvanh💙 #cafehanoi #cafesongaohanoi #reviewcafe #xuhuong #lulicoffee | TikTok,"12.7K Likes, 300 Comments. TikTok video from Vân Anh đi chill 🌻 (@lthivanh): “Một quán cafe sân vườn viber Nhật Bản ngay tại Ba Đình #hanoi #imvanh💙 #cafehanoi #cafesongaohanoi #reviewcafe #xuhuong #lulicoffee”. cf Ba Đình오리지널 사운드 - Harryan_Yoonsoan."
Ba Đình,Hà Nội,quán ăn ở Ba Đình Hà Nội,7382585380471573777,quannayodau,https://www.tiktok.com/@quannayodau/video/7382585380471573777,"CAFE + HOA + MÈO ☕️ Nhà Của Mậu 📍 7 Ng. Núi Trúc, Kim Mã, Ba Đình ⏰ 7:30 - 22:00 Tiệm có không gian xinh ạ, đi chill, tránh nóng, thả hồn vào cây cối okela nè 🥰 Tự trải nghiệm - Tự review #quannayodau #review #cafe #coffee #nhacuamau #maudich #tiemhoamaudich #hoa #flowers #vibes #xuhuong #coffeetiktok #meow | TikTok","99 Likes, TikTok video from Quán này ở đâu? (@quannayodau): “CAFE + HOA + MÈO ☕️ Nhà Của Mậu 📍 7 Ng. Núi Trúc, Kim Mã, Ba Đình ⏰ 7:30 - 22:00 Tiệm có không gian xinh ạ, đi chill, tránh nóng, thả hồn vào cây cối okela nè 🥰 Tự trải nghiệm - Tự review #quannayodau #review #cafe #coffee #nhacuamau #maudich #tiemhoamaudich #hoa #flowers #vibes #xuhuong #coffeetiktok #meow”. Nhà của Mậunhạc nền - Quán này ở đâu?."
Ba Đình,Hà Nội,quán ăn ở Ba Đình Hà Nội,7443799324716420360,habunbun,https://www.tiktok.com/@habunbun/video/7443799324716420360,"Luli Coffee Artspace 📍11 ngõ 290 Kim Mã, Ba Đình, Hà Nội Mách các bạn khung giờ vắng nhất để sống ảo tại chiếc cafe decor Noel nổi nhất quận Ba Đình #habunreview #habuncafe #fypシ゚ #trending #xuhuong #xh #coffeehanoi #reviewcafe #lulicoffeeartspace #lulicoffee | TikTok",TikTok video from 🧸HaBun🎀 (@habunbun)
Ba Đình,Hà Nội,quán ăn ở Ba Đình Hà Nội,7402233420006296849,nhandian,https://www.tiktok.com/@nhandian/video/7402233420006296849,Tổng hợp vài quán ruột của tui trên đường Bùi Đình Tuý (Bình Thạnh) 😗 #foodtour #binhthanh #ancungtiktok #nhandian #comganhatrang #banhcanhcua #tauhu #banhtrangtron #xuhuong #fyp | TikTok,TikTok video from NHÂN ĐI ĂN 😙 (@nhandian): “Tổng hợp vài quán ruột của tui trên đường Bùi Đình Tuý (Bình Thạnh) 😗 #foodtour #binhthanh #ancungtiktok #nhandian #comganhatrang #banhcanhcua #tauhu #banhtrangtron ...
Ba Đình,Hà Nội,quán ăn ở Ba Đình Hà Nội,7271276669787245829,ninhtito,https://www.tiktok.com/@ninhtito/video/7271276669787245829,Top 15 Địa Điểm Ăn Tối Ngon Ở Hà Nội Cho Bạn,"Bánh cuốn ruốc tôm - 15 Kim Mã, Ba Đình, HN 18. Xôi Hiệp Hòa - 415 Đê La Thành, Đống Đa, HN (còn tiếp) #ninheating #ancungtiktok #ninhtito #FoodTour #review #anhtraisayhi #anhtraivuotnganchonggai #atsh #atvncg ..."
Ba Đình,Hà Nội,quán ăn ở Ba Đình Hà Nội,7328234856033422594,sonharryy,https://www.tiktok.com/@sonharryy/video/7328234856033422594,10 điểm cho quán Nầm Núng Nính siêu ngon ở Hà Nội #thanhthoiluottet #LearnOnTikTok #ancungtiktok #reviewanngon #boxstudio #sonharryy #hellohanoi | TikTok,"Khám phá được thêm 1 quán ngon “ Ẩm Thực 3 Miền” ngon đáng thử ở Hà Nội - Bánh Xèo rất mê ạ. 📍Bánh Xèo Nón Lá / 221 Tô Hiệu, Phường Nghĩa Đô, Hà Nội #banhxeononla #LearnOnTikTok #ancungtiktok ..."
Ba Đình,Hà Nội,quán ăn ở Ba Đình Hà Nội,7493546709595720967,tebefood,https://www.tiktok.com/@tebefood/video/7493546709595720967,"Tổng hợp 4 quán nên ăn trên đường Hai Bà Trưng quận 1, ngay cung đường duyệt binh #tebefood #AnCungTikTok #LearnOnTikTok #vtmgr #HappyVietNam | TikTok","3302 Likes, 20 Comments. TikTok video from Tebefood (@tebefood): “Tổng hợp 4 quán nên ăn trên đường Hai Bà Trưng quận 1, ngay cung đường duyệt binh #tebefood #AnCungTikTok #LearnOnTikTok #vtmgr #HappyVietNam”. nhạc nền - Tebefood."
Ba Đình,Hà Nội,quán ăn ở Ba Đình Hà Nội,7482788660547423496,chensach.hanoi,https://www.tiktok.com/@chensach.hanoi/video/7482788660547423496,Quán nem nướng có sốt chấm đỉnh nhất lòng tôi này ae! | TikTok,Hai Bà Trưng District · Hanoi · Chén Sạch Hà Nội · 2025-3-17 · Quán nem nướng có sốt chấm đỉnh nhất lòng tôi này ae! more · See translation · 00:13 / 01:01 · 1720 · 61 · 763 · 640 · Comments · You may like ·
Ba Đình,Hà Nội,quán ăn ở Ba Đình Hà Nội,7520994657434684680,chaugiathucpho,https://www.tiktok.com/@chaugiathucpho/video/7520994657434684680,"Quán cơm gia đình người Hoa, giá bình dân, hợp túi tiền, nhưng món ăn lại ngon và chất lượng. Gà xì dầu, há cảo, xíu mại #xuhuong #chauthong #trending #phichaydimsum #diemtam #monhoa | TikTok",TikTok video from CHÂU GIA THỰC PHỔ 🏮周家食谱🏮 (@chaugiathucpho)
Ba Đình,Hà Nội,quán ăn ở Ba Đình Hà Nội,7477966720678858001,utcungdidau,https://www.tiktok.com/@utcungdidau/video/7477966720678858001,"Không phải cơm tấm hay ốc, đây là quán ăn kiểu gia đình mọi người nên thử khi tới Sài Gòn nha #ancungtiktok #reviewanngon #saigon #saigonfood #saigonangi #foryou #xuhuongtiktok #utcungdidau #tanbinh | TikTok","TikTok video from Út Cưng Đi Đâu (@utcungdidau): “Không phải cơm tấm hay ốc, đây là quán ăn kiểu gia đình mọi người nên thử khi tới Sài Gòn nha #ancungtiktok #reviewanngon #saigon #saigonfood #saigonangi #foryou ..."
Ba Đình,Hà Nội,quán ăn ở Ba Đình Hà Nội,7434547309502926088,eatfit_feelfit,https://www.tiktok.com/@eatfit_feelfit/video/7434547309502926088,Ốc dì Tú 144c Quán Thánh #review #hanoifood #trainghiemthucte #ansaonoivay #viral | TikTok,"TikTok video from Eat Fit, Feel Fit (@eatfit_feelfit)"
Ba Đình,Hà Nội,quán ăn ở Ba Đình Hà Nội,7568471791014890773,nangthuvathich,https://www.tiktok.com/@nangthuvathich/video/7568471791014890773,"Series nhà hàng Michelin Selected: 1946 Cửa Bắc Nhà hàng Việt đậm chất Việt mà tui rất ưng: . Đồ ăn: chuẩn chỉnh các món ăn Việt, phục vụ nhanh, chu đáo . Không gian: thiết kế đậm chất Việt Nam, tỉ mỉ và chỉn chu Nếu có bạn bè quốc tế tới thăm thì @1946 Restaurant là lựa chọn ổn áp luôn nha! #1946restaurant #michelinselected #hanoifood | TikTok","đến A Bản mới hiểu tại sao A Bản nằm trong list Michelin Selected của Việt Nam 2 năm liền ✨✨ 📍 A Bản - 76 Trần Phú, Ba Đình, HN #nglethuthuy #ReviewAnNgon #AnCungTiktok #ABan #amthuctaybac ..."
Ngọc Hà,Hà Nội,quán ăn ở Ngọc Hà Hà Nội,7491909826763689234,bachuareview,https://www.tiktok.com/@bachuareview/video/7491909826763689234,phần 1 - foodtour ngõ 21 phạm ngọc thạch no căng từ trưa tới tối toàn quán hot thui #ancungtiktok #LearnOnTikTok #vtmgr #bachuareview | TikTok,TikTok video from Bà chúa review 🙆🏻♀️ (@bachuareview): “phần 1 - foodtour ngõ 21 phạm ngọc thạch no căng từ trưa tới tối toàn quán hot thui #ancungtiktok #LearnOnTikTok #vtmgr #bachuareview”. foodtour ngõ ...
Ngọc Hà,Hà Nội,quán ăn ở Ngọc Hà Hà Nội,7497558867119721735,bachuareview,https://www.tiktok.com/@bachuareview/video/7497558867119721735,Mùa Đông Hà Nội: Trải Nghiệm Thưởng Thức Đặc Sản,TikTok video from Bà chúa review 🙆🏻♀️ (@bachuareview)
Ngọc Hà,Hà Nội,quán ăn ở Ngọc Hà Hà Nội,7599997758040263954,bachuareview,https://www.tiktok.com/@bachuareview/video/7599997758040263954,"nướng than hoa thịt tươi mở đêm đến 4h sáng nè📍kiên kồ chill - 171 nguyễn ngọc vũ, cầu giấy #vtmgr #bachuareview #ancungtiktok #learnontiktok | TikTok",TikTok video from Bà chúa review 🙆🏻♀️ (@bachuareview)
Ngọc Hà,Hà Nội,quán ăn ở Ngọc Hà Hà Nội,7276021914986908930,loanhquanhcungheo,https://www.tiktok.com/@loanhquanhcungheo/video/7276021914986908930,Quán ăn Hàn Quốc có vô vàn loại mì siu ngonggg Đ/c: 505 Kim Mã #ReviewAnNgon #mihanquoc #koreanfood #LearnOnTikTok #hanoifood #xuhuong #viral #loanhquanhcungheo | TikTok,TikTok video from loanhQuanhcùngHẻo (@loanhquanhcungheo)
Ngọc Hà,Hà Nội,quán ăn ở Ngọc Hà Hà Nội,7402227666784390418,lelahanoi.reviewfood,https://www.tiktok.com/@lelahanoi.reviewfood/video/7402227666784390418,Ốc Ngọc Buffet ở Hà Nội: Review Địa Điểm Buffet Ốc Ngon ...,"TikTok video from Lê La Hà Nội (@lelahanoi.reviewfood): “Khám phá review chi tiết về quán Buffet ốc ở Hà Nội với hơn 30 món ngon và giá ưu đãi. Ăn ngon, không gian rộng rãi tại quán Buffet ốc Ngọc.”."
Ngọc Hà,Hà Nội,quán ăn ở Ngọc Hà Hà Nội,7136809431160917274,lee.haydi,https://www.tiktok.com/@lee.haydi/video/7136809431160917274,"Món ăn gì mà ăn cuốn quá vậy nè, cái tên quán cũng nghe hay hay nữa #thitxiennuong #AnCungTikTok #ReviewAnNgon #reviewfood #xuhuong | TikTok",TikTok video from LEE hay đi | Lê Hoàng Ân (@lee.haydi)
Ngọc Hà,Hà Nội,quán ăn ở Ngọc Hà Hà Nội,7508770055862095111,chyangicungduoc,https://www.tiktok.com/@chyangicungduoc/video/7508770055862095111,Review Quán Ăn Ngon Ở Hà Nội,TikTok video from chy ăn gì cũng được (@chyangicungduoc)
Ngọc Hà,Hà Nội,quán ăn ở Ngọc Hà Hà Nội,7328234856033422594,sonharryy,https://www.tiktok.com/@sonharryy/video/7328234856033422594,10 điểm cho quán Nầm Núng Nính siêu ngon ở Hà Nội #thanhthoiluottet #LearnOnTikTok #ancungtiktok #reviewanngon #boxstudio #sonharryy #hellohanoi | TikTok,"Khám phá được thêm 1 quán ngon “ Ẩm Thực 3 Miền” ngon đáng thử ở Hà Nội - Bánh Xèo rất mê ạ. 📍Bánh Xèo Nón Lá / 221 Tô Hiệu, Phường Nghĩa Đô, Hà Nội #banhxeononla #LearnOnTikTok #ancungtiktok ..."
Ngọc Hà,Hà Nội,quán ăn ở Ngọc Hà Hà Nội,7629030465722174727,bietlareview,https://www.tiktok.com/@bietlareview/video/7629030465722174727,"Bún ngan Đội Cấn: giá “sinh viên” mà vị “nhà hàng” 🥢🔥 Huyền Bún Ngan 21 Đội Cấn, Ngọc Hà, Hà Nội Giá mềm mà nhiều thịt nhiều topping, bún sợi nhỏ dễ ăn nhưng hơi khó gắp, tiết mềm, măng ăn kèm siêu ngon — ăn là dính luôn #huyenbunngan #doican #reviewbunngan #fyp #bietlareview | TikTok","29 Likes, TikTok video from Biết Là Review (@bietlareview): “Bún ngan Đội Cấn: giá “sinh viên” mà vị “nhà hàng” 🥢🔥 Huyền Bún Ngan 21 Đội Cấn, Ngọc Hà, Hà Nội Giá mềm mà nhiều thịt nhiều ..."
Ngọc Hà,Hà Nội,quán ăn ở Ngọc Hà Hà Nội,7274206340673703170,mtochuc,https://www.tiktok.com/@mtochuc/video/7274206340673703170,Những quán ăn sáng phải thử khi ở Hà Nội #tochucm #ănsang #hanoi #cafe #review #reviewhanoi #bunrieu | TikTok,TikTok video from Tổ chức M (@mtochuc)
Ngọc Hà,Hà Nội,quán ăn ở Ngọc Hà Hà Nội,7312776345426201857,huunhankhoai,https://www.tiktok.com/@huunhankhoai/video/7312776345426201857,Quán nhậu lý tưởng ở bờ kè Trường Sa #AnCungTikTok #HuuNhanKhoai #LearnOnTikTok #ReviewAnNgon #SaiGon | TikTok,TikTok video from Hữu Nhân Khoai (@huunhankhoai): “Quán nhậu lý tưởng ở bờ kè Trường Sa #AnCungTikTok #HuuNhanKhoai #LearnOnTikTok #ReviewAnNgon #SaiGon”. Escape 574nhạc nền - Hữu Nhân (Khoai) - Hữu Nhân Khoai.
Ngọc Hà,Hà Nội,quán ăn ở Ngọc Hà Hà Nội,7513137517311397138,diancungengg,https://www.tiktok.com/@diancungengg/video/7513137517311397138,Quán hàn *new* ở Cầu Giấy - giá chỉ vài chục cành mọi người biết chưa ? #engthichanngon #reviewfood #amthuchanoi #anchoihanoi #reviewdoanngon #luckyhouse | TikTok,"18.1K Likes, 212 Comments. TikTok video from Éngg Thích Ăn Chơii (@diancungengg): “Quán hàn *new* ở Cầu Giấy - giá chỉ vài chục cành mọi người biết chưa ? #engthichanngon #reviewfood #amthuchanoi #anchoihanoi #reviewdoanngon #luckyhouse”. nhạc nền - Éngg Thích Ăn Ngonn🥢 - Éngg Thích Ăn Chơii."
Ngọc Hà,Hà Nội,quán ăn ở Ngọc Hà Hà Nội,7382575670574075153,tep2002_,https://www.tiktok.com/@tep2002_/video/7382575670574075153,"Nhà hàng Ngọc Được - Review nhà hàng tại Hoài Đức - Trâu tươi, lợn bản, rau rừng #ReviewAnNgon #AnCungTikTok | TikTok","6923 Likes, 92 Comments. TikTok video from Tép Đi Đâu Đấy (@tep2002_): “Khám phá nhà hàng Ngọc Được với thực đơn phong phú gồm trâu tươi, lợn bản và rau rừng tươi ngon. #ReviewAnNgon #AnCungTikTok”."
Ngọc Hà,Hà Nội,quán ăn ở Ngọc Hà Hà Nội,7369455021571706119,dolri.nn,https://www.tiktok.com/@dolri.nn/video/7369455021571706119,Quán đồ ăn Nhật Bản giá HSSV nằm ngay Quận Thanh Xuân mà các cậu nhất định phải thử #foodreview #doannhatban #food #hanoi #damboramen #ramen #xuhuong | TikTok,TikTok video from Dolri.nn (@dolri.nn)
Ngọc Hà,Hà Nội,quán ăn ở Ngọc Hà Hà Nội,7126014523596672282,bachuareview,https://www.tiktok.com/@bachuareview/video/7126014523596672282,Quán Lẩu Trung Quốc Ngon Ở Ngọc Khánh - Comi Chef Home,nghĩ lại thèm cốc lam thu dẻo quánh kem cốm tú lệ rùii📍lam trà - nhiều cơ sở ở hà nội #vtmgr #bachuareview #ancungtiktok #lamtra #trathomthanhvi
Giảng Võ,Hà Nội,quán ăn ở Giảng Võ Hà Nội,7226684548342500613,habutiudoi,https://www.tiktok.com/@habutiudoi/video/7226684548342500613,Nhà hàng đồ ăn Việt Nam ngon khu Giảng Võ mn ơiiiii 📍Ẩm thực Bó Đũa - 106/D6 Giảng Võ- Ba Đình- Hà Nội #dicunghabut #doanvietnam #comviet #giangvo | TikTok,TikTok video from Hà Bụt iu đời⟡ (@habutiudoi)
Giảng Võ,Hà Nội,quán ăn ở Giảng Võ Hà Nội,7415982100454673671,nglethuthuy,https://www.tiktok.com/@nglethuthuy/video/7415982100454673671,"quán Thái mới ở khu Giảng Võ 🇹🇭🇹🇭 Pai Kin Khao: 122-K1 Giảng Võ, HN #nglethuthuy #AnCungTiktok #ReviewAnNgon #quanthai #paikinkhao #đồthái | TikTok","TikTok video from Ng Lê Thu Thuỷ ✨ (@nglethuthuy): “quán Thái mới ở khu Giảng Võ 🇹🇭🇹🇭 Pai Kin Khao: 122-K1 Giảng Võ, HN #nglethuthuy #AnCungTiktok #ReviewAnNgon #quanthai #paikinkhao #đồthái”. nhạc nền ..."
Giảng Võ,Hà Nội,quán ăn ở Giảng Võ Hà Nội,7343612975552531733,cenn_hl,https://www.tiktok.com/@cenn_hl/video/7343612975552531733,"☕️The Yard Cafe & Bistro 📍22 ngõ 279 Giảng Võ, Đống Đa, Hà Nội Lang thang khu Giảng Võ mà tìm được quán cafe “chiều lòng” chị em nhân ngày 8/3 quá. Nằm trong con ngõ nhỏ nhưng The Yard lại mang đến không gian 3 tầng với khoảng sân xinh xắn, bắt mắt. Menu khá đa dạng với mức giá không quá cao mà đồ uống ngon xỉu. Hôm nay mình có gọi 2 loại trà là trà lài dâu quýt và trà đào hoa bụt dấm theo mình thấy khá ngon và đậm vị. Không chỉ sở hữu không gian tinh tế pha trộn giữa cổ điển và hiện đại, 8/3 này quán còn ""chơi lớn"" đầu tư rất nhiều hoa tươi và có hẳn một xe hoa để hội chị em thoải mái chụp hình xinh yêu ☺️ Chị em đến quán sẽ được tặng quà 8/3 nữa. Quá là chiều khách rồi. Ngày của chị em mình đã đến rất gần rồi, ghé The Yard ngay thui nào 🌹🌸 #xuhuong #coffeehanoi #reviewcafe #quancafesongaohanoi #cafehanoi #caphehanoi #trending #caphehanoi #foryou #hanoireview #caphe #diadiemsongao | TikTok","TikTok video from Chị em ngựa ngựa (@cenn_hl): “☕️The Yard Cafe & Bistro 📍22 ngõ 279 Giảng Võ, Đống Đa, Hà Nội Lang thang khu Giảng Võ mà tìm được quán cafe “chiều lòng” chị em nhân ngày 8/3 quá."
Giảng Võ,Hà Nội,quán ăn ở Giảng Võ Hà Nội,7392453889955482887,bachuareview,https://www.tiktok.com/@bachuareview/video/7392453889955482887,"Review quán Bảo Hoa Viên - 114A1 Giảng Võ, Ba Đình",TikTok video from Bà chúa review 🙆🏻♀️ (@bachuareview)
Giảng Võ,Hà Nội,quán ăn ở Giảng Võ Hà Nội,7312023228166311170,linhduareview,https://www.tiktok.com/@linhduareview/video/7312023228166311170,Quán Cafe Chill 'The First' ở Giảng Võ - Review Linh Dua,TikTok video from Linh Dứa (@linhduareview)
Giảng Võ,Hà Nội,quán ăn ở Giảng Võ Hà Nội,7581445145044815111,annayuongkia,https://www.tiktok.com/@annayuongkia/video/7581445145044815111,Khám Phá Quán Ốc 112 Giảng Võ – Món Chân Gà Ngon ...,TikTok video from Ăn nhăng nhăng 💁🏼♀️ (@annayuongkia)
Giảng Võ,Hà Nội,quán ăn ở Giảng Võ Hà Nội,7345422651113868552,micheocheo,https://www.tiktok.com/@micheocheo/video/7345422651113868552,Đâm thẳng ngõ 149 Giảng Võ là thấy tiệm xanh xanh nâu nâu mà tóm gọn lại là thíchhh và phù hợp để quay lại nhiều lần 🛵🍃 #irdrinkstation #coffeebadinh #caphebadinh #caphegiangvo #coffeehanoi #caphehanoi | TikTok,"187 Likes, TikTok video from ✮ trà táo bạc hà 🪐 (@micheocheo): “Đâm thẳng ngõ 149 Giảng Võ là thấy tiệm xanh xanh nâu nâu mà tóm gọn lại là thíchhh và phù hợp để quay lại nhiều lần 🛵🍃 ..."
Giảng Võ,Hà Nội,quán ăn ở Giảng Võ Hà Nội,7419679985494953236,ng.hamii,https://www.tiktok.com/@ng.hamii/video/7419679985494953236,Lẩu Đuôi Bò Tươi Giảng Võ - Review Quán Ngon Hà Nội,"📍115 D5 Giảng Võ, Ba Đình Lẩu đuôi bò tươi chỉ trung thành ở đây chưa có ý định kiếm quán mới ✨😎 #lauduoiboloan #lauduoibo #laufungtiktok #learnontiktok #reviewfood #reviewdoan #hanoifood #reviewanngon #xuhuong ..."
Giảng Võ,Hà Nội,quán ăn ở Giảng Võ Hà Nội,7226682445226167558,meilyinhanoi,https://www.tiktok.com/@meilyinhanoi/video/7226682445226167558,"Nằm trong khu D6 Giảng Võ có một quán đồ ăn Việt siêu ngon mà chưa có ai biết đến nè📍Ẩm Thực Bó Đũa, 106D6 Giảng Võ, Ba Đình, HN #meimeily_ #eatwithmeily #vtvcab #ancungtiktok #hômnayăngì #foodreviewhanoi #tiktokfood #vietnamesefood | TikTok",TikTok video from 𝐌𝐞𝐢𝐥𝐲 🌻 (@meilycorner)
Giảng Võ,Hà Nội,quán ăn ở Giảng Võ Hà Nội,7198080381223013659,_troosismeee,https://www.tiktok.com/@_troosismeee/video/7198080381223013659,IMeatU Giảng Võ - Nhà hàng nướng “chuẩn Hàn” cho ngày Valentine tới ❤️🔥 #gdlfamily #learnontiktok #_troosismeee #reviewanngon #foodreview #AnCungTikTok #valentine2023 #imeatu | TikTok,TikTok video from Sành Ăn Hà Nội ✈️ (@_troosismeee): “IMeatU Giảng Võ - Nhà hàng nướng “chuẩn Hàn” cho ngày Valentine tới ❤️🔥 #gdlfamily #learnontiktok #_troosismeee #reviewanngon #foodreview #AnCungTikTok ...
Giảng Võ,Hà Nội,quán ăn ở Giảng Võ Hà Nội,7231215943391661317,hongg._.nhungg,https://www.tiktok.com/@hongg._.nhungg/video/7231215943391661317,Ẩm thực bó đũa-106d6 Giảng Võ #ănngon #ăncungtiktok #food #review #AnCungTikTok #hanoi | TikTok,TikTok video from Nhung nè (@hongg._.nhungg)
Giảng Võ,Hà Nội,quán ăn ở Giảng Võ Hà Nội,7241155555354561798,longlongneee,https://www.tiktok.com/@longlongneee/video/7241155555354561798,📍cơm rang ánh dung: 104a1 giảng võ. ⭐️: 80-150 cành. #AnCungTikTok #ReviewAnNgon #LearnOnTikTok #Foodreview #longlongangi #fyp #foodfestontiktok | TikTok,longlongneee Long ăn gì? · 2023-6-5 · Follow · more · 📍cơm rang ánh dung: 104a1 giảng võ. ⭐️: 80-150 cành. #AnCungTikTok #ReviewAnNgon #LearnOnTikTok #Foodreview #longlongangi #fyp #foodfestontiktok · Ba Đình · Hanoi · 224 comments · Log in to comment ·
Giảng Võ,Hà Nội,quán ăn ở Giảng Võ Hà Nội,7359944262559010049,hongg._.nhungg,https://www.tiktok.com/@hongg._.nhungg/video/7359944262559010049,Bún ốc có nước dùng ngon lắm 📍 ngõ 140 Giảng Võ #foodfestontiktok #ancungtiktok #reviewquanngon #bunoc | TikTok,TikTok video from Nhung nè (@hongg._.nhungg)
Giảng Võ,Hà Nội,quán ăn ở Giảng Võ Hà Nội,7319851586186939650,vivuhanoii_,https://www.tiktok.com/@vivuhanoii_/video/7319851586186939650,"Sau khi thẩm hết 7749 quán gà lá é ở Hà Nội thì Tre Xanh Quán vẫn là chân ái trong lòng tôi!! 📍 109 D6 Giảng Võ, Ba Đình, HN. Mọi người nhớ đặt bàn trước nhé vì quán rất rất đông (kể cả ngày thường). #vivuhanoi #laugalaedalat #trexanhquan #laugalae #ancungtiktok #fyp #hanoi #LearnOnTiktok #hanoifood #laugalaehanoi #laugalaetrexanhquan #xuhuong | TikTok","1106 Likes, 96 Comments. TikTok video from Vi vu Hà Nội (@vivuhanoii_): “Sau khi thẩm hết 7749 quán gà lá é ở Hà Nội thì Tre Xanh Quán vẫn là chân ái trong lòng tôi!! 📍 109 D6 Giảng Võ, Ba Đình, HN."
Giảng Võ,Hà Nội,quán ăn ở Giảng Võ Hà Nội,7301512096808848641,monngonhp,https://www.tiktok.com/@monngonhp/video/7301512096808848641,"DAEGU Lẩu Nướng Hàn Quốc - 341 Văn Cao, Ngô Quyền, Hải Phòng(10h30 - 14h/ 17h30 - 22h) | TikTok",TikTok video from Món Ngon Hải Phòng (@monngonhp)
Hoàn Kiếm,Hà Nội,quán ăn ở Hoàn Kiếm Hà Nội,7467926505557986582,,https://www.tiktok.com/@/video/7467926505557986582,TikTok - Make Your Day,TikTok - Make Your Day
Hoàn Kiếm,Hà Nội,quán ăn ở Hoàn Kiếm Hà Nội,7006467767717203206,,https://www.tiktok.com/@/_sauce90/video/7006467767717203206,TikTok,TikTok for GoodAdvertiseSell on TikTok ShopTikTok LIVE Creator NetworksDevelopersTransparencyTikTok EmbedsSoundOn Music DistributionTikTok LiveTikTok Shop
Hoàn Kiếm,Hà Nội,quán ăn ở Hoàn Kiếm Hà Nội,7208702356110740742,,https://support16-normal-useast1a.tiktok.com/@/video/7208702356110740742,support16-normal-useast1a.tiktok.com,support16-normal-useast1a.tiktok.com
Hoàn Kiếm,Hà Nội,quán ăn ở Hoàn Kiếm Hà Nội,7345623727712914720,,https://www.tiktok.com/@/video/7345623727712914720,TikTok - Make Your Day,Log in to TikTok This post may not be comfortable for some audiences. Log in to make the most of your experience.
Hoàn Kiếm,Hà Nội,quán ăn ở Hoàn Kiếm Hà Nội,7470274605895372078,,https://www.tiktok.com/@/video/7470274605895372078,TikTok - Make Your Day,"This account is private Looking for videos? Try browsing our trending creators, hashtags, and sounds."
Hoàn Kiếm,Hà Nội,quán ăn ở Hoàn Kiếm Hà Nội,6925497998071860485,,https://www.tiktok.com/@/video/6925497998071860485/,TikTok - Make Your Day,ไม่มีหน้านี้อยู่ ขออภัยด้วย โปรดลองอีกครั้งในภายหลัง ลอง ...
Hoàn Kiếm,Hà Nội,quán ăn ở Hoàn Kiếm Hà Nội,7612982828782882069,,https://www.tiktok.com/video/7612982828782882069,TikTok,TikTok ... TikTok
Hoàn Kiếm,Hà Nội,quán ăn ở Hoàn Kiếm Hà Nội,7673897137083518226,cun.1906,https://www.tiktok.com/@cun.1906/video/7673897137083518226,Quán Cafe Rộng Đẹp Ở Hoàn Kiếm - 1 CHẠM Tràng Thi | TikTok,"Bạn có biết tại trung tâm khu Hoàn Kiếm lại có một quán cafe ""1 CHẠM"" với không gian siêu rộng và đẹp đến ""xỉu"" không? Tọa lạc tại địa chỉ 10B Tràng Thi, Hoàn Kiếm, Hà Nội, quán cafe này thực sự là một khám phá thú vị. ""1 CHẠM"" sở hữu một không gian được trang trí theo tone nâu ấm áp, mang đến cảm giác ..."
Hoàn Kiếm,Hà Nội,quán ăn ở Hoàn Kiếm Hà Nội,7632240875531160839,znewssocial,https://www.tiktok.com/@znewssocial/video/7632240875531160839,"Tổng thống Hàn Quốc khen Việt Nam: 'Quán nào ăn cũng ngon' ở ...Tổng hợp những quán ăn ngon tại Quận Hoàn Kiếm - Hà Nội ...#hoàn_kiếm Gắn hashtag cho các video trên TikTokBẢN QUÁN - Số 02 Đường Thành, P. Cửa Đông, Q. Hoàn Kiếm, Hà ...Nhớ lắm các quán ăn vặt Hoàn Kiếm, thứ mà tui lun lun thèm # ...Khám Phá Ẩm Thực Quận Hoàn Kiếm: Món Ngon Nên Thử | TikTok","Kết luận: Một phát ngôn giản dị khi tản bộ quanh Hồ Hoàn Kiếm đã truyền tải thông điệp mạnh mẽ về ẩm thực Việt Nam: ngon, đa dạng và dễ tiếp cận. Bạn có ấn tượng nào về quán ăn ở Hà Nội muốn chia sẻ? Jan 9, 2025 · TikTok video from AEGPlus (@aegplus): “Tổng hợp những quán ăn ngon tại Quận Hoàn Kiếm - Hà Nội. Mukbang nhanh còn về nhà ăn #Tết thôi nào. #ancungtiktok #xuhuong #thinhhanh #reviewanngon #hanoi”. #hoàn_kiếm | 29.3K người đã xem nội dung này. Xem các video ngắn về #hoàn_kiếm trên TikTok. 1154 Lượt thích,Video TikTok từ Goodfooddiary (@nhatkyanngon): ""📍BẢN QUÁN - Số 02 Đường Thành, P. Cửa Đông, Q. Hoàn Kiếm, Hà Nội. #nhatkyanngon #hanoifood #banquan #aban"".Food Service. BẢN QUÁNHeart of the Forest - Ghibli Melodic & Muses Records. 747 Lượt thích,Video TikTok từ Ở HÀ NỘI (@ohanoi.vn): ""Nhớ lắm các quán ăn vặt Hoàn Kiếm, thứ mà tui lun lun thèm😙 #ohanoi #ohanoivn #anvat #hoankiem #vtmgr"".original sound - Ở HÀ NỘI. Aug 25, 2023 · Tìm hiểu những địa điểm ăn ngon tại quận Hoàn Kiếm. Thưởng thức các món đặc sản Hà Nội hấp dẫn. #LearnOnTikTok #ReviewAnNgon #AnCungTikTok Đây là bản tóm tắt nội dung do AI tạo và không nhằm mục đích cung cấp ngữ cảnh thực tế."
Hoàn Kiếm,Hà Nội,quán ăn ở Hoàn Kiếm Hà Nội,7629653642488089863,nhatkyanngon,https://www.tiktok.com/@nhatkyanngon/video/7629653642488089863,"BẢN QUÁN - Số 02 Đường Thành, P. Cửa Đông, Q. Hoàn Kiếm, Hà ...","1154 Lượt thích,Video TikTok từ Goodfooddiary (@nhatkyanngon): ""📍BẢN QUÁN - Số 02 Đường Thành, P. Cửa Đông, Q. Hoàn Kiếm, Hà Nội. #nhatkyanngon #hanoifood #banquan #aban"".Food Service. BẢN QUÁNHeart of the Forest - Ghibli Melodic & Muses Records."
Hoàn Kiếm,Hà Nội,quán ăn ở Hoàn Kiếm Hà Nội,7672012888546250005,ohanoi.vn,https://www.tiktok.com/@ohanoi.vn/video/7672012888546250005,"Nhớ lắm các quán ăn vặt Hoàn Kiếm, thứ mà tui lun lun thèm # ...","747 Lượt thích,Video TikTok từ Ở HÀ NỘI (@ohanoi.vn): ""Nhớ lắm các quán ăn vặt Hoàn Kiếm, thứ mà tui lun lun thèm😙 #ohanoi #ohanoivn #anvat #hoankiem #vtmgr"".original sound - Ở HÀ NỘI."
Hoàn Kiếm,Hà Nội,quán ăn ở Hoàn Kiếm Hà Nội,7271203028944964870,hanjiun,https://www.tiktok.com/@hanjiun/video/7271203028944964870,Khám Phá Ẩm Thực Quận Hoàn Kiếm: Món Ngon Nên Thử | TikTok,"Aug 25, 2023 · Tìm hiểu những địa điểm ăn ngon tại quận Hoàn Kiếm. Thưởng thức các món đặc sản Hà Nội hấp dẫn. #LearnOnTikTok #ReviewAnNgon #AnCungTikTok Đây là bản tóm tắt nội dung do AI tạo và không nhằm mục đích cung cấp ngữ cảnh thực tế."
Cửa Nam,Hà Nội,quán ăn ở Cửa Nam Hà Nội,7664465119585307924,userondaplanet,https://www.tiktok.com/@userondaplanet/video/7664465119585307924,"After Hours Café Hà Nội – Review 14 Vạn Kiếp, Cửa Nam | TikTokCủi Restaurant: Không Gian Đẹp, Đồ Ăn Ngon Hà Nội | TikTokTìm Ô Cửa Hà Nội Cổ - Quán Cafe Độc Đáo | TikTokỞ HÀ NỘI (@ohanoi.vn) | TikTokGợi Ý Địa Điểm Ăn Sáng Ngon Ở Hà Nội | TikTokTop 10 Quán Ăn Đêm Hà Nội Không Thể Bỏ Lỡ | TikTokKhám Phá Bún Ốc Cô Thủy Tại 30 Cửa Nam | TikTok","Bài viết này tập trung mô tả vị trí, không gian và những điểm người ghé quán thường quan tâm. Thuận tiện cho người ở trung tâm thành phố, dễ tìm qua bản đồ và giao thông công cộng. Khám phá Củi Restaurant tại 2 Cửa Nam, Hà Nội - nơi có không gian đẹp, đồ ăn chất lượng và nhân viên thân thiện. Hoàn hảo cho dịp 30/4 hoặc đơn giản là tìm chỗ chill. #cuirestaurant #nangthuvathich #hanoifood #tiktokfood 1204 Likes, TikTok video from Umee🌈 (@thuongthuongnh): “Khám phá những ô cửa Hà Nội cổ kính và những quán cafe độc đáo qua bộ ảnh mới nhất. Một hành trình đầy hoài niệm và khám phá.”. Ở HÀ NỘI (@ohanoi.vn) on TikTok | 9.5M Likes. 328.6K Followers. 2 CÔ GÁI REVIEW ĐỒ ĂN HÀ NỘI 👇Các sản phẩm trong clip nè👇.Watch Ở HÀ NỘI's popular videos: ""giận ny mà ""trốn"" và..."", ""Đến ngay Haidilao th..."". Join 328.6K followers on TikTok for more ohanoi, ohanoivn, vtmgr content Khám phá các địa điểm ăn sáng ngon tại Thủ Đô Hà Nội với các món phở hấp dẫn. Xem ngay để biết thêm chi tiết! #reviewhanoi #hanoiangi #foodtourhanoi #hanoi #hanoifood Aug 11, 2023 · 43.6K Lượt thích,439 Bình luận.Video TikTok từ Đi Ăn Đê (@.diande): ""Khám phá top 10 quán ăn đêm lý tưởng ở Hà Nội, từ xôi bàn thờ đến phở gánh. Thưởng thức những món ăn ngon và không gian náo nhiệt! #xuhuong #ReviewAnNgon #AnCungTikTok #diandem"". Jun 14, 2022 · 8752 Lượt thích,121 Bình luận.Video TikTok từ Bà chúa review 🙆🏻♀️ (@bachuareview): ""Cùng thưởng thức bún ốc cô Thủy, với hương vị đậm đà và phong phú từ topping đến nước dùng. Đừng bỏ lỡ quán nổi tiếng này! #tiktokfood #ancungtiktok""."
Cửa Nam,Hà Nội,quán ăn ở Cửa Nam Hà Nội,7634524989001125140,nangthuvathich,https://www.tiktok.com/@nangthuvathich/video/7634524989001125140,"Củi Restaurant: Không Gian Đẹp, Đồ Ăn Ngon Hà Nội | TikTok","Khám phá Củi Restaurant tại 2 Cửa Nam, Hà Nội - nơi có không gian đẹp, đồ ăn chất lượng và nhân viên thân thiện. Hoàn hảo cho dịp 30/4 hoặc đơn giản là tìm chỗ chill. #cuirestaurant #nangthuvathich #hanoifood #tiktokfood"
Cửa Nam,Hà Nội,quán ăn ở Cửa Nam Hà Nội,7508677019404651783,thodiahanois,https://www.tiktok.com/@thodiahanois/video/7508677019404651783,Gợi Ý Địa Điểm Ăn Sáng Ngon Ở Hà Nội | TikTokTop 10 Quán Ăn Đêm Hà Nội Không Thể Bỏ Lỡ | TikTokKhám Phá Bún Ốc Cô Thủy Tại 30 Cửa Nam | TikTok,"Khám phá các địa điểm ăn sáng ngon tại Thủ Đô Hà Nội với các món phở hấp dẫn. Xem ngay để biết thêm chi tiết! #reviewhanoi #hanoiangi #foodtourhanoi #hanoi #hanoifood Aug 11, 2023 · 43.6K Lượt thích,439 Bình luận.Video TikTok từ Đi Ăn Đê (@.diande): ""Khám phá top 10 quán ăn đêm lý tưởng ở Hà Nội, từ xôi bàn thờ đến phở gánh. Thưởng thức những món ăn ngon và không gian náo nhiệt! #xuhuong #ReviewAnNgon #AnCungTikTok #diandem"". Jun 14, 2022 · 8752 Lượt thích,121 Bình luận.Video TikTok từ Bà chúa review 🙆🏻♀️ (@bachuareview): ""Cùng thưởng thức bún ốc cô Thủy, với hương vị đậm đà và phong phú từ topping đến nước dùng. Đừng bỏ lỡ quán nổi tiếng này! #tiktokfood #ancungtiktok""."
Cửa Nam,Hà Nội,quán ăn ở Cửa Nam Hà Nội,7266055644891876615,.diande,https://www.tiktok.com/@.diande/video/7266055644891876615,Top 10 Quán Ăn Đêm Hà Nội Không Thể Bỏ Lỡ | TikTokKhám Phá Bún Ốc Cô Thủy Tại 30 Cửa Nam | TikTok,"Aug 11, 2023 · 43.6K Lượt thích,439 Bình luận.Video TikTok từ Đi Ăn Đê (@.diande): ""Khám phá top 10 quán ăn đêm lý tưởng ở Hà Nội, từ xôi bàn thờ đến phở gánh. Thưởng thức những món ăn ngon và không gian náo nhiệt! #xuhuong #ReviewAnNgon #AnCungTikTok #diandem"". Jun 14, 2022 · 8752 Lượt thích,121 Bình luận.Video TikTok từ Bà chúa review 🙆🏻♀️ (@bachuareview): ""Cùng thưởng thức bún ốc cô Thủy, với hương vị đậm đà và phong phú từ topping đến nước dùng. Đừng bỏ lỡ quán nổi tiếng này! #tiktokfood #ancungtiktok""."
Cửa Nam,Hà Nội,quán ăn ở Cửa Nam Hà Nội,7109032785003695387,bachuareview,https://www.tiktok.com/@bachuareview/video/7109032785003695387,Khám Phá Bún Ốc Cô Thủy Tại 30 Cửa Nam | TikTok,"Jun 14, 2022 · 8752 Lượt thích,121 Bình luận.Video TikTok từ Bà chúa review 🙆🏻♀️ (@bachuareview): ""Cùng thưởng thức bún ốc cô Thủy, với hương vị đậm đà và phong phú từ topping đến nước dùng. Đừng bỏ lỡ quán nổi tiếng này! #tiktokfood #ancungtiktok""."
Phú Thượng,Hà Nội,quán ăn ở Phú Thượng Hà Nội,7681169651082087688,user1178427684506,https://www.tiktok.com/@user1178427684506/video/7681169651082087688,"Bún chả Ngã Tư Gạch – Review quán bún chả Phú Thượng, Hà Nội ...","Lead Muốn thử bún chả khu Ngã Tư Gạch (gần Phú Thượng, Phúc Thọ, Hà Nội)? Bài viết này tóm tắt review thực tế về bún chả Ngã Tư Gạch, so sánh vị, nước chấm, và gợi ý order cho người lần đầu đến."
Phú Thượng,Hà Nội,quán ăn ở Phú Thượng Hà Nội,7397749492042272018,hanoibeo,https://www.tiktok.com/@hanoibeo/video/7397749492042272018,"Quán Xôi Phú Thượng Hà Nội: 6 Loại Topping Ngon Rẻ Chấn Động ...TikTok - Make Your DayXôi Phú Thượng 5k: Món Ngon Gia Truyền Hà Nội | TikTokGà nướng lu 672 Láng — Quán gà nướng nổi tiếng ở Hà Nội | TikTokKhám Phá Xôi Phú Thượng Tại Xôi Làng Nghề | TikTokXôi Phú Thượng Hà Nội - Quán xôi ngon CN1 117 Lê Lai, CN2 211 ...","Jul 31, 2024 · Khám phá quán xôi chuẩn Phú Thượng với 6 loại topping ngon vãi, giá yêu thương. Xôi thơm ngậy, dẻo dai tồn tại 24 giờ. Tham khảo ngay! #hanoibeo #tiktokfood #xuhuong #hanoi Đây là bản tóm tắt nội dung do AI tạo và không nhằm mục đích cung cấp ngữ cảnh thực tế. TikTok - trends start here. On a device or on the web, viewers can watch and discover millions of personalized short videos. Download the app to get started. Aug 26, 2023 · Xôi Phú Thượng 5k: Món Ngon Gia Truyền Hà Nội Khám phá hương vị xôi Phú Thượng chỉ với 5.000đ giữa phố cổ Hà Nội. Đi ăn sáng no căng cùng mình nhé! #hanoi #xoi #Master2023byTikTok Lead Gà nướng lu 672 Láng là điểm ăn được nhắc đến với phong cách gà nướng lu đặc trưng, thu hút thực khách quanh khu vực Láng và toàn Hà Nội. Tên quán thường xuất hiện cùng hashtag #ganuonglu #lang #toinayangi #gaquay. Jul 18, 2025 · Xôi Phú Thượng là 1 nét văn hoá ẩm thực của Thủ Đô Hà Nội , cá nhân em thật tự hào khi được giới thiệu đến thực khách TPHCM . - Hai chi nhánh ở vị trí trung tâm giúp dễ tiếp cận. Kết thúc Nếu bạn muốn xôi truyền thống chuẩn vị Hà Nội, Xôi Phú Thượng Hà Nội (CN1: 117 Lê Lai, CN2: 211 Lê Lợi) là lựa chọn nên thử. Bạn đã thử chi nhánh nào rồi? Chia sẻ trải nghiệm để người khác biết thêm."
Phú Thượng,Hà Nội,quán ăn ở Phú Thượng Hà Nội,7271642864558427397,hoahauviahe,https://www.tiktok.com/@hoahauviahe/video/7271642864558427397,"Xôi Phú Thượng 5k: Món Ngon Gia Truyền Hà Nội | TikTokGà nướng lu 672 Láng — Quán gà nướng nổi tiếng ở Hà Nội | TikTokKhám Phá Xôi Phú Thượng Tại Xôi Làng Nghề | TikTokXôi Phú Thượng Hà Nội - Quán xôi ngon CN1 117 Lê Lai, CN2 211 ...","Aug 26, 2023 · Xôi Phú Thượng 5k: Món Ngon Gia Truyền Hà Nội Khám phá hương vị xôi Phú Thượng chỉ với 5.000đ giữa phố cổ Hà Nội. Đi ăn sáng no căng cùng mình nhé! #hanoi #xoi #Master2023byTikTok Lead Gà nướng lu 672 Láng là điểm ăn được nhắc đến với phong cách gà nướng lu đặc trưng, thu hút thực khách quanh khu vực Láng và toàn Hà Nội. Tên quán thường xuất hiện cùng hashtag #ganuonglu #lang #toinayangi #gaquay. Jul 18, 2025 · Xôi Phú Thượng là 1 nét văn hoá ẩm thực của Thủ Đô Hà Nội , cá nhân em thật tự hào khi được giới thiệu đến thực khách TPHCM . - Hai chi nhánh ở vị trí trung tâm giúp dễ tiếp cận. Kết thúc Nếu bạn muốn xôi truyền thống chuẩn vị Hà Nội, Xôi Phú Thượng Hà Nội (CN1: 117 Lê Lai, CN2: 211 Lê Lợi) là lựa chọn nên thử. Bạn đã thử chi nhánh nào rồi? Chia sẻ trải nghiệm để người khác biết thêm."
Phú Thượng,Hà Nội,quán ăn ở Phú Thượng Hà Nội,7679722326363016468,longun83,https://www.tiktok.com/@longun83/video/7679722326363016468,Gà nướng lu 672 Láng — Quán gà nướng nổi tiếng ở Hà Nội | TikTok,"Lead Gà nướng lu 672 Láng là điểm ăn được nhắc đến với phong cách gà nướng lu đặc trưng, thu hút thực khách quanh khu vực Láng và toàn Hà Nội. Tên quán thường xuất hiện cùng hashtag #ganuonglu #lang #toinayangi #gaquay."
Phú Thượng,Hà Nội,quán ăn ở Phú Thượng Hà Nội,7528352774669618440,xoilangnghe,https://www.tiktok.com/@xoilangnghe/video/7528352774669618440,"Khám Phá Xôi Phú Thượng Tại Xôi Làng Nghề | TikTokXôi Phú Thượng Hà Nội - Quán xôi ngon CN1 117 Lê Lai, CN2 211 ...","Jul 18, 2025 · Xôi Phú Thượng là 1 nét văn hoá ẩm thực của Thủ Đô Hà Nội , cá nhân em thật tự hào khi được giới thiệu đến thực khách TPHCM . - Hai chi nhánh ở vị trí trung tâm giúp dễ tiếp cận. Kết thúc Nếu bạn muốn xôi truyền thống chuẩn vị Hà Nội, Xôi Phú Thượng Hà Nội (CN1: 117 Lê Lai, CN2: 211 Lê Lợi) là lựa chọn nên thử. Bạn đã thử chi nhánh nào rồi? Chia sẻ trải nghiệm để người khác biết thêm."
Phú Thượng,Hà Nội,quán ăn ở Phú Thượng Hà Nội,7676653551220706567,tuanchill_195,https://www.tiktok.com/@tuanchill_195/video/7676653551220706567,"Xôi Phú Thượng Hà Nội - Quán xôi ngon CN1 117 Lê Lai, CN2 211 ...","- Hai chi nhánh ở vị trí trung tâm giúp dễ tiếp cận. Kết thúc Nếu bạn muốn xôi truyền thống chuẩn vị Hà Nội, Xôi Phú Thượng Hà Nội (CN1: 117 Lê Lai, CN2: 211 Lê Lợi) là lựa chọn nên thử. Bạn đã thử chi nhánh nào rồi? Chia sẻ trải nghiệm để người khác biết thêm."
Hồng Hà,Hà Nội,quán ăn ở Hồng Hà Hà Nội,7669670099011308820,kuku1197,https://www.tiktok.com/@kuku1197/video/7669670099011308820,Lẩu riêu ngon ở quán Đức Mận Hồng Hà — review nhanh | TikTok,"Ngoài các món nhậu, quán phục vụ lẩu với giá cả hợp lý, phù hợp cả nhóm đi nhậu hoặc gia đình muốn ăn lẩu ngon ở Hà Nội. Nếu tìm lẩu riêu gần khu Hồng Hà hoặc muốn thử lẩu pate, quán này là lựa chọn nên cân nhắc. Hashtags: #foodhanoi"
Hồng Hà,Hà Nội,quán ăn ở Hồng Hà Hà Nội,7641583355695222037,nguoingonanngon,https://www.tiktok.com/@nguoingonanngon/video/7641583355695222037,Quán nướng Thổ Dân Hồng Hà - Review menu & trải nghiệm mùa hè ...,"Kết luận Quán nướng Thổ Dân Hồng Hà là lựa chọn tốt nếu bạn muốn trải nghiệm nướng theo concept độc lạ giữa Hà Nội trong mùa hè. Hãy kiểm tra menu nướng thổ dân trước khi đi, đi theo nhóm và chuẩn bị sẵn cho một bữa nướng chia sẻ sôi động."
Tây Hồ,Hà Nội,quán ăn ở Tây Hồ Hà Nội,7625178720403279124,lelahanoi.reviewfood,https://www.tiktok.com/@lelahanoi.reviewfood/video/7625178720403279124,Nhà hàng Sài Gòn 1970s - Địa chỉ và Hashtag | TikTok,"Keywords: Nhà hàng Sài Gòn 1970s, địa chỉ nhà hàng Hà Nội, ẩm thực Sài Gòn, ăn uống ở Tây Hồ, nhà hàng độc đáo tại Hà Nội, hashtag địa chỉ nhà hàng, KOC viết caption, khẩu hiệu nhà hàng, giới thiệu nhà hàng, phong cách 1970s"
Tây Hồ,Hà Nội,quán ăn ở Tây Hồ Hà Nội,7689125381420436788,pinocchio.cafebistro,https://www.tiktok.com/@pinocchio.cafebistro/video/7689125381420436788,Quán cafe & bistro có sofa độc lạ ở Nhì Hà Nội | TikTok,"Video giới thiệu một quán cafe & bistro tại Nhì, Hà Nội với điểm nhấn là các ghế sofa độc lạ. Nội dung nhắc đến tên/biệt danh liên quan: Pinocchio, và đề cập vị trí chung: Tây Hồ. Hashtag trong nguồn gồm #pinocchio, #restaurant, #tayho, #café và #fypシ."
Tây Hồ,Hà Nội,quán ăn ở Tây Hồ Hà Nội,7636743797153598738,dianchovui,https://www.tiktok.com/@dianchovui/video/7636743797153598738,Chạm Nướng Hồ Tây – Quán nướng than hoa rooftop view | TikTok,"Chạm Nướng Hồ Tây: buffet nướng than hoa, rooftop ngắm hồ Tây, không gian chill và menu đa dạng. Xem review, giá và địa chỉ Tầng 4 - 217 Trích Sài. #dianchovui #anhithayan #chamnuong #hotay #nuongthanhoa"
Tây Hồ,Hà Nội,quán ăn ở Tây Hồ Hà Nội,7460542314138717458,amthucsentayho,https://www.tiktok.com/@amthucsentayho/video/7460542314138717458,"Buffet Ấn Tượng Tại Sen Tây Hồ | TikTokSushi Hokkaido Sachi Lotte Mall Tây Hồ review | TikTokĂn đồ Âu, Ngắm Hồ Tây Lãng Mạn | TikTokKhám Phá Quán Cá Nướng Ngon Hàng Đầu Tại Tây Hồ | TikTok","Jan 16, 2025 · 7204 Lượt thích,357 Bình luận.Video TikTok từ Khu Văn Hoá Ẩm Thực Sen Tây Hồ (@amthucsentayho): ""Khám phá không gian buffet rộng lớn và thực đơn 200 món tại Sen Tây Hồ, nơi không chỉ có ẩm thực mà còn là trải nghiệm độc đáo! #buffetsentayho #amthuc #buffet"". Địa điểm và vị trí Sushi Hokkaido Sachi nằm ở Tầng 3, Lotte Mall Tây Hồ, Hà Nội. Video/clip gắn thẻ cửa hàng này với các hashtag #sushihokkaidosachi #hokkaido #unisashimi #hanoi #foodreview #vitditrenphao, cho thấy trọng tâm là trải nghiệm ẩm thực tại nhà hàng sushi phong cách Hokkaido. Thưởng thức ẩm thực Âu tinh tế với view Hồ Tây thơ mộng. Trải nghiệm ẩm thực và cảnh đẹp độc đáo tại Hà Nội. #hanoifood #ancungtiktok #reviewhanoi #hanoinews Jun 9, 2024 · 2526 Lượt thích,Video TikTok từ Eatwithmynoreo (@eatwithmynoreo): ""Địa chỉ không thể bỏ qua cho tín đồ cá nướng tại Hà Nội. Thưởng thức cá riêu hồng, lẩu ếch và nhiều món khác."
Tây Hồ,Hà Nội,quán ăn ở Tây Hồ Hà Nội,7649330497960627464,vitditrenphao,https://www.tiktok.com/@vitditrenphao/video/7649330497960627464,Sushi Hokkaido Sachi Lotte Mall Tây Hồ review | TikTok,"Địa điểm và vị trí Sushi Hokkaido Sachi nằm ở Tầng 3, Lotte Mall Tây Hồ, Hà Nội. Video/clip gắn thẻ cửa hàng này với các hashtag #sushihokkaidosachi #hokkaido #unisashimi #hanoi #foodreview #vitditrenphao, cho thấy trọng tâm là trải nghiệm ẩm thực tại nhà hàng sushi phong cách Hokkaido."
Tây Hồ,Hà Nội,quán ăn ở Tây Hồ Hà Nội,7622676117916290325,review.h.ni2,https://www.tiktok.com/@review.h.ni2/video/7622676117916290325,"Ăn đồ Âu, Ngắm Hồ Tây Lãng Mạn | TikTok",Thưởng thức ẩm thực Âu tinh tế với view Hồ Tây thơ mộng. Trải nghiệm ẩm thực và cảnh đẹp độc đáo tại Hà Nội. #hanoifood #ancungtiktok #reviewhanoi #hanoinews
Tây Hồ,Hà Nội,quán ăn ở Tây Hồ Hà Nội,7378457444936125704,eatwithmynoreo,https://www.tiktok.com/@eatwithmynoreo/video/7378457444936125704,Khám Phá Quán Cá Nướng Ngon Hàng Đầu Tại Tây Hồ | TikTok,"Jun 9, 2024 · 2526 Lượt thích,Video TikTok từ Eatwithmynoreo (@eatwithmynoreo): ""Địa chỉ không thể bỏ qua cho tín đồ cá nướng tại Hà Nội. Thưởng thức cá riêu hồng, lẩu ếch và nhiều món khác."
Bồ Đề,Hà Nội,quán ăn ở Bồ Đề Hà Nội,7669295832386129160,tucaphe96,https://www.tiktok.com/@tucaphe96/video/7669295832386129160,Bún bò Huế ở Hồ 2 Bồ Đề Long Biên – review quán Huế thơm nồng ...,"Quán bún bò Huế ở Hồ 2 Bồ Đề (Long Biên) là trải nghiệm nên thử nếu bạn thích món miền Trung. Ngay từ gần quán đã nghe mùi nồng thơm đặc trưng của bún bò Huế, gợi nhớ hương vị vùng Huế."
Bồ Đề,Hà Nội,quán ăn ở Bồ Đề Hà Nội,7586279860713032981,eatwithmynoreo,https://www.tiktok.com/@eatwithmynoreo/video/7586279860713032981,Khám Phá Quán Nướng Sam Bồ Đề 14 Năm Tuổi | TikTok,"Dec 21, 2025 · Quán nướng 14 năm tuổi có nầm siêu siêu dày 👏🏻 Quán Sam - 60 ngõ 12 Bồ Đề #AnCungTikTok #eatwithmynoreo #tiktokfood #LearnOnTikTok"
Bồ Đề,Hà Nội,quán ăn ở Bồ Đề Hà Nội,7654034552003824916,4khonglong0,https://www.tiktok.com/@4khonglong0/video/7654034552003824916,"Hủ tiếu gần ngã 3 Cây Bồ Đề — Quán mối ở Trung An? | TikTokThực đơn hấp dẫn tại quán chim câu Bồ Đề | TikTokPhở Gà Triệu Gia - 47 Phú Hữu, Bồ Đề, Hà Nội | TikTokQuán Cơm Chay Trúc Lâm Bồ Đề - Phở Chay Ngon Giá Rẻ","Lead Có thông tin về một quán hủ tiếu nằm gần ngã 3 Cây Bồ Đề, được gọi thân mật là “quán mối” ở khu Trung An. Bài viết này tập trung vào thảo luận, hỏi đáp và chia sẻ kinh nghiệm về quán hủ tiếu đó: vị ngon, địa điểm và cảm nhận khi ăn. Mar 14, 2025 · 2253 Lượt thích,76 Bình luận.Video TikTok từ kiều văn thái (@kieu_van_thai): ""Khám phá thực đơn thơm ngon với chim câu và má heo nướng! Đến quán Bồ Đề trải nghiệm ẩm thực tuyệt vời. #abeo #kiều_văn_thái"". Discover the authentic flavors of Phở Gà at Triệu Gia, conveniently situated at 47 Phú Hữu, in the Bồ Đề area of Hà Nội. This culinary spot is a must-visit for anyone craving traditional Vietnamese chicken noodle soup. Known for its rich broth and tender chicken, Phở Gà Triệu Gia offers a delightful dining experience. Whether you're a local or a tourist, exploring the food ... Mar 27, 2025 · Quán Cơm Chay Trúc Lâm Bồ Đề. Ở số 118 Nguyễn Lâm phường 6 quận 10, phở chay ăn ngon giá là 35k. Ngày thứ 7 mới có bán phở, mở cửa từ lúc 6 giờ cho đến 19 giờ."
Bồ Đề,Hà Nội,quán ăn ở Bồ Đề Hà Nội,7481619926680145172,kieu_van_thai,https://www.tiktok.com/@kieu_van_thai/video/7481619926680145172,"Thực đơn hấp dẫn tại quán chim câu Bồ Đề | TikTokPhở Gà Triệu Gia - 47 Phú Hữu, Bồ Đề, Hà Nội | TikTokQuán Cơm Chay Trúc Lâm Bồ Đề - Phở Chay Ngon Giá Rẻ","Mar 14, 2025 · 2253 Lượt thích,76 Bình luận.Video TikTok từ kiều văn thái (@kieu_van_thai): ""Khám phá thực đơn thơm ngon với chim câu và má heo nướng! Đến quán Bồ Đề trải nghiệm ẩm thực tuyệt vời. #abeo #kiều_văn_thái"". Discover the authentic flavors of Phở Gà at Triệu Gia, conveniently situated at 47 Phú Hữu, in the Bồ Đề area of Hà Nội. This culinary spot is a must-visit for anyone craving traditional Vietnamese chicken noodle soup. Known for its rich broth and tender chicken, Phở Gà Triệu Gia offers a delightful dining experience. Whether you're a local or a tourist, exploring the food ... Mar 27, 2025 · Quán Cơm Chay Trúc Lâm Bồ Đề. Ở số 118 Nguyễn Lâm phường 6 quận 10, phở chay ăn ngon giá là 35k. Ngày thứ 7 mới có bán phở, mở cửa từ lúc 6 giờ cho đến 19 giờ."
Bồ Đề,Hà Nội,quán ăn ở Bồ Đề Hà Nội,7635840926086155528,chanhphoga,https://www.tiktok.com/@chanhphoga/video/7635840926086155528,"Phở Gà Triệu Gia - 47 Phú Hữu, Bồ Đề, Hà Nội | TikTok","Discover the authentic flavors of Phở Gà at Triệu Gia, conveniently situated at 47 Phú Hữu, in the Bồ Đề area of Hà Nội. This culinary spot is a must-visit for anyone craving traditional Vietnamese chicken noodle soup. Known for its rich broth and tender chicken, Phở Gà Triệu Gia offers a delightful dining experience. Whether you're a local or a tourist, exploring the food ..."
Bồ Đề,Hà Nội,quán ăn ở Bồ Đề Hà Nội,7486482049847643399,truongcamcuong21051964,https://www.tiktok.com/@truongcamcuong21051964/video/7486482049847643399,Quán Cơm Chay Trúc Lâm Bồ Đề - Phở Chay Ngon Giá Rẻ,"Mar 27, 2025 · Quán Cơm Chay Trúc Lâm Bồ Đề. Ở số 118 Nguyễn Lâm phường 6 quận 10, phở chay ăn ngon giá là 35k. Ngày thứ 7 mới có bán phở, mở cửa từ lúc 6 giờ cho đến 19 giờ."
Bồ Đề,Hà Nội,quán ăn ở Bồ Đề Hà Nội,7668917435747028245,mai.hay.an,https://www.tiktok.com/@mai.hay.an/video/7668917435747028245,Pano Pastry Ngọc Thuỵ Hà Nội - Review bánh ngọt và croissant ...,"Những ai tìm “mukbang ăn”, “Mukbang Bánh Ngọt” sẽ quan tâm đến trải nghiệm ăn thử nhiều loại bánh tại Pano Pastry. Trải nghiệm mukbang Mukbang tại cửa tiệm giúp người xem nắm rõ khẩu vị, kích thước phần, và cảm nhận chất lượng croissant cùng các bánh ngọt khác."
Việt Hưng,Hà Nội,quán ăn ở Việt Hưng Hà Nội,7679415966740073736,chefdungday,https://www.tiktok.com/@chefdungday/video/7679415966740073736,Phở ngon ở KĐT Việt Hưng Long Biên: quán phải lưu ngay | TikTok,"Kết thúc / Kêu gọi hành động Nếu bạn ở KĐT Việt Hưng hoặc Long Biên, lưu lại quán phở này để thử — đặc biệt nếu thích phở vị Hà Nội truyền thống. Chia sẻ trải nghiệm sau khi đến ăn để mọi người cùng biết vị thế nào."
Việt Hưng,Hà Nội,quán ăn ở Việt Hưng Hà Nội,7588925572089171221,gianglien.chuyencacao,https://www.tiktok.com/@gianglien.chuyencacao/video/7588925572089171221,Khám Phá Quán Cafe Việt Hưng Mới Lần Đầu | TikTok,"Dec 28, 2025 · Keywords: quán cafe ở Việt Hưng, cafe thư giãn cuối tuần, trải nghiệm quán cafe mới, cafe đẹp ở Thanh Miện, đồng phục quán cafe, vui chơi tại cafe, cafe và âm nhạc, quán cafe cho phái nữ, khám phá quán cafe độc đáo, địa điểm nguời trẻ ở Việt Hưng"
Việt Hưng,Hà Nội,quán ăn ở Việt Hưng Hà Nội,7553997650647878930,tranglangthang_17.03,https://www.tiktok.com/@tranglangthang_17.03/video/7553997650647878930,Khám Phá Leela Coffee - Khu Đô Thị Việt Hưng | TikTok,"Keywords: Leela Coffee ở Việt Hưng, cà phê chill ở Long Biên, review quán café Hà Nội, không gian quán đẹp, trải nghiệm món uống ngon, mùa Trung Thu ở Hà Nội, menu đa dạng quán cà phê, quán cà phê đẹp ở Hà Nội, café có trang trí lung linh, ghé Leela Coffee lần hai"
Việt Hưng,Hà Nội,quán ăn ở Việt Hưng Hà Nội,7304503745470106888,dongpham5686,https://www.tiktok.com/@dongpham5686/video/7304503745470106888,"Nhà hàng bia 1990: Đồ ăn ngon, siêu xe và biển số đẹp ở Việt ...","Nov 23, 2023 · Nhà hàng bia 1990 tại số 6 Việt Hưng, Long Biên, Hà Nội, là điểm đến lý tưởng cho những ai yêu thích đồ ăn ngon và không gian độc đáo. Quán nổi tiếng với chất lượng đồ ăn ""số một"", đảm bảo sẽ làm hài lòng cả những thực khách khó tính nhất."
Việt Hưng,Hà Nội,quán ăn ở Việt Hưng Hà Nội,7690869405147827508,buffetcuonvithanh,https://www.tiktok.com/@buffetcuonvithanh/video/7690869405147827508,Địa chỉ 243 Trần Hưng đạo phường vị Tân vị thanh ạ | TikTok,"24 Lượt thích,Video TikTok từ Buffet cuốn 79k vị thanh (@buffetcuonvithanh): ""Địa chỉ 243 Trần Hưng đạo phường vị Tân vị thanh ạ"".Bubble Kite Parade - Mildred and the Streetlights."
Việt Hưng,Hà Nội,quán ăn ở Việt Hưng Hà Nội,7407115654265883912,ngocanngon.88,https://www.tiktok.com/@ngocanngon.88/video/7407115654265883912,Đánh giá lẩu riêu cua tại số 53 ngõ 11 Việt Hưng | TikTok,"Aug 25, 2024 · Keywords: lẩu riêu cua ngon Việt Hưng, nơi ăn lẩu riêu cua tốt nhất, review lẩu riêu cua Hà Nội, lẩu có topping hấp dẫn, quán ăn ngon ở Long Biên, trải nghiệm ẩm thực Việt, địa chỉ lẩu riêu cua tại Long Biên, đánh giá quán ăn ở Việt Hưng, ẩm thực đường phố Hà Nội, món ..."
Việt Hưng,Hà Nội,quán ăn ở Việt Hưng Hà Nội,7449737162901212437,ngklinh5,https://www.tiktok.com/@ngklinh5/video/7449737162901212437,"Lẩu Ngon Hải Sản ở Việt Hưng, Long Biên | TikTok","Dec 18, 2024 · Quán ngày càng đông vui, khang trang và là địa điểm phù hợp để tụ họp bạn bè, gia đình hay các buổi gặp mặt trong hội nhóm. 🎉 Quán nằm ngay khu Việt Hưng, Long Biên, rất tiện để bạn tham khảo và trải nghiệm."
Phúc Lợi,Hà Nội,quán ăn ở Phúc Lợi Hà Nội,7006467767717203206,,https://www.tiktok.com/@/_sauce90/video/7006467767717203206,TikTok,TikTok for GoodAdvertiseSell on TikTok ShopTikTok LIVE Creator NetworksDevelopersTransparencyTikTok EmbedsSoundOn Music DistributionTikTok LiveTikTok Shop
Phúc Lợi,Hà Nội,quán ăn ở Phúc Lợi Hà Nội,7208702356110740742,,https://support16-normal-useast1a.tiktok.com/@/video/7208702356110740742,support16-normal-useast1a.tiktok.com,support16-normal-useast1a.tiktok.com
Phúc Lợi,Hà Nội,quán ăn ở Phúc Lợi Hà Nội,7345623727712914720,,https://www.tiktok.com/@/video/7345623727712914720,TikTok - Make Your Day,Log in to TikTok This post may not be comfortable for some audiences. Log in to make the most of your experience.
Phúc Lợi,Hà Nội,quán ăn ở Phúc Lợi Hà Nội,7470274605895372078,,https://www.tiktok.com/@/video/7470274605895372078,TikTok - Make Your Day,"This account is private Looking for videos? Try browsing our trending creators, hashtags, and sounds."
Phúc Lợi,Hà Nội,quán ăn ở Phúc Lợi Hà Nội,7044390184313507118,,https://www.tiktok.com/@/video/7044390184313507118,TikTok - Make Your Day,"Video currently unavailable Looking for videos? Try browsing our trending creators, hashtags, and sounds."
Phúc Lợi,Hà Nội,quán ăn ở Phúc Lợi Hà Nội,7612982828782882069,,https://www.tiktok.com/video/7612982828782882069,TikTok,TikTok ... TikTok
Phúc Lợi,Hà Nội,quán ăn ở Phúc Lợi Hà Nội,7247340806850268459,,https://www.tiktok.com/video/7247340806850268459,TikTok,Redirecting to /404?fromUrl=/video/7247340806850268459.
Phúc Lợi,Hà Nội,quán ăn ở Phúc Lợi Hà Nội,7672401248074714389,,https://www.tiktok.com/video/7672401248074714389,TikTok,4 0 4 Couldn't find this page Check out more trending videos on TikTok Watch now
Phúc Lợi,Hà Nội,quán ăn ở Phúc Lợi Hà Nội,7537535700938280210,vi_hanoi,https://www.tiktok.com/@vi_hanoi/video/7537535700938280210,Khám Phá Miến Lươn Thuỷ Lợi - Hương Vị Hà Nội | TikTok,"Aug 12, 2025 · Miến lươn Thuỷ Lợi, nơi giữ trọn hương vị Hà Nội suốt 30 năm. Thưởng thức món ngon với giá từ 50k! #MienLuonThuyLoi #ViHaNoi #AmThucTruyenThong"
Phúc Lợi,Hà Nội,quán ăn ở Phúc Lợi Hà Nội,7688267117535169813,phamthaianhsv,https://www.tiktok.com/@phamthaianhsv/video/7688267117535169813,Bún cá cực nhiều topping ở Phúc Lợi - Long Biên #dailyvlog # ...,"250 Lượt thích,28 Bình luận.Video TikTok từ Chill nhất quận Long Biên (@phamthaianhsv): ""Bún cá cực nhiều topping ở Phúc Lợi - Long Biên #dailyvlog #POV #xuhuong #longbien #food #bunca"".original sound - Chill nhất quận Long Biên."
Phúc Lợi,Hà Nội,quán ăn ở Phúc Lợi Hà Nội,7259431440654339334,50motbua,https://www.tiktok.com/@50motbua/video/7259431440654339334,Khám Phá Ẩm Thực Ngon Gần Đại Học Thủy Lợi | TikTokTikTok - Make Your DayTikTokQuán ăn phố cổ không tăng giá 3 năm — đồ ăn ổn định chất ...TikTok,"Jul 24, 2023 · Khám phá các món ăn ngon tại Đại học Thủy Lợi, từ bún bò đến đồ ăn vặt. Chia sẻ những địa điểm ăn uống thú vị ở Hà Nội! #hanoi #vietnam #food #bún #ănvặt TikTok - trends start here. On a device or on the web, viewers can watch and discover millions of personalized short videos. Download the app to get started. TikTok offers a platform to watch, create, and share short videos, connecting users with trends and creators worldwide. Kết luận và gợi ý Quán ở phố cổ giữ giá 3 năm và đồ ăn chất lượng ổn định là lựa chọn đáng cân nhắc cho cả dân địa phương và khách tham quan. Nếu bạn quan tâm, ghé thử để kiểm nghiệm món ăn và trải nghiệm phục vụ — và đừng quên chia sẻ đánh giá của mình. TikTok"
Phúc Lợi,Hà Nội,quán ăn ở Phúc Lợi Hà Nội,7641837429191707924,trangvau10,https://www.tiktok.com/@trangvau10/video/7641837429191707924,Quán ăn phố cổ không tăng giá 3 năm — đồ ăn ổn định chất ...,"Kết luận và gợi ý Quán ở phố cổ giữ giá 3 năm và đồ ăn chất lượng ổn định là lựa chọn đáng cân nhắc cho cả dân địa phương và khách tham quan. Nếu bạn quan tâm, ghé thử để kiểm nghiệm món ăn và trải nghiệm phục vụ — và đừng quên chia sẻ đánh giá của mình."
Long Biên,Hà Nội,quán ăn ở Long Biên Hà Nội,7517673228811111688,chilaquynh,https://www.tiktok.com/@chilaquynh/video/7517673228811111688,"Khám Phá 2 Quán Ăn Ngon Tại Long Biên | TikTokKhám Phá Quán Ngon Ở Long Biên | TikTokTop 10 quán ăn ngon ở Long Biên | TikTokKhám Phá Ẩm Thực Quận Long Biên Qua Những Quán Ngon | TikTokBuffet Nướng Lẩu Cùng Lúc Giá Hời Tại Long Biên | TikTokQuán ăn Pháp ở Long Biên: Les Oubliés review, menu, giá hợp ...Quán cafe Lobi Long Biên: coffee, trà, bánh, vibe chữa lành ...","Jun 19, 2025 · Tìm hiểu 2 quán ăn ngon ở Long Biên cho trải nghiệm ẩm thực tuyệt vời. Đừng bỏ lỡ! #hanoi #hanoifood #xuhuong #foodreview #ancungtiktok Sep 21, 2025 · Khám Phá Quán Ngon Ở Long Biên Tìm hiểu quán ăn ngon ở Long Biên và trải nghiệm ẩm thực tuyệt vời. Hãy khám phá ngay! #tuanfamily #food #ancungtiktok #longbien Aug 8, 2022 · 3952 Lượt thích,121 Bình luận.Video TikTok từ Ninh Tito (@ninhtito): ""Khám phá những địa điểm ăn uống tuyệt vời tại Long Biên và những món ăn hấp dẫn không thể bỏ qua! #reviewfood #AnCungTikTok #xuhuong"". Tham gia tour ẩm thực quận Long Biên, trải nghiệm các quán ăn chất lượng từ bún đến bánh cuốn. Xem ngay! #phongvureview #foodtour #reviewanngon Nov 5, 2025 · Khám phá quán buffet nướng lẩu hấp dẫn tại Long Biên với giá tốt. Tham gia trải nghiệm ẩm thực tuyệt vời ngay hôm nay! #vrmgr #hanoiangi #xuhuong #minzibuffet Kết luận và lời khuyên Les Oubliés ở Ngọc Thụy, Long Biên là quán đồ Pháp thích hợp cho ai muốn ăn món Pháp giá phải chăng trong không gian chill, có thêm phòng đọc sách. Người xem video (được gắn thẻ @Thổ Địa Sành Ăn Hà Nội và @thodiasanhanxitin) có thể tham khảo đánh giá của những kênh ẩm thực địa phương để biết món nên thử. Kết luận Lobi là quán cafe đáng thử ở Long Biên: coffee, trà, bánh ngon và không gian chữa lành."
Long Biên,Hà Nội,quán ăn ở Long Biên Hà Nội,7552178991365377297,tuanfamilyvlog,https://www.tiktok.com/@tuanfamilyvlog/video/7552178991365377297,Khám Phá Quán Ngon Ở Long Biên | TikTok,"Sep 21, 2025 · Khám Phá Quán Ngon Ở Long Biên Tìm hiểu quán ăn ngon ở Long Biên và trải nghiệm ẩm thực tuyệt vời. Hãy khám phá ngay! #tuanfamily #food #ancungtiktok #longbien"
Long Biên,Hà Nội,quán ăn ở Long Biên Hà Nội,7129451774242606337,ninhtito,https://www.tiktok.com/@ninhtito/video/7129451774242606337,"Top 10 quán ăn ngon ở Long Biên | TikTokKhám Phá Ẩm Thực Quận Long Biên Qua Những Quán Ngon | TikTokBuffet Nướng Lẩu Cùng Lúc Giá Hời Tại Long Biên | TikTokQuán ăn Pháp ở Long Biên: Les Oubliés review, menu, giá hợp ...Quán cafe Lobi Long Biên: coffee, trà, bánh, vibe chữa lành ...","Aug 8, 2022 · 3952 Lượt thích,121 Bình luận.Video TikTok từ Ninh Tito (@ninhtito): ""Khám phá những địa điểm ăn uống tuyệt vời tại Long Biên và những món ăn hấp dẫn không thể bỏ qua! #reviewfood #AnCungTikTok #xuhuong"". Tham gia tour ẩm thực quận Long Biên, trải nghiệm các quán ăn chất lượng từ bún đến bánh cuốn. Xem ngay! #phongvureview #foodtour #reviewanngon Nov 5, 2025 · Khám phá quán buffet nướng lẩu hấp dẫn tại Long Biên với giá tốt. Tham gia trải nghiệm ẩm thực tuyệt vời ngay hôm nay! #vrmgr #hanoiangi #xuhuong #minzibuffet Kết luận và lời khuyên Les Oubliés ở Ngọc Thụy, Long Biên là quán đồ Pháp thích hợp cho ai muốn ăn món Pháp giá phải chăng trong không gian chill, có thêm phòng đọc sách. Người xem video (được gắn thẻ @Thổ Địa Sành Ăn Hà Nội và @thodiasanhanxitin) có thể tham khảo đánh giá của những kênh ẩm thực địa phương để biết món nên thử. Kết luận Lobi là quán cafe đáng thử ở Long Biên: coffee, trà, bánh ngon và không gian chữa lành."
Long Biên,Hà Nội,quán ăn ở Long Biên Hà Nội,7486701942228454663,nguyentranphongvu,https://www.tiktok.com/@nguyentranphongvu/video/7486701942228454663,"Khám Phá Ẩm Thực Quận Long Biên Qua Những Quán Ngon | TikTokBuffet Nướng Lẩu Cùng Lúc Giá Hời Tại Long Biên | TikTokQuán ăn Pháp ở Long Biên: Les Oubliés review, menu, giá hợp ...Quán cafe Lobi Long Biên: coffee, trà, bánh, vibe chữa lành ...","Tham gia tour ẩm thực quận Long Biên, trải nghiệm các quán ăn chất lượng từ bún đến bánh cuốn. Xem ngay! #phongvureview #foodtour #reviewanngon Nov 5, 2025 · Khám phá quán buffet nướng lẩu hấp dẫn tại Long Biên với giá tốt. Tham gia trải nghiệm ẩm thực tuyệt vời ngay hôm nay! #vrmgr #hanoiangi #xuhuong #minzibuffet Kết luận và lời khuyên Les Oubliés ở Ngọc Thụy, Long Biên là quán đồ Pháp thích hợp cho ai muốn ăn món Pháp giá phải chăng trong không gian chill, có thêm phòng đọc sách. Người xem video (được gắn thẻ @Thổ Địa Sành Ăn Hà Nội và @thodiasanhanxitin) có thể tham khảo đánh giá của những kênh ẩm thực địa phương để biết món nên thử. Kết luận Lobi là quán cafe đáng thử ở Long Biên: coffee, trà, bánh ngon và không gian chữa lành."
Long Biên,Hà Nội,quán ăn ở Long Biên Hà Nội,7569180005335403794,hanoiangi,https://www.tiktok.com/@hanoiangi/video/7569180005335403794,"Buffet Nướng Lẩu Cùng Lúc Giá Hời Tại Long Biên | TikTokQuán ăn Pháp ở Long Biên: Les Oubliés review, menu, giá hợp ...Quán cafe Lobi Long Biên: coffee, trà, bánh, vibe chữa lành ...","Nov 5, 2025 · Khám phá quán buffet nướng lẩu hấp dẫn tại Long Biên với giá tốt. Tham gia trải nghiệm ẩm thực tuyệt vời ngay hôm nay! #vrmgr #hanoiangi #xuhuong #minzibuffet Kết luận và lời khuyên Les Oubliés ở Ngọc Thụy, Long Biên là quán đồ Pháp thích hợp cho ai muốn ăn món Pháp giá phải chăng trong không gian chill, có thêm phòng đọc sách. Người xem video (được gắn thẻ @Thổ Địa Sành Ăn Hà Nội và @thodiasanhanxitin) có thể tham khảo đánh giá của những kênh ẩm thực địa phương để biết món nên thử. Kết luận Lobi là quán cafe đáng thử ở Long Biên: coffee, trà, bánh ngon và không gian chữa lành."
Long Biên,Hà Nội,quán ăn ở Long Biên Hà Nội,7678318977159793927,tobanbaotrenkhong,https://www.tiktok.com/@tobanbaotrenkhong/video/7678318977159793927,"Quán ăn Pháp ở Long Biên: Les Oubliés review, menu, giá hợp ...Quán cafe Lobi Long Biên: coffee, trà, bánh, vibe chữa lành ...","Kết luận và lời khuyên Les Oubliés ở Ngọc Thụy, Long Biên là quán đồ Pháp thích hợp cho ai muốn ăn món Pháp giá phải chăng trong không gian chill, có thêm phòng đọc sách. Người xem video (được gắn thẻ @Thổ Địa Sành Ăn Hà Nội và @thodiasanhanxitin) có thể tham khảo đánh giá của những kênh ẩm thực địa phương để biết món nên thử. Kết luận Lobi là quán cafe đáng thử ở Long Biên: coffee, trà, bánh ngon và không gian chữa lành."
Long Biên,Hà Nội,quán ăn ở Long Biên Hà Nội,7674497359660862721,th.a.tri.nghim,https://www.tiktok.com/@th.a.tri.nghim/video/7674497359660862721,"Quán cafe Lobi Long Biên: coffee, trà, bánh, vibe chữa lành ...","Người xem video (được gắn thẻ @Thổ Địa Sành Ăn Hà Nội và @thodiasanhanxitin) có thể tham khảo đánh giá của những kênh ẩm thực địa phương để biết món nên thử. Kết luận Lobi là quán cafe đáng thử ở Long Biên: coffee, trà, bánh ngon và không gian chữa lành."
Nghĩa Đô,Hà Nội,quán ăn ở Nghĩa Đô Hà Nội,7681981247983406356,minhthuytb,https://www.tiktok.com/@minhthuytb/video/7681981247983406356,Hội chợ ẩm thực công viên Nghĩa Đô — Điểm ăn uống 1 tuần | TikTok,"Nếu bạn ở Hà Nội hoặc gần khu vực, nhanh chân ghé qua trong tuần diễn ra sự kiện để không bỏ lỡ trải nghiệm ẩm thực này. Bạn sẽ tìm thấy nhiều quầy ăn ngon, giá linh hoạt và không khí ngoài trời dễ chịu. Hashtags: #hoicho #hoichoamthuc #congviennghiado #amthucvietnam #amthucvungmien"
Nghĩa Đô,Hà Nội,quán ăn ở Nghĩa Đô Hà Nội,7682776022961458440,channaunuong,https://www.tiktok.com/@channaunuong/video/7682776022961458440,Hội chợ Công viên Nghĩa Đô — Đi ngay nếu bạn ở Cầu Giấy | TikTok,Kết thúc Hội chợ ở Công viên Nghĩa Đô là cơ hội ngắn để mua sắm và tận hưởng không khí địa phương ở Cầu Giấy. Người dân ở khu vực được khuyến khích ra tham quan và ủng hộ. #hoicho #congviennghiado #nghiado #caugiay #xh
Nghĩa Đô,Hà Nội,quán ăn ở Nghĩa Đô Hà Nội,7662671887461305608,hanoi.ngon,https://www.tiktok.com/@hanoi.ngon/video/7662671887461305608,Tiệm trà bánh ẩn dưới chung cư Nghĩa Đô — review quán ngon Hà ...,"Tiệm trà bánh ẩn dưới chung cư Nghĩa Đô — review quán ngon Hà Nội Lead Tiệm trà bánh siêu đẹp, ngon và bất ngờ nằm ẩn nấp dưới một tòa chung cư ở Nghĩa Đô, quận Cầu Giấy. Bài viết này tóm tắt trải nghiệm: không gian, đồ uống, bánh và lý do nên ghé thử khi ở Hà Nội."
Nghĩa Đô,Hà Nội,quán ăn ở Nghĩa Đô Hà Nội,7658125626594921746,hanoi.ngon,https://www.tiktok.com/@hanoi.ngon/video/7658125626594921746,"Quán Cà Phê Hoa Giấy Ngay Nghĩa Đô, Cầu Giấy #hanoingon # ...","1561 Lượt thích,35 Bình luận.Video TikTok từ Hà Nội Ngon (@hanoi.ngon): ""Quán Cà Phê Hoa Giấy Ngay Nghĩa Đô, Cầu Giấy #hanoingon #hanoi #review"".Love Language - Kim MinSeok."
Nghĩa Đô,Hà Nội,quán ăn ở Nghĩa Đô Hà Nội,7667153708081302802,nhatkyanngon,https://www.tiktok.com/@nhatkyanngon/video/7667153708081302802,LỘC VỪNG QUÁN - CT3C KĐT NAM-CƯỜNG - NGHĨA ĐÔ - HÀ NỘI. # ...,"152 Lượt thích,Video TikTok từ Goodfooddiary (@nhatkyanngon): ""📍LỘC VỪNG QUÁN - CT3C KĐT NAM-CƯỜNG - NGHĨA ĐÔ - HÀ NỘI. #nhatkyanngon #adam #dautamhanh #ngongtoi #locvungquan"".LỘC VỪNG QUÁNRịu chè và mồi ngon - KHÁNH TƯỜNG."
Cầu Giấy,Hà Nội,quán ăn ở Cầu Giấy Hà Nội,7006467767717203206,,https://www.tiktok.com/@/_sauce90/video/7006467767717203206,TikTok,TikTok for GoodAdvertiseSell on TikTok ShopTikTok LIVE Creator NetworksDevelopersTransparencyTikTok EmbedsSoundOn Music DistributionTikTok LiveTikTok Shop
Cầu Giấy,Hà Nội,quán ăn ở Cầu Giấy Hà Nội,7345623727712914720,,https://www.tiktok.com/@/video/7345623727712914720,TikTok - Make Your Day,Log in to TikTok This post may not be comfortable for some audiences. Log in to make the most of your experience.
Cầu Giấy,Hà Nội,quán ăn ở Cầu Giấy Hà Nội,7208702356110740742,,https://support16-normal-useast1a.tiktok.com/@/video/7208702356110740742,support16-normal-useast1a.tiktok.com,support16-normal-useast1a.tiktok.com
Cầu Giấy,Hà Nội,quán ăn ở Cầu Giấy Hà Nội,7467926505557986582,,https://www.tiktok.com/@/video/7467926505557986582,TikTok - Make Your Day,TikTok - Make Your Day
Cầu Giấy,Hà Nội,quán ăn ở Cầu Giấy Hà Nội,7470274605895372078,,https://www.tiktok.com/@/video/7470274605895372078,TikTok - Make Your Day,"This account is private Looking for videos? Try browsing our trending creators, hashtags, and sounds."
Cầu Giấy,Hà Nội,quán ăn ở Cầu Giấy Hà Nội,6925497998071860485,,https://www.tiktok.com/@/video/6925497998071860485/,TikTok - Make Your Day,ไม่มีหน้านี้อยู่ ขออภัยด้วย โปรดลองอีกครั้งในภายหลัง ลอง ...
Cầu Giấy,Hà Nội,quán ăn ở Cầu Giấy Hà Nội,7478252931154955566,,https://www.tiktok.com/video/7478252931154955566,TikTok,6 days ago · TikTok ... TikTok
Cầu Giấy,Hà Nội,quán ăn ở Cầu Giấy Hà Nội,7672401248074714389,,https://www.tiktok.com/video/7672401248074714389,TikTok,4 0 4 Couldn't find this page Check out more trending videos on TikTok Watch now
Cầu Giấy,Hà Nội,quán ăn ở Cầu Giấy Hà Nội,7237950557153955098,,https://www.tiktok.com/video/7237950557153955098,TikTok,4 0 4 Couldn't find this page Check out more trending videos on TikTok Watch now
Cầu Giấy,Hà Nội,quán ăn ở Cầu Giấy Hà Nội,7630006413200215314,tiemcomtrunghoa16,https://www.tiktok.com/@tiemcomtrunghoa16/video/7630006413200215314,Menu Quán Cầu Giấy Hà Nội | TikTok,"Khám phá menu hấp dẫn tại các quán ăn ở Cầu Giấy, Hà Nội. Thưởng thức ẩm thực địa phương độc đáo."
Cầu Giấy,Hà Nội,quán ăn ở Cầu Giấy Hà Nội,7650083239104679185,tastewithlianh,https://www.tiktok.com/@tastewithlianh/video/7650083239104679185,Cầu Giấy ăn gì ngon? Top món ngon và quán ăn đáng thử | TikTok,"Kết luận Cầu Giấy có đa dạng lựa chọn từ món Bắc truyền thống đến quán ăn hiện đại và đồ ăn vặt. Tùy thời gian và khẩu vị, bạn có thể thiết kế food tour ngắn theo gợi ý trên để thử nhiều món."
Cầu Giấy,Hà Nội,quán ăn ở Cầu Giấy Hà Nội,7636822864569650440,caugiayangi,https://www.tiktok.com/@caugiayangi/video/7636822864569650440,Review quán ăn Hà Nội: 100 ngày cùng Cầu Giấy ăn gì | TikTok,"Kết luận Hành trình 100 ngày review quán ăn ở Cầu Giấy mang đến tập hợp địa điểm và gợi ý món thiết thực cho người ở Hà Nội hoặc du khách muốn khám phá ẩm thực khu vực. Hãy chọn quán theo mục đích ăn: nhanh, tiết kiệm, hay trải nghiệm ẩm thực trọn vẹn."
Cầu Giấy,Hà Nội,quán ăn ở Cầu Giấy Hà Nội,7655297104495086862,hnp.vn,https://www.tiktok.com/@hnp.vn/video/7655297104495086862,Quán ăn Cầu Giấy: 4 món ngon giá sinh viên | TikTok,"Gợi ý 4 quán ăn chất lượng tại Cầu Giấy, phù hợp sinh viên và người muốn ăn no với giá dễ chịu. 1) Cháo sườn Cháo sườn là lựa chọn an toàn những ngày không biết ăn gì. Cháo mịn, sườn mềm, ăn kèm quẩy giòn tạo cảm giác cuốn."
Cầu Giấy,Hà Nội,quán ăn ở Cầu Giấy Hà Nội,7601097772019830033,tastewithlianh,https://www.tiktok.com/@tastewithlianh/video/7601097772019830033,Cầu Giấy ăn gì ngon? Khám phá món ngon Hà Nội | TikTok,"1356 Lượt thích,Video TikTok từ Taste With Lianh (@tastewithlianh): ""Khám phá những món ngon ở Cầu Giấy, Hà Nội trong video này! #xuhuong #xuhuongtiktok #Ancungtiktok #ilovetiktok""."
Cầu Giấy,Hà Nội,quán ăn ở Cầu Giấy Hà Nội,7506096702860889362,bachuareview,https://www.tiktok.com/@bachuareview/video/7506096702860889362,Địa Điểm Ẩm Thực Ngon Ở Cầu Giấy | TikTokKhám Phá Quán Ăn Vặt Chất Lượng Cầu Giấy | TikTok,"May 19, 2025 · Địa Điểm Ẩm Thực Ngon Ở Cầu Giấy Khám phá các quán ăn chất lượng tại Cầu Giấy với review chi tiết. Đừng bỏ lỡ những trải nghiệm ẩm thực thú vị! #vtmgr #bachuareview #learnontiktok Đây là bản tóm tắt nội dung do AI tạo và không nhằm mục đích cung cấp ngữ cảnh ... Đến với quán ăn vặt mới siêu chất lượng tại Cầu Giấy với giá cực kỳ hạt dẻ! Xem review chi tiết và thưởng thức Pizza ngon! #ancungtiktok #foodreview"
Yên Hòa,Hà Nội,quán ăn ở Yên Hòa Hà Nội,7689829621549845781,kiukiudaophuyen,https://www.tiktok.com/@kiukiudaophuyen/video/7689829621549845781,Mì bò hầm ramen ở Tuy Hòa | TikTok,"Video giới thiệu món mì bò hầm ramen tại Tuy Hòa. Bối cảnh có trời mưa, và nội dung nêu rằng trời mưa như vậy đi ăn là hợp lý. Hashtag liên quan trong nguồn gồm #miramentuyhoa, #miramenphuyen, #comicobo, #mibohamtuyhoa."
Yên Hòa,Hà Nội,quán ăn ở Yên Hòa Hà Nội,7672379820734450962,hay.i.cafe,https://www.tiktok.com/@hay.i.cafe/video/7672379820734450962,"Đá Ong Coffee & Tea - Quán cafe Hội An vibe ở Yên Hòa, Cầu ...","Đá Ong COFFEE&TEA — quán cafe ở Yên Hòa, Cầu Giấy mang trọn cảm giác Hội An giữa lòng Hà Nội. Địa chỉ: 57 Phố Đỗ Quang, Yên Hòa, Hà Nội. Không gian gồm 3 tầng thoáng mát, mỗi tầng có nhiều góc check-in phù hợp chụp ảnh, hẹn hò hoặc làm việc nhẹ."
Yên Hòa,Hà Nội,quán ăn ở Yên Hòa Hà Nội,7204465822973037850,honeyhiu,https://www.tiktok.com/@honeyhiu/video/7204465822973037850,Quán Cafe Yên Tĩnh Ngoại Ô Tuy Hoà | TikTokHà Nội Ăn Gì ? (@hanoiangi) | TikTokQuán bánh canh nức tiếng Tuy Hòa — địa chỉ và điểm nổi bật ...,"Feb 26, 2023 · Khám phá quán cafe yên tĩnh dễ thương ở Tuy Hoà. Tận hưởng không gian thư giãn và thưởng thức đồ uống ngon miệng! #dailyvlog #caphecaida #phuyen Đây là bản tóm tắt nội dung do AI tạo và không nhằm mục đích cung cấp ngữ cảnh thực tế. Hãy tham gia cùng 1M follower trên TikTok để xem nhiều nội dung vrmgr, hanoiangi, hnag hơn Quán bánh canh nức tiếng ở Tuy Hòa Tóm tắt nhanh Một quán bánh canh nổi tiếng tại Tuy Hòa (Phú Yên) được nhắc đến nhiều với hương vị đặc trưng, gần vị trí cầu 3 Di Đầu Đó. Người dân và du khách thường tìm đến để thưởng thức bún bánh canh đậm đà, ấm bụng. Điểm nổi bật - Hương vị: bánh canh ..."
Yên Hòa,Hà Nội,quán ăn ở Yên Hòa Hà Nội,7650852049000697096,cau3didaudo,https://www.tiktok.com/@cau3didaudo/video/7650852049000697096,Quán bánh canh nức tiếng Tuy Hòa — địa chỉ và điểm nổi bật ...,"Quán bánh canh nức tiếng ở Tuy Hòa Tóm tắt nhanh Một quán bánh canh nổi tiếng tại Tuy Hòa (Phú Yên) được nhắc đến nhiều với hương vị đặc trưng, gần vị trí cầu 3 Di Đầu Đó. Người dân và du khách thường tìm đến để thưởng thức bún bánh canh đậm đà, ấm bụng. Điểm nổi bật - Hương vị: bánh canh ..."
Ô Chợ Dừa,Hà Nội,quán ăn ở Ô Chợ Dừa Hà Nội,7402378959398161707,,https://www.tiktok.com/@/video/7402378959398161707,TikTok - Make Your Day,TikTok - Make Your Day
Ô Chợ Dừa,Hà Nội,quán ăn ở Ô Chợ Dừa Hà Nội,7593089150740385038,,https://www.tiktok.com/video/7593089150740385038,TikTok,TikTok ... TikTok
Ô Chợ Dừa,Hà Nội,quán ăn ở Ô Chợ Dừa Hà Nội,7686017389078744338,longngongiatruyen,https://www.tiktok.com/@longngongiatruyen/video/7686017389078744338,Đầu lòng vip trần nóng - quán em Cúc ở 31 Ô Chợ Dừa | TikTok,"Đầu lòng vip trần nóng , em Cúc phục vụ trực tiếp tươi nóng 1 quán duy nhất tại Hà Nội : 31 Ô Chợ Dừa , Đống Đa . Em có Ship mang về : 0966661589 ạ . Em bán hàng từ sáng từ 7h đến 13h tối từ 17h đến 21h Em Cúc chuyên lòng phần Chọn , tươi , nguyên liệu được chọn kiểm cực kì kĩ , tề lọc để chỉ chọn ..."
Ô Chợ Dừa,Hà Nội,quán ăn ở Ô Chợ Dừa Hà Nội,7678918992710405397,povducbeo,https://www.tiktok.com/@povducbeo/video/7678918992710405397,Bún bò Hoàng Thành mới mở ở Ô Chợ Dừa — Có gì hot? | TikTok,"Video ghi lại trải nghiệm thử món tại quán, kèm cảm nhận tổng quan về hương vị, không gian và lý do quán đang được chú ý. Điểm nổi bật cần biết - Vị trí: mặt đường Ô Chợ Dừa, dễ tìm, thuận tiện cho người ở khu vực trung tâm."
Ô Chợ Dừa,Hà Nội,quán ăn ở Ô Chợ Dừa Hà Nội,7647492491222011156,eatwhning,https://www.tiktok.com/@eatwhning/video/7647492491222011156,"Cháo lòng gia truyền Ô Chợ Dừa - Quán BA MỐT, ăn lòng tươi ...",Quán cháo lòng gia truyền ở P. Ô Chợ Dừa (số nhà BA mốt) là điểm thích hợp cho những ai muốn ăn lòng tươi sạch trong không gian điều hòa mát mẻ giữa cái nắng 40°C.
Ô Chợ Dừa,Hà Nội,quán ăn ở Ô Chợ Dừa Hà Nội,7676333989342301460,trangvau10,https://www.tiktok.com/@trangvau10/video/7676333989342301460,"Quán nướng than hoa ở Ô Chợ Dừa — Review & món nên gọi | TikTokReview Cơm Rang Dưa Bò ở Phở 100 Ô Chợ Dừa, Hà Nội | TikTokQuán cô Lan ốc 73 ô chợ dừa số điện thoại 098888 4334# ăn ...Bún Thang và Phở Gà Bà Ba: Trải Nghiệm Ngon Tại Ô Chợ Dừa ...","Nội dung này tập trung vào trải nghiệm quán nướng than hoa gần khu Ô Chợ Dừa, gợi ý món nên gọi và cách làm đồ nướng tại nhà. Lead Mùa mát là thời điểm thích hợp cho nướng than hoa: không quá oi, hương than và mùi nướng lan tỏa. Lead Review thực tế món Cơm Rang Dưa Bò tại Phở 100, địa chỉ 98 Ô Chợ Dừa, Hà Nội. Bài viết tổng hợp hương vị, phần ăn, giá cả và cảm nhận chung để giúp bạn quyết định có nên thử món này tại quán hay không. Video TikTok từ Mỳ Cua Cô Lan - 73 ô chợ dừa (@useraejqeer69c): ""Quán cô Lan ốc 73 ô chợ dừa số điện thoại 098888 4334# ăn cùng Tiktok # món ngon hà nội #mỳ cua đẫm sốt"".Memories - Madison Mars. Keywords: bún thang tại Ô Chợ Dừa, phở gà Bà Ba ngon, review ăn phở, quẩy Hàng Bồ dẻo mềm, trải nghiệm ẩm thực Hà Nội, bún thang ăn kèm, phở gà Bà Ba nổi tiếng, các món ăn đặc sản Hà Nội, đánh giá quán ăn Ô Chợ Dừa, món ăn ngon Hà Nội"
Ô Chợ Dừa,Hà Nội,quán ăn ở Ô Chợ Dừa Hà Nội,7667399384816045319,cuong43_93,https://www.tiktok.com/@cuong43_93/video/7667399384816045319,"Review Cơm Rang Dưa Bò ở Phở 100 Ô Chợ Dừa, Hà Nội | TikTok","Lead Review thực tế món Cơm Rang Dưa Bò tại Phở 100, địa chỉ 98 Ô Chợ Dừa, Hà Nội. Bài viết tổng hợp hương vị, phần ăn, giá cả và cảm nhận chung để giúp bạn quyết định có nên thử món này tại quán hay không."
Ô Chợ Dừa,Hà Nội,quán ăn ở Ô Chợ Dừa Hà Nội,7670802764670307602,useraejqeer69c,https://www.tiktok.com/@useraejqeer69c/video/7670802764670307602,Quán cô Lan ốc 73 ô chợ dừa số điện thoại 098888 4334# ăn ...,"Video TikTok từ Mỳ Cua Cô Lan - 73 ô chợ dừa (@useraejqeer69c): ""Quán cô Lan ốc 73 ô chợ dừa số điện thoại 098888 4334# ăn cùng Tiktok # món ngon hà nội #mỳ cua đẫm sốt"".Memories - Madison Mars."
Ô Chợ Dừa,Hà Nội,quán ăn ở Ô Chợ Dừa Hà Nội,7564398247821774088,anhvuoi,https://www.tiktok.com/@anhvuoi/video/7564398247821774088,Bún Thang và Phở Gà Bà Ba: Trải Nghiệm Ngon Tại Ô Chợ Dừa ...,"Keywords: bún thang tại Ô Chợ Dừa, phở gà Bà Ba ngon, review ăn phở, quẩy Hàng Bồ dẻo mềm, trải nghiệm ẩm thực Hà Nội, bún thang ăn kèm, phở gà Bà Ba nổi tiếng, các món ăn đặc sản Hà Nội, đánh giá quán ăn Ô Chợ Dừa, món ăn ngon Hà Nội"
Ô Chợ Dừa,Hà Nội,quán ăn ở Ô Chợ Dừa Hà Nội,7667880485275782408,anannguyen677,https://www.tiktok.com/@anannguyen677/video/7667880485275782408,Top 1 Ô Chợ Dừa — Trải nghiệm bar Top One U Lounge ở Hà Nội ...,"8581 Lượt thích,477 Bình luận.Video TikTok từ AN LAN MAN (@anannguyen677): ""Khám phá trải nghiệm hài hước và hơi hoảng tại Top One U Lounge ô Chợ Dừa, Hà Nội. Review bar, không khí, và khoảnh khắc say. #anlanman #say #aauannhau #bar #hanoi""."
Ô Chợ Dừa,Hà Nội,quán ăn ở Ô Chợ Dừa Hà Nội,7420791688580402450,50motbua,https://www.tiktok.com/@50motbua/video/7420791688580402450,"Khám Phá Phở Lõi Tái Lăn Ngon Ở Ô Chợ Dừa | TikTokReview Cơm Rang Dưa Bò ở Phở 100 Ô Chợ Dừa, Hà Nội | TikTokĐịa chỉ 100 Đông Các, Ô Chợ Dừa, Hà Nội | TikTok","Oct 1, 2024 · 1381 Lượt thích,34 Bình luận.Video TikTok từ 50k một bữa (@50motbua): ""Cùng tìm hiểu quán phở lõi tái lăn nổi tiếng chất lượng ở Ô Chợ Dừa. #50motbua #hanoi #vietnam #food #ancungtiktok"". Lead Review thực tế món Cơm Rang Dưa Bò tại Phở 100, địa chỉ 98 Ô Chợ Dừa, Hà Nội. Bài viết tổng hợp hương vị, phần ăn, giá cả và cảm nhận chung để giúp bạn quyết định có nên thử món này tại quán hay không. Thực đơn và bối cảnh Phở 100 nổi tiếng với phở nhưng cũng phục vụ các món cơm; Cơm Rang Dưa ... Địa chỉ: 100 Đông Các, phường Ô Chợ Dừa, quận Đống Đa, Hà Nội. Vị trí và nhận dạng - Nằm trên tuyến phố Đông Các, khu vực Ô Chợ Dừa thuộc quận Đống Đa. Đây là khu dân cư và thương mại, dễ nhận biết qua các cửa hàng, quán ăn và các trục đường chính lân cận. Cách đến (tùy phương tiện) - Đi bộ ..."
Ô Chợ Dừa,Hà Nội,quán ăn ở Ô Chợ Dừa Hà Nội,7682475476996132117,the.seoul.by.mn.o,https://www.tiktok.com/@the.seoul.by.mn.o/video/7682475476996132117,"Địa chỉ 100 Đông Các, Ô Chợ Dừa, Hà Nội | TikTok","Địa chỉ: 100 Đông Các, phường Ô Chợ Dừa, quận Đống Đa, Hà Nội. Vị trí và nhận dạng - Nằm trên tuyến phố Đông Các, khu vực Ô Chợ Dừa thuộc quận Đống Đa. Đây là khu dân cư và thương mại, dễ nhận biết qua các cửa hàng, quán ăn và các trục đường chính lân cận. Cách đến (tùy phương tiện) - Đi bộ ..."
Láng,Hà Nội,quán ăn ở Láng Hà Nội,7679722326363016468,longun83,https://www.tiktok.com/@longun83/video/7679722326363016468,Gà nướng lu 672 Láng — Quán gà nướng nổi tiếng ở Hà Nội | TikTok,"Lead Gà nướng lu 672 Láng là điểm ăn được nhắc đến với phong cách gà nướng lu đặc trưng, thu hút thực khách quanh khu vực Láng và toàn Hà Nội. Tên quán thường xuất hiện cùng hashtag #ganuonglu #lang #toinayangi #gaquay. Giới thiệu nhanh Quán gà nướng lu 672 nằm trên đường Láng, nổi bật bằng món gà nướng lu/ gà ..."
Láng,Hà Nội,quán ăn ở Láng Hà Nội,7323144981625998593,hattieufoodie,https://www.tiktok.com/@hattieufoodie/video/7323144981625998593,"Khám Phá Quán Ăn Với View Đẹp Nhất Chùa Láng | TikTokĐường Láng - Top Quán Ăn Đêm Ngon ở Hà Nội | TikTokKhám Phá Quán Cơm Tấm Đường Láng Ngon Tại Hà Nội | TikTokGyu Shige Đường Láng Hà Nội — Review nhà hàng, vịt dí trên ...Hà Nội Ăn Gì ? trên TikTokBữa Trưa Ngon tại Thiên Đường Ẩm Thực Chùa Láng | Quán Bánh ...","Jan 12, 2024 · Tìm hiểu quán ăn có view đẹp và món nướng ngon ở Chùa Láng, Hà Nội. Tham gia food tour cùng chúng tôi! #vtmgr #hattieufoodie #ReviewAnNgon Đây là thông tin do AI tạo và có thể trả về kết quả không liên quan. Thông tin này không đại diện cho quan điểm hay lời khuyên của TikTok. Jul 15, 2025 · Khám phá quán ăn đêm nổi tiếng Đường Láng với những món ngon không thể bỏ lỡ. Tìm hiểu thực đơn hấp dẫn và đánh giá chi tiết! #tuanfoodkhongphet #xuhuong #foodreview Review quán cơm tấm đường Láng, nơi bạn có thể thưởng thức món ngon và không gian thú vị. Đừng bỏ lỡ! #Review #CơmTấm #HàNội Lead Gyu Shige tại 1152 Đường Láng, Hà Nội — tọa lạc trong khu Lancaster — là điểm ăn được nhắc đến trong các tìm kiếm liên quan tới USBEEF và xu hướng vit dí trên pháo. Nov 21, 2023 · Khám phá quán nướng 7 tầng đường Láng ngon nhất Hà Nội. Thưởng thức buffet nướng và lẩu hấp dẫn. #hanoiangi #reviewanngon #foodfestontiktok Đây là thông tin do AI tạo và có thể trả về kết quả không liên quan. Thông tin này không đại diện cho quan điểm hay lời khuyên của TikTok. Apr 6, 2024 · Khám phá quán bánh mì chảo ngon miệng tại Chùa Láng, Hà Nội - Bữa trưa vừa dày vừa hợp lý, ăn no thoải mái, không tính thêm tiền. Ăn sáng từ 7-9 giờ miễn phí sữa đậu. Thực đơn đầy đủ với PA tê, thịt, xúc xích..."
Láng,Hà Nội,quán ăn ở Láng Hà Nội,7527305129293335816,tuanfoodkhongphet,https://www.tiktok.com/@tuanfoodkhongphet/video/7527305129293335816,"Đường Láng - Top Quán Ăn Đêm Ngon ở Hà Nội | TikTokKhám Phá Quán Cơm Tấm Đường Láng Ngon Tại Hà Nội | TikTokGyu Shige Đường Láng Hà Nội — Review nhà hàng, vịt dí trên ...Hà Nội Ăn Gì ? trên TikTokBữa Trưa Ngon tại Thiên Đường Ẩm Thực Chùa Láng | Quán Bánh ...","Jul 15, 2025 · Khám phá quán ăn đêm nổi tiếng Đường Láng với những món ngon không thể bỏ lỡ. Tìm hiểu thực đơn hấp dẫn và đánh giá chi tiết! #tuanfoodkhongphet #xuhuong #foodreview Review quán cơm tấm đường Láng, nơi bạn có thể thưởng thức món ngon và không gian thú vị. Đừng bỏ lỡ! #Review #CơmTấm #HàNội Lead Gyu Shige tại 1152 Đường Láng, Hà Nội — tọa lạc trong khu Lancaster — là điểm ăn được nhắc đến trong các tìm kiếm liên quan tới USBEEF và xu hướng vit dí trên pháo. Nov 21, 2023 · Khám phá quán nướng 7 tầng đường Láng ngon nhất Hà Nội. Thưởng thức buffet nướng và lẩu hấp dẫn. #hanoiangi #reviewanngon #foodfestontiktok Đây là thông tin do AI tạo và có thể trả về kết quả không liên quan. Thông tin này không đại diện cho quan điểm hay lời khuyên của TikTok. Apr 6, 2024 · Khám phá quán bánh mì chảo ngon miệng tại Chùa Láng, Hà Nội - Bữa trưa vừa dày vừa hợp lý, ăn no thoải mái, không tính thêm tiền. Ăn sáng từ 7-9 giờ miễn phí sữa đậu. Thực đơn đầy đủ với PA tê, thịt, xúc xích..."
Láng,Hà Nội,quán ăn ở Láng Hà Nội,7598195490211024148,caugaivietcuu,https://www.tiktok.com/@caugaivietcuu/video/7598195490211024148,"Khám Phá Quán Cơm Tấm Đường Láng Ngon Tại Hà Nội | TikTokGyu Shige Đường Láng Hà Nội — Review nhà hàng, vịt dí trên ...Hà Nội Ăn Gì ? trên TikTokBữa Trưa Ngon tại Thiên Đường Ẩm Thực Chùa Láng | Quán Bánh ...","Review quán cơm tấm đường Láng, nơi bạn có thể thưởng thức món ngon và không gian thú vị. Đừng bỏ lỡ! #Review #CơmTấm #HàNội Lead Gyu Shige tại 1152 Đường Láng, Hà Nội — tọa lạc trong khu Lancaster — là điểm ăn được nhắc đến trong các tìm kiếm liên quan tới USBEEF và xu hướng vit dí trên pháo. Nov 21, 2023 · Khám phá quán nướng 7 tầng đường Láng ngon nhất Hà Nội. Thưởng thức buffet nướng và lẩu hấp dẫn. #hanoiangi #reviewanngon #foodfestontiktok Đây là thông tin do AI tạo và có thể trả về kết quả không liên quan. Thông tin này không đại diện cho quan điểm hay lời khuyên của TikTok. Apr 6, 2024 · Khám phá quán bánh mì chảo ngon miệng tại Chùa Láng, Hà Nội - Bữa trưa vừa dày vừa hợp lý, ăn no thoải mái, không tính thêm tiền. Ăn sáng từ 7-9 giờ miễn phí sữa đậu. Thực đơn đầy đủ với PA tê, thịt, xúc xích..."
Láng,Hà Nội,quán ăn ở Láng Hà Nội,7664919185142713607,vitditrenphao,https://www.tiktok.com/@vitditrenphao/video/7664919185142713607,"Gyu Shige Đường Láng Hà Nội — Review nhà hàng, vịt dí trên ...","Lead Gyu Shige tại 1152 Đường Láng, Hà Nội — tọa lạc trong khu Lancaster — là điểm ăn được nhắc đến trong các tìm kiếm liên quan tới USBEEF và xu hướng vit dí trên pháo."
Láng,Hà Nội,quán ăn ở Láng Hà Nội,7303840932133080322,hanoiangi,https://www.tiktok.com/@hanoiangi/video/7303840932133080322,Hà Nội Ăn Gì ? trên TikTokBữa Trưa Ngon tại Thiên Đường Ẩm Thực Chùa Láng | Quán Bánh ...,"Nov 21, 2023 · Khám phá quán nướng 7 tầng đường Láng ngon nhất Hà Nội. Thưởng thức buffet nướng và lẩu hấp dẫn. #hanoiangi #reviewanngon #foodfestontiktok Đây là thông tin do AI tạo và có thể trả về kết quả không liên quan. Thông tin này không đại diện cho quan điểm hay lời khuyên của TikTok. Apr 6, 2024 · Khám phá quán bánh mì chảo ngon miệng tại Chùa Láng, Hà Nội - Bữa trưa vừa dày vừa hợp lý, ăn no thoải mái, không tính thêm tiền. Ăn sáng từ 7-9 giờ miễn phí sữa đậu. Thực đơn đầy đủ với PA tê, thịt, xúc xích..."
Láng,Hà Nội,quán ăn ở Láng Hà Nội,7354602104826187015,eatwithmynoreo,https://www.tiktok.com/@eatwithmynoreo/video/7354602104826187015,Bữa Trưa Ngon tại Thiên Đường Ẩm Thực Chùa Láng | Quán Bánh ...,"Apr 6, 2024 · Khám phá quán bánh mì chảo ngon miệng tại Chùa Láng, Hà Nội - Bữa trưa vừa dày vừa hợp lý, ăn no thoải mái, không tính thêm tiền. Ăn sáng từ 7-9 giờ miễn phí sữa đậu. Thực đơn đầy đủ với PA tê, thịt, xúc xích..."
Văn Miếu - Quốc Tử Giám,Hà Nội,quán ăn ở Văn Miếu - Quốc Tử Giám Hà Nội,7618911510513077524,u40.an.gi,https://www.tiktok.com/@u40.an.gi/video/7618911510513077524,U40 Ăn Gì Review hàng phở nổi tiếng đông khách khu Văn Miếu ...,"Một quán nướng có chủ người Hàn ngay khu Cầu Giấy giá cả hợp lý mà chất lượng okie cực, ăn nướng cả bò cả heo, mì lạnh gọi ngoài chỉ khoảng 300k/người, panchan cỡ 6 món, nước lọc miễn phí luôn."
Văn Miếu - Quốc Tử Giám,Hà Nội,quán ăn ở Văn Miếu - Quốc Tử Giám Hà Nội,7398003651144453392,nguyentranphongvu,https://www.tiktok.com/@nguyentranphongvu/video/7398003651144453392,"Ăn Phở Gà Chất Lượng Gần Văn Miếu - Quốc Tử Giám | Đánh Giá ...Văn Miếu, Quốc Tử Giám | TikTok PlacesQuán cafe gần Văn Miếu - Quốc Tử Giám: Miss Hà Nội 55 Văn ...Ăn bát phở gà ngon Văn Miếu Quốc Tử Giám | TikTokQuán ăn chơi dân gian kiểu mới — Mít Hà Nội 55 Văn Miếu","Aug 1, 2024 · Thử Phở Gà Ngay Văn Miếu - Quốc Tử Giám với giá không rẻ nhưng chất lượng tốt và đông khách. Quán phục vụ 8 phở cơ bản, trải nghiệm ngon lành! #phongvureview #dcgr #ancungtiktok Cô Ba Sài Gòn lần đầu được ra Văn Miếu chụp hình nên rất phấn khích 😅 #aodai #aodaivietnam #aodaitet #tet2025 #tet #vietnam #outfit #xuhuong #tiktok #viral #hehehihi #trending #embemacdep Kết luận Miss Hà Nội (55 Văn Miếu) là lựa chọn thuận tiện và thú vị nếu đang tìm quán cafe gần Văn Miếu - Quốc Tử Giám, kết hợp thưởng thức đồ uống, chụp ảnh và trải nghiệm văn hóa truyền thống. Mar 22, 2024 · 14.7K Lượt thích,338 Bình luận.Video TikTok từ Ther Nguyen (@ther_nguyen_boc_food): ""Hãy thử bát phở gà ngon tại quán gần Văn Miếu Quốc Tử Giám với nước trộn đặc trưng, topping phong phú. Nov 27, 2025 · Thực đơn đa dạng đồ uống: nhiều loại trà và cà phê để lựa chọn. Lý do nên đến Nếu tìm nơi có cả không gian và món ăn mang “chất” riêng, thích hợp cho buổi chiều thư giãn hoặc buổi trưa nhẹ, Mít Hà Nội (55 Văn Miếu) là lựa chọn đáng thử."
Văn Miếu - Quốc Tử Giám,Hà Nội,quán ăn ở Văn Miếu - Quốc Tử Giám Hà Nội,7660505974863695111,juongdidau,https://www.tiktok.com/@juongdidau/video/7660505974863695111,Quán cafe gần Văn Miếu - Quốc Tử Giám: Miss Hà Nội 55 Văn ...,"Kết luận Miss Hà Nội (55 Văn Miếu) là lựa chọn thuận tiện và thú vị nếu đang tìm quán cafe gần Văn Miếu - Quốc Tử Giám, kết hợp thưởng thức đồ uống, chụp ảnh và trải nghiệm văn hóa truyền thống."
Văn Miếu - Quốc Tử Giám,Hà Nội,quán ăn ở Văn Miếu - Quốc Tử Giám Hà Nội,7349023314054106370,ther_nguyen_boc_food,https://www.tiktok.com/@ther_nguyen_boc_food/video/7349023314054106370,Ăn bát phở gà ngon Văn Miếu Quốc Tử Giám | TikTokQuán ăn chơi dân gian kiểu mới — Mít Hà Nội 55 Văn Miếu,"Mar 22, 2024 · 14.7K Lượt thích,338 Bình luận.Video TikTok từ Ther Nguyen (@ther_nguyen_boc_food): ""Hãy thử bát phở gà ngon tại quán gần Văn Miếu Quốc Tử Giám với nước trộn đặc trưng, topping phong phú. Nov 27, 2025 · Thực đơn đa dạng đồ uống: nhiều loại trà và cà phê để lựa chọn. Lý do nên đến Nếu tìm nơi có cả không gian và món ăn mang “chất” riêng, thích hợp cho buổi chiều thư giãn hoặc buổi trưa nhẹ, Mít Hà Nội (55 Văn Miếu) là lựa chọn đáng thử."
Văn Miếu - Quốc Tử Giám,Hà Nội,quán ăn ở Văn Miếu - Quốc Tử Giám Hà Nội,7577343912961019156,eatwithmynoreo,https://www.tiktok.com/@eatwithmynoreo/video/7577343912961019156,Quán ăn chơi dân gian kiểu mới — Mít Hà Nội 55 Văn Miếu,"Nov 27, 2025 · Thực đơn đa dạng đồ uống: nhiều loại trà và cà phê để lựa chọn. Lý do nên đến Nếu tìm nơi có cả không gian và món ăn mang “chất” riêng, thích hợp cho buổi chiều thư giãn hoặc buổi trưa nhẹ, Mít Hà Nội (55 Văn Miếu) là lựa chọn đáng thử."
Kim Liên,Hà Nội,quán ăn ở Kim Liên Hà Nội,7659359827759533320,chilaquynh,https://www.tiktok.com/@chilaquynh/video/7659359827759533320,Tiệm cafe mới trong khách sạn Kim Liên Hà Nội | TikTok,"Kết luận và lời mời Tiệm cafe trong khách sạn Kim Liên là điểm dừng hợp lý cho ai cần không gian thoải mái, đồ uống chất lượng và vị trí thuận tiện tại Hà Nội. Bạn đã thử quán này chưa? Chia sẻ trải nghiệm hoặc món yêu thích khi đến Kim Liên nhé."
Kim Liên,Hà Nội,quán ăn ở Kim Liên Hà Nội,7648519182858063112,chymbay02,https://www.tiktok.com/@chymbay02/video/7648519182858063112,Quán đồ Hàn rẻ gần khu Kim Liên: Han Kim Chi review | TikTok,"Vị trí & thuận tiện Núp trong hẻm nhưng dễ tìm nếu biết hướng Lương Định Của — khu tập thể Kim Liên. Quán gần các địa chỉ được nhắc trong cộng đồng: chợ Kim Liên, hồ Kim Liên, và bến gần trường, thuận tiện cho học sinh sinh viên quanh khu."
Kim Liên,Hà Nội,quán ăn ở Kim Liên Hà Nội,7591064279256698119,maymomam,https://www.tiktok.com/@maymomam/video/7591064279256698119,Xôi Tâm - Thiên Đường Ẩm Thực Xôi Thịt Tại Kim Liên | TikTok,Khám phá Xôi Tâm với món xôi thịt kho tàu và nhiều topping hấp dẫn. Địa điểm lý tưởng cho tín đồ yêu ẩm thực đêm ở Hà Nội. #maymomam #xoithitkho #xoitimhanoi
Kim Liên,Hà Nội,quán ăn ở Kim Liên Hà Nội,7679066145646857493,ansaphanoi,https://www.tiktok.com/@ansaphanoi/video/7679066145646857493,Review Bánh Mì Nem Khoai Kim Liên: Món Ăn Vặt Hà Nội Nổi ...,"Nếu bạn đang ở Hà Nội và là một tín đồ của bánh mì, đừng bỏ lỡ cơ hội thử món bánh mì nem khoai tại Kim Liên. Đây chắc chắn sẽ là một trải nghiệm ẩm thực đáng nhớ, một món ăn vặt không thể bỏ qua khi khám phá thành phố này."
Kim Liên,Hà Nội,quán ăn ở Kim Liên Hà Nội,7687152374065958164,danviet.giaitri,https://www.tiktok.com/@danviet.giaitri/video/7687152374065958164,"Loạt cửa hàng, quán ăn xung quanh khách sạn Kim Liên đồng ...","Loạt cửa hàng, quán ăn xung quanh khách sạn Kim Liên đồng loạt tháo dỡ mặt bằng để thực hiện dự án #tiktoknews #onhaxemtin #tiktokdieuky #danviet #khachsankimlien #thaodomatbang #duan"
Kim Liên,Hà Nội,quán ăn ở Kim Liên Hà Nội,7602246788111764757,trn.thanh.lan6,https://www.tiktok.com/@trn.thanh.lan6/video/7602246788111764757,Nem Kim Liên Hải Sản Kem Bơ Tại Nhà Liên Béo | TikTok,"Keywords: Nem Kim Liên hải sản kem bơ, món ăn ngon Liên Béo, nem truyền thống Việt Nam, ẩm thực hải sản tại nhà, món ăn vặt nổi tiếng, món ăn đường phố Hà Nội, hải sản chế biến ngon, quán ăn ngon Hà Nội, địa điểm ăn uống nổi bật, nem rán truyền thống"
Kim Liên,Hà Nội,quán ăn ở Kim Liên Hà Nội,7288930854586371330,titbeolaocai,https://www.tiktok.com/@titbeolaocai/video/7288930854586371330,Khám Phá Quán Phở Bò Tái Chín Gân Mềm Trên Nóc Hầm Kim Liên ...,"Oct 12, 2023 · Buổi sáng se lạnh, thưởng thức phở bò tái chín gân mềm tại quán phở nổi tiếng Hà Nội. Khám phá hương vị đặc trưng và trải nghiệm ẩm thực tuyệt vời! #titbeo #vtmgr #ancungtiktok"
Đống Đa,Hà Nội,quán ăn ở Đống Đa Hà Nội,7418530703547141384,giang.ghin.chill,https://www.tiktok.com/@giang.ghin.chill/video/7418530703547141384,"Top Quán Ăn Ngon Ở Quận Đống Đa Hà Nội | TikTokReview Quán Ăn Ngon Ở Quận Đống Đa Hà Nội | TikTokĐống Đa ăn gì? Food tour Đống Đa Hà Nội - Món ngon nên thử ...3 Quán Ăn Ngon ở Đống Đa Mà Bạn Không Nên Bỏ Lỡ | TikTokĐống Đa ăn gì? 7 món ăn nên thử khi đi food tour Hà Nội | TikTokĂn đêm Hà Nội: Gợi ý xôi, bánh mì ngon ở Đống Đa | TikTokTop Quán Ngon Rẻ Ở Đống Đa Hà Nội | TikTok","Sep 25, 2024 · 3580 Lượt thích,29 Bình luận.Video TikTok từ Giang Ghiền Chill (@giang.ghin.chill): ""Khám phá những quán ăn ngon, giá cả hợp lý tại Đống Đa, Hà Nội trong video này! #foodreview #giangghienchill #monngonmoingay"". Sep 11, 2024 · Giang Ghien Chill review địa điểm ăn ngon tại Đống Đa, nhà hàng, quán ăn vặt, quán mì cay và food tour sôi động. #giangghienchill #reviewfood #monngonmoingay #foodreview #ktnetvn #food #fyp #foodtour"". Nếu bạn đang lên lịch food tour quanh quận Đống Đa, Hà Nội, đây là hướng dẫn ngắn gọn những món và điểm ăn nên thử. Bài viết tập trung vào gợi ý thực phẩm đường phố, đặc sản địa phương và quán ăn phù hợp cho chuyến đi nhanh. Khám phá 3 quán ăn tuyệt vời ở Đống Đa với thực đơn đa dạng và hương vị tuyệt hảo. #lankhaphanoi #foodreview #hanoi #xuhuong Bài viết này liệt kê 7 món đặc sắc đáng thử khi thực hiện một food tour ngắn quanh quận — từ quán ăn gia đình đến hàng ăn vặt phổ biến — kèm gợi ý cách chọn và thưởng thức. Nhỏ nào hay đi ăn đêm thì bơi hết vào đây — gợi ý nhanh những lựa chọn ăn đêm ở Hà Nội, tập trung khu Đống Đa, phù hợp khi thèm xôi, bánh mì và các món ngon nhẹ buổi tối. Jul 20, 2025 · Keywords: quán ngon rẻ ở Đống Đa, ẩm thực đường phố Hà Nội, địa điểm ăn uống Hà Nội, phải ghé ăn ở Đống Đa, khám phá ẩm thực Hà Nội, ăn ngon giá rẻ tại Hà Nội, review quán ăn Đống Đa, quán ăn nhất định phải thử, địa chỉ ẩm thực Hà Nội, xu hướng ẩm ..."
Đống Đa,Hà Nội,quán ăn ở Đống Đa Hà Nội,7413325588548554002,giang.ghin.chill,https://www.tiktok.com/@giang.ghin.chill/video/7413325588548554002,"Review Quán Ăn Ngon Ở Quận Đống Đa Hà Nội | TikTokĐống Đa ăn gì? Food tour Đống Đa Hà Nội - Món ngon nên thử ...3 Quán Ăn Ngon ở Đống Đa Mà Bạn Không Nên Bỏ Lỡ | TikTokĐống Đa ăn gì? 7 món ăn nên thử khi đi food tour Hà Nội | TikTokĂn đêm Hà Nội: Gợi ý xôi, bánh mì ngon ở Đống Đa | TikTokTop Quán Ngon Rẻ Ở Đống Đa Hà Nội | TikTok","Sep 11, 2024 · Giang Ghien Chill review địa điểm ăn ngon tại Đống Đa, nhà hàng, quán ăn vặt, quán mì cay và food tour sôi động. #giangghienchill #reviewfood #monngonmoingay #foodreview #ktnetvn #food #fyp #foodtour"". Nếu bạn đang lên lịch food tour quanh quận Đống Đa, Hà Nội, đây là hướng dẫn ngắn gọn những món và điểm ăn nên thử. Bài viết tập trung vào gợi ý thực phẩm đường phố, đặc sản địa phương và quán ăn phù hợp cho chuyến đi nhanh. Khám phá 3 quán ăn tuyệt vời ở Đống Đa với thực đơn đa dạng và hương vị tuyệt hảo. #lankhaphanoi #foodreview #hanoi #xuhuong Bài viết này liệt kê 7 món đặc sắc đáng thử khi thực hiện một food tour ngắn quanh quận — từ quán ăn gia đình đến hàng ăn vặt phổ biến — kèm gợi ý cách chọn và thưởng thức. Nhỏ nào hay đi ăn đêm thì bơi hết vào đây — gợi ý nhanh những lựa chọn ăn đêm ở Hà Nội, tập trung khu Đống Đa, phù hợp khi thèm xôi, bánh mì và các món ngon nhẹ buổi tối. Jul 20, 2025 · Keywords: quán ngon rẻ ở Đống Đa, ẩm thực đường phố Hà Nội, địa điểm ăn uống Hà Nội, phải ghé ăn ở Đống Đa, khám phá ẩm thực Hà Nội, ăn ngon giá rẻ tại Hà Nội, review quán ăn Đống Đa, quán ăn nhất định phải thử, địa chỉ ẩm thực Hà Nội, xu hướng ẩm ..."
Đống Đa,Hà Nội,quán ăn ở Đống Đa Hà Nội,7644882371002567937,tastewithlianh,https://www.tiktok.com/@tastewithlianh/video/7644882371002567937,Đống Đa ăn gì? Food tour Đống Đa Hà Nội - Món ngon nên thử ...,"Nếu bạn đang lên lịch food tour quanh quận Đống Đa, Hà Nội, đây là hướng dẫn ngắn gọn những món và điểm ăn nên thử. Bài viết tập trung vào gợi ý thực phẩm đường phố, đặc sản địa phương và quán ăn phù hợp cho chuyến đi nhanh."
Đống Đa,Hà Nội,quán ăn ở Đống Đa Hà Nội,7593721614454344981,lankhaphanoi9,https://www.tiktok.com/@lankhaphanoi9/video/7593721614454344981,"3 Quán Ăn Ngon ở Đống Đa Mà Bạn Không Nên Bỏ Lỡ | TikTokĐống Đa ăn gì? 7 món ăn nên thử khi đi food tour Hà Nội | TikTokĂn đêm Hà Nội: Gợi ý xôi, bánh mì ngon ở Đống Đa | TikTokTop Quán Ngon Rẻ Ở Đống Đa Hà Nội | TikTok","Khám phá 3 quán ăn tuyệt vời ở Đống Đa với thực đơn đa dạng và hương vị tuyệt hảo. #lankhaphanoi #foodreview #hanoi #xuhuong Bài viết này liệt kê 7 món đặc sắc đáng thử khi thực hiện một food tour ngắn quanh quận — từ quán ăn gia đình đến hàng ăn vặt phổ biến — kèm gợi ý cách chọn và thưởng thức. Nhỏ nào hay đi ăn đêm thì bơi hết vào đây — gợi ý nhanh những lựa chọn ăn đêm ở Hà Nội, tập trung khu Đống Đa, phù hợp khi thèm xôi, bánh mì và các món ngon nhẹ buổi tối. Jul 20, 2025 · Keywords: quán ngon rẻ ở Đống Đa, ẩm thực đường phố Hà Nội, địa điểm ăn uống Hà Nội, phải ghé ăn ở Đống Đa, khám phá ẩm thực Hà Nội, ăn ngon giá rẻ tại Hà Nội, review quán ăn Đống Đa, quán ăn nhất định phải thử, địa chỉ ẩm thực Hà Nội, xu hướng ẩm ..."
Đống Đa,Hà Nội,quán ăn ở Đống Đa Hà Nội,7650464776660864273,tastewithlianh,https://www.tiktok.com/@tastewithlianh/video/7650464776660864273,Đống Đa ăn gì? 7 món ăn nên thử khi đi food tour Hà Nội | TikTok,Bài viết này liệt kê 7 món đặc sắc đáng thử khi thực hiện một food tour ngắn quanh quận — từ quán ăn gia đình đến hàng ăn vặt phổ biến — kèm gợi ý cách chọn và thưởng thức.
Đống Đa,Hà Nội,quán ăn ở Đống Đa Hà Nội,7675359142499962120,dinhyen_020201,https://www.tiktok.com/@dinhyen_020201/video/7675359142499962120,"Ăn đêm Hà Nội: Gợi ý xôi, bánh mì ngon ở Đống Đa | TikTok","Nhỏ nào hay đi ăn đêm thì bơi hết vào đây — gợi ý nhanh những lựa chọn ăn đêm ở Hà Nội, tập trung khu Đống Đa, phù hợp khi thèm xôi, bánh mì và các món ngon nhẹ buổi tối."
Đống Đa,Hà Nội,quán ăn ở Đống Đa Hà Nội,7529059167622188296,nhahangnhatbansako,https://www.tiktok.com/@nhahangnhatbansako/video/7529059167622188296,Top Quán Ngon Rẻ Ở Đống Đa Hà Nội | TikTok,"Jul 20, 2025 · Keywords: quán ngon rẻ ở Đống Đa, ẩm thực đường phố Hà Nội, địa điểm ăn uống Hà Nội, phải ghé ăn ở Đống Đa, khám phá ẩm thực Hà Nội, ăn ngon giá rẻ tại Hà Nội, review quán ăn Đống Đa, quán ăn nhất định phải thử, địa chỉ ẩm thực Hà Nội, xu hướng ẩm ..."
Hai Bà Trưng,Hà Nội,quán ăn ở Hai Bà Trưng Hà Nội,7683778495410900232,congngow,https://www.tiktok.com/@congngow/video/7683778495410900232,Quán cơm ngon quanh Hai Bà Trưng Hà Nội | TikTok,"Cần lắm 1 địa chỉ quanh khu vực Hai Bà Trưng Nếu bạn đang tìm một địa chỉ ăn ngon quanh khu vực Hai Bà Trưng (Hà Nội), dưới đây là cách chọn quán phù hợp nhanh và những gợi ý chung dựa trên nhu cầu phổ biến."
Hai Bà Trưng,Hà Nội,quán ăn ở Hai Bà Trưng Hà Nội,7667079944110918932,ngocmattofoodreview,https://www.tiktok.com/@ngocmattofoodreview/video/7667079944110918932,Bún Ốc Sườn 57 Hai Bà Trưng — Quán Bún Ốc Nổi Tiếng | TikTok,"Lead Bún Ốc Sườn 57 Hai Bà Trưng là tên được nhắc trong các tìm kiếm liên quan đến bún ốc và ẩm thực đường phố Hà Nội. Người tìm kiếm thường muốn biết hương vị, món nên thử, và địa chỉ của quán."
Vĩnh Tuy,Hà Nội,quán ăn ở Vĩnh Tuy Hà Nội,7493507062433910034,haidanghaydi,https://www.tiktok.com/@haidanghaydi/video/7493507062433910034,Ăn Chơi Xuyên Đêm Tại QUÁN NHỎ 122 VĨNH TUY | TikTokKhai Trương Quán Nhỏ 122 Vĩnh Tuy | TikTokKhám Phá Quán Nhỏ Vĩnh Tuy Cuối Tuần | TikTokKhám Phá Quán Nhỏ 122 Vĩnh Tuy: Tụ Điểm Giới Trẻ Đỉnh Nhất ...Khai trương Quán Nhỏ Vĩnh Tuy: Đón khách ấn tượng | TikTok,"Khám phá địa chỉ ăn chơi xuyên đêm độc đáo với múa Trung Hoa tại QUÁN NHỎ 122 VĨNH TUY. Cùng trải nghiệm hương vị món ngon hấp dẫn! #viral #quannho #doanngon 255 Lượt thích,Video TikTok từ Quán Nhỏ (@quannhonhauxuyendem): ""Khách yêu ơi, hãy đến với Quán Nhỏ Vĩnh Tuy đã khai trương! Thưởng thức những món ngon hấp dẫn! #quannho #quannhovinhtuy #khaitruong"". Apr 4, 2025 · Cuối tuần này hãy ghé Quán Nhỏ cùng bạn bè! Khám phá những món ăn ngon và không gian thú vị. #quannho Đây là bản tóm tắt nội dung do AI tạo và không nhằm mục đích cung cấp ngữ cảnh thực tế. 70 Lượt thích,Video TikTok từ Quán Nhỏ (@quannhonhauxuyendem): ""Tận hưởng không gian rộng rãi, food đa dạng và DJ show thú vị tại Quán Nhỏ 122 Vĩnh Tuy! Hẹn gặp các bạn đêm nhé! #quannho #djshow #muatrunghoa #livemusic #moxuyendem"". Khám phá những khoảnh khắc tươi vui trong ngày khai trương Quán Nhỏ Vĩnh Tuy. Cùng Hải và đội ngũ chào đón khách hàng! #haitay #quannho #dcgr #quannho10"
Vĩnh Tuy,Hà Nội,quán ăn ở Vĩnh Tuy Hà Nội,7483168842479422727,quannhonhauxuyendem,https://www.tiktok.com/@quannhonhauxuyendem/video/7483168842479422727,Khai Trương Quán Nhỏ 122 Vĩnh Tuy | TikTokKhám Phá Quán Nhỏ Vĩnh Tuy Cuối Tuần | TikTokKhám Phá Quán Nhỏ 122 Vĩnh Tuy: Tụ Điểm Giới Trẻ Đỉnh Nhất ...Khai trương Quán Nhỏ Vĩnh Tuy: Đón khách ấn tượng | TikTok,"255 Lượt thích,Video TikTok từ Quán Nhỏ (@quannhonhauxuyendem): ""Khách yêu ơi, hãy đến với Quán Nhỏ Vĩnh Tuy đã khai trương! Thưởng thức những món ngon hấp dẫn! #quannho #quannhovinhtuy #khaitruong"". Apr 4, 2025 · Cuối tuần này hãy ghé Quán Nhỏ cùng bạn bè! Khám phá những món ăn ngon và không gian thú vị. #quannho Đây là bản tóm tắt nội dung do AI tạo và không nhằm mục đích cung cấp ngữ cảnh thực tế. 70 Lượt thích,Video TikTok từ Quán Nhỏ (@quannhonhauxuyendem): ""Tận hưởng không gian rộng rãi, food đa dạng và DJ show thú vị tại Quán Nhỏ 122 Vĩnh Tuy! Hẹn gặp các bạn đêm nhé! #quannho #djshow #muatrunghoa #livemusic #moxuyendem"". Khám phá những khoảnh khắc tươi vui trong ngày khai trương Quán Nhỏ Vĩnh Tuy. Cùng Hải và đội ngũ chào đón khách hàng! #haitay #quannho #dcgr #quannho10"
Vĩnh Tuy,Hà Nội,quán ăn ở Vĩnh Tuy Hà Nội,7489430808877468934,quannhonhauxuyendem,https://www.tiktok.com/@quannhonhauxuyendem/video/7489430808877468934,Khám Phá Quán Nhỏ Vĩnh Tuy Cuối Tuần | TikTok,"Apr 4, 2025 · Cuối tuần này hãy ghé Quán Nhỏ cùng bạn bè! Khám phá những món ăn ngon và không gian thú vị. #quannho Đây là bản tóm tắt nội dung do AI tạo và không nhằm mục đích cung cấp ngữ cảnh thực tế."
Vĩnh Tuy,Hà Nội,quán ăn ở Vĩnh Tuy Hà Nội,7616667770075303188,quannhonhauxuyendem,https://www.tiktok.com/@quannhonhauxuyendem/video/7616667770075303188,Khám Phá Quán Nhỏ 122 Vĩnh Tuy: Tụ Điểm Giới Trẻ Đỉnh Nhất ...Khai trương Quán Nhỏ Vĩnh Tuy: Đón khách ấn tượng | TikTok,"70 Lượt thích,Video TikTok từ Quán Nhỏ (@quannhonhauxuyendem): ""Tận hưởng không gian rộng rãi, food đa dạng và DJ show thú vị tại Quán Nhỏ 122 Vĩnh Tuy! Hẹn gặp các bạn đêm nhé! #quannho #djshow #muatrunghoa #livemusic #moxuyendem"". Khám phá những khoảnh khắc tươi vui trong ngày khai trương Quán Nhỏ Vĩnh Tuy. Cùng Hải và đội ngũ chào đón khách hàng! #haitay #quannho #dcgr #quannho10"
Vĩnh Tuy,Hà Nội,quán ăn ở Vĩnh Tuy Hà Nội,7482964438954347783,haiquannho,https://www.tiktok.com/@haiquannho/video/7482964438954347783,Khai trương Quán Nhỏ Vĩnh Tuy: Đón khách ấn tượng | TikTok,Khám phá những khoảnh khắc tươi vui trong ngày khai trương Quán Nhỏ Vĩnh Tuy. Cùng Hải và đội ngũ chào đón khách hàng! #haitay #quannho #dcgr #quannho10
Bạch Mai,Hà Nội,quán ăn ở Bạch Mai Hà Nội,7665245241754144007,chaogangbonamnuong,https://www.tiktok.com/@chaogangbonamnuong/video/7665245241754144007,Ăn ngon 319 Thanh Nhàn Bạch Mai Hà Nội - Quán ăn review | TikTok,"Lời khuyên cuối: Địa chỉ 319 Thanh Nhàn là điểm tham khảo khi tìm quán ăn ở khu Bạch Mai, Hà Nội. Để có đánh giá chi tiết (món ngon, giá, phục vụ), nên tham khảo thêm hình ảnh, nhận xét của khách đã đến hoặc ghé trực tiếp để trải nghiệm."
Bạch Mai,Hà Nội,quán ăn ở Bạch Mai Hà Nội,7298955726838385921,caominhtienofficial,https://www.tiktok.com/@caominhtienofficial/video/7298955726838385921,Bún Riêu Bạch Mai: Khám Phá Ẩm Thực Đêm Hà Nội | TikTokBánh Tôm Bạch Mai: Quán Ăn Chiều Ngon Ở Hà Nội | TikTokQuán Xôi Xéo Bạch Mai - Kỷ Niệm Ăn Đêm Cùng Cao Minh Tiến ...Tổng Hợp Bún Riêu Bạch Mai (P1): Review Top Quán Ngon No Ná ...Bún Riêu 56 Bạch Mai: Quán Cú Đêm Ngon Nhất Hà Nội Mở Từ 12h ...,"Nov 8, 2023 · Nằm trong con ngõ tại số **54 Bạch Mai**, quán chuyên phục vụ từ 22 giờ đêm đến 6 giờ sáng, cực kỳ phù hợp cho những ai thích ăn đêm ở Hà Nội. 🌙 Mức giá chỉ từ **20.000 VNĐ** cho một bát bún riêu đậu đầy đặn, với bánh đa riêu truyền thống được ninh kỹ tạo ... May 20, 2024 · Cùng Cao Minh Tiến đi ăn quà chiều thôi cả nhà ơi! 😋 Hôm nay, Cao Minh Tiến bí mật ""lên sóng"" một quán quà chiều ở khu vực Bạch Mai mà chưa ai review trên TikTok đâu nha! 🤫 Mưa gió thế này mới tranh thủ đi quay được đó, chứ bình thường ra đây chỉ có nước xếp hàng thôi ... Mar 5, 2023 · Khám phá quán xôi xéo đầy kỷ niệm trên đường Bạch Mai, nơi ngon nhất cho bữa ăn đêm cùng Cao Minh Tiến và bạn bè. #xôixéo #xôi #ănđêm #caominhtien #ăncungtiktok #hanoi #vỉahè #xuhuong #khampha #ẩmthực #caominhtienofficial #bạchmai #hômnayăngì #kỷ_niệm #ănbìnhthường Với vô số quán ăn san sát nhau, việc lựa chọn một quán bún riêu ngon thực sự là một thử thách. Video này sẽ là người bạn đồng hành của bạn, tổng hợp và review những quán bún riêu nổi tiếng nhất tại khu vực này trong phần 1. Apr 18, 2024 · Ghé ngay quán 56 Bạch Mai, mở từ 12h đêm đến 6h sáng! Review bún riêu cua đầy đủ mọc, giò bò, trứng cút với giá 58k, ngon nhất cho dân cú đêm. #chithichan #bunrieucua #bunrieuhanoi""."
Bạch Mai,Hà Nội,quán ăn ở Bạch Mai Hà Nội,7370927117384617234,caominhtienofficial,https://www.tiktok.com/@caominhtienofficial/video/7370927117384617234,Bánh Tôm Bạch Mai: Quán Ăn Chiều Ngon Ở Hà Nội | TikTok,"May 20, 2024 · Cùng Cao Minh Tiến đi ăn quà chiều thôi cả nhà ơi! 😋 Hôm nay, Cao Minh Tiến bí mật ""lên sóng"" một quán quà chiều ở khu vực Bạch Mai mà chưa ai review trên TikTok đâu nha! 🤫 Mưa gió thế này mới tranh thủ đi quay được đó, chứ bình thường ra đây chỉ có nước xếp hàng thôi ..."
Bạch Mai,Hà Nội,quán ăn ở Bạch Mai Hà Nội,7206882232001187099,caominhtienofficial,https://www.tiktok.com/@caominhtienofficial/video/7206882232001187099,Quán Xôi Xéo Bạch Mai - Kỷ Niệm Ăn Đêm Cùng Cao Minh Tiến ...,"Mar 5, 2023 · Khám phá quán xôi xéo đầy kỷ niệm trên đường Bạch Mai, nơi ngon nhất cho bữa ăn đêm cùng Cao Minh Tiến và bạn bè. #xôixéo #xôi #ănđêm #caominhtien #ăncungtiktok #hanoi #vỉahè #xuhuong #khampha #ẩmthực #caominhtienofficial #bạchmai #hômnayăngì #kỷ_niệm #ănbìnhthường"
Bạch Mai,Hà Nội,quán ăn ở Bạch Mai Hà Nội,7673478000670805268,vuonghoang28997,https://www.tiktok.com/@vuonghoang28997/video/7673478000670805268,Tổng Hợp Bún Riêu Bạch Mai (P1): Review Top Quán Ngon No Ná ...Bún Riêu 56 Bạch Mai: Quán Cú Đêm Ngon Nhất Hà Nội Mở Từ 12h ...,"Với vô số quán ăn san sát nhau, việc lựa chọn một quán bún riêu ngon thực sự là một thử thách. Video này sẽ là người bạn đồng hành của bạn, tổng hợp và review những quán bún riêu nổi tiếng nhất tại khu vực này trong phần 1. Apr 18, 2024 · Ghé ngay quán 56 Bạch Mai, mở từ 12h đêm đến 6h sáng! Review bún riêu cua đầy đủ mọc, giò bò, trứng cút với giá 58k, ngon nhất cho dân cú đêm. #chithichan #bunrieucua #bunrieuhanoi""."
Bạch Mai,Hà Nội,quán ăn ở Bạch Mai Hà Nội,7359182921686666514,thuybunfood,https://www.tiktok.com/@thuybunfood/video/7359182921686666514,Bún Riêu 56 Bạch Mai: Quán Cú Đêm Ngon Nhất Hà Nội Mở Từ 12h ...,"Apr 18, 2024 · Ghé ngay quán 56 Bạch Mai, mở từ 12h đêm đến 6h sáng! Review bún riêu cua đầy đủ mọc, giò bò, trứng cút với giá 58k, ngon nhất cho dân cú đêm. #chithichan #bunrieucua #bunrieuhanoi""."
Vĩnh Hưng,Hà Nội,quán ăn ở Vĩnh Hưng Hà Nội,7519484735551261970,trainghiemcungnga,https://www.tiktok.com/@trainghiemcungnga/video/7519484735551261970,"Quán nướng vỉa hè ngon nhất Vĩnh Hưng - Hoàng Mai | TikTokKhám Phá Quán Ăn Vặt Ngon Ở Vĩnh Hưng, Hoàng Mai | TikTokCơm tấm 38 Vĩnh Hưng Hà Nội – Quán cơm tấm đáng thử | TikTokUi quán lẩu cô đơn ở khu Vĩnh Hưng mọi ... - TikTok#vinhhung Gắn hashtag cho các video trên TikTokĐàm Vĩnh Hưng: Review Quán Cafe Đặc Sắc | TikTokZin Chicken: review quán gà ở Hà Nội | TikTok","Jun 24, 2025 · Khám phá quán nướng ngon tuyệt ở Vĩnh Hưng - Hoàng Mai. Đến ngay để trải nghiệm ẩm thực đường phố độc đáo! #phonuong85 #nuongthanhoa #nuongviahe Đây là bản tóm tắt nội dung do AI tạo và không nhằm mục đích cung cấp ngữ cảnh thực tế. Apr 6, 2024 · Khám phá quán ăn vặt nổi tiếng với nhiều món ngon hấp dẫn tại Vĩnh Hưng, Hoàng Mai. Địa điểm lý tưởng cho buổi chiều. #phongvureview #reviewanngon #ănvặt - Ghé vào giờ không quá đông nếu muốn ăn nhanh hoặc muốn chụp ảnh món ăn. Kết thúc Nếu bạn đang tìm quán cơm tấm ngon ở Hà Nội, hãy thử ghé 38 Vĩnh Hưng, Hoàng Mai — một trong những địa chỉ được người dùng #thanhthanhtri đánh giá cao. Ui quán lẩu cô đơn ở khu Vĩnh Hưng mọi người đã biết chưa, có cả mì ếch và đồ uống đa dạng nữa nha #tuanfoodkhongphet #xuhuong #foodreview #ancungtiktok #ReviewAnNgon vinh hung | 1.5M người đã xem nội dung này. Xem các video ngắn về #vinhhung trên TikTok. Khám phá quán cafe Đàm Vĩnh Hưng với trải nghiệm ẩm thực độc đáo và không gian thú vị. Xem ngay để không bỏ lỡ! #nguyenphuonghang #drama #LIVEIncentiveProgram #LIVECareer #PaidPartnership Zin Chicken là chủ đề chính của video này, kèm cảm nhận về đồ ăn và việc chi tiêu cho bữa ăn. Video nêu ba địa chỉ của Zin Chicken tại Hà Nội: số 170 Lĩnh Nam, Vĩnh Hưng; số 60 Lê Thanh Nghị, Bạch Mai; và 108b e4, đối diện/172 Nguyễn Văn Tuyết, Đống Đa. Nội dung mô tả người kể cố gắng tiết kiệm tiền nhưng ..."
Vĩnh Hưng,Hà Nội,quán ăn ở Vĩnh Hưng Hà Nội,7354717871567621392,nguyentranphongvu,https://www.tiktok.com/@nguyentranphongvu/video/7354717871567621392,"Khám Phá Quán Ăn Vặt Ngon Ở Vĩnh Hưng, Hoàng Mai | TikTokCơm tấm 38 Vĩnh Hưng Hà Nội – Quán cơm tấm đáng thử | TikTokUi quán lẩu cô đơn ở khu Vĩnh Hưng mọi ... - TikTok#vinhhung Gắn hashtag cho các video trên TikTokĐàm Vĩnh Hưng: Review Quán Cafe Đặc Sắc | TikTokZin Chicken: review quán gà ở Hà Nội | TikTok","Apr 6, 2024 · Khám phá quán ăn vặt nổi tiếng với nhiều món ngon hấp dẫn tại Vĩnh Hưng, Hoàng Mai. Địa điểm lý tưởng cho buổi chiều. #phongvureview #reviewanngon #ănvặt - Ghé vào giờ không quá đông nếu muốn ăn nhanh hoặc muốn chụp ảnh món ăn. Kết thúc Nếu bạn đang tìm quán cơm tấm ngon ở Hà Nội, hãy thử ghé 38 Vĩnh Hưng, Hoàng Mai — một trong những địa chỉ được người dùng #thanhthanhtri đánh giá cao. Ui quán lẩu cô đơn ở khu Vĩnh Hưng mọi người đã biết chưa, có cả mì ếch và đồ uống đa dạng nữa nha #tuanfoodkhongphet #xuhuong #foodreview #ancungtiktok #ReviewAnNgon vinh hung | 1.5M người đã xem nội dung này. Xem các video ngắn về #vinhhung trên TikTok. Khám phá quán cafe Đàm Vĩnh Hưng với trải nghiệm ẩm thực độc đáo và không gian thú vị. Xem ngay để không bỏ lỡ! #nguyenphuonghang #drama #LIVEIncentiveProgram #LIVECareer #PaidPartnership Zin Chicken là chủ đề chính của video này, kèm cảm nhận về đồ ăn và việc chi tiêu cho bữa ăn. Video nêu ba địa chỉ của Zin Chicken tại Hà Nội: số 170 Lĩnh Nam, Vĩnh Hưng; số 60 Lê Thanh Nghị, Bạch Mai; và 108b e4, đối diện/172 Nguyễn Văn Tuyết, Đống Đa. Nội dung mô tả người kể cố gắng tiết kiệm tiền nhưng ..."
Vĩnh Hưng,Hà Nội,quán ăn ở Vĩnh Hưng Hà Nội,7674785663551540500,thanh.thanh_tri,https://www.tiktok.com/@thanh.thanh_tri/video/7674785663551540500,Cơm tấm 38 Vĩnh Hưng Hà Nội – Quán cơm tấm đáng thử | TikTok,"- Ghé vào giờ không quá đông nếu muốn ăn nhanh hoặc muốn chụp ảnh món ăn. Kết thúc Nếu bạn đang tìm quán cơm tấm ngon ở Hà Nội, hãy thử ghé 38 Vĩnh Hưng, Hoàng Mai — một trong những địa chỉ được người dùng #thanhthanhtri đánh giá cao."
Vĩnh Hưng,Hà Nội,quán ăn ở Vĩnh Hưng Hà Nội,7680127584830622983,tuanfoodkhongphet,https://www.tiktok.com/@tuanfoodkhongphet/video/7680127584830622983,Ui quán lẩu cô đơn ở khu Vĩnh Hưng mọi ... - TikTok,"Ui quán lẩu cô đơn ở khu Vĩnh Hưng mọi người đã biết chưa, có cả mì ếch và đồ uống đa dạng nữa nha #tuanfoodkhongphet #xuhuong #foodreview #ancungtiktok #ReviewAnNgon"
Vĩnh Hưng,Hà Nội,quán ăn ở Vĩnh Hưng Hà Nội,7624965177242438932,manbazz999,https://www.tiktok.com/@manbazz999/video/7624965177242438932,Đàm Vĩnh Hưng: Review Quán Cafe Đặc Sắc | TikTokZin Chicken: review quán gà ở Hà Nội | TikTok,"Khám phá quán cafe Đàm Vĩnh Hưng với trải nghiệm ẩm thực độc đáo và không gian thú vị. Xem ngay để không bỏ lỡ! #nguyenphuonghang #drama #LIVEIncentiveProgram #LIVECareer #PaidPartnership Zin Chicken là chủ đề chính của video này, kèm cảm nhận về đồ ăn và việc chi tiêu cho bữa ăn. Video nêu ba địa chỉ của Zin Chicken tại Hà Nội: số 170 Lĩnh Nam, Vĩnh Hưng; số 60 Lê Thanh Nghị, Bạch Mai; và 108b e4, đối diện/172 Nguyễn Văn Tuyết, Đống Đa. Nội dung mô tả người kể cố gắng tiết kiệm tiền nhưng ..."
Vĩnh Hưng,Hà Nội,quán ăn ở Vĩnh Hưng Hà Nội,7685736552978320661,minhthuytb,https://www.tiktok.com/@minhthuytb/video/7685736552978320661,Zin Chicken: review quán gà ở Hà Nội | TikTok,"Zin Chicken là chủ đề chính của video này, kèm cảm nhận về đồ ăn và việc chi tiêu cho bữa ăn. Video nêu ba địa chỉ của Zin Chicken tại Hà Nội: số 170 Lĩnh Nam, Vĩnh Hưng; số 60 Lê Thanh Nghị, Bạch Mai; và 108b e4, đối diện/172 Nguyễn Văn Tuyết, Đống Đa. Nội dung mô tả người kể cố gắng tiết kiệm tiền nhưng ..."
Định Công,Hà Nội,quán ăn ở Định Công Hà Nội,7456778787380858119,anhvuoi,https://www.tiktok.com/@anhvuoi/video/7456778787380858119,"Định Công, Hoàng Mai - Review Ăn Uống và Quán Lẩu Ngon | TikTokBún cá lâu đời ở Định Công - quán bún cá gió đời thường | TikTokKhám Phá Bánh Xèo và Nem Lụi Ngon Ở Định Công | TikTokTikTok - Make Your DayNhà hàng độc quyền 9872 (@rujin.c) | TikTokTikTokTikTok","Jan 6, 2025 · Khám phá những quán ăn gợi ý ở quận Hoàng Mai, Định Công, với view hồ cực chill và lẩu gà chấm tôm sông ngon bổ rẻ. Quán dễ thương cho anh em quê Thanh Hoá, hãy đến thử ngay! #anhvuoi #chubaoanhvuoi #foodreview #metub #ancungtiktok #reviewanngon #địnhcông Chia sẻ cảm nhận về vị nước dùng, miếng cá và không gian quán sau khi ghé để giúp người khác biết thêm về những quán ăn lâu đời ở Định Công. Apr 17, 2023 · Hừm, em ăn gì cũng được thì phải đến ngay quán này, món ăn vặt nào cx có 😝#eatwithbeann_ #ancungtiktok #learnontiktok #food #hanoi #trungchennuong #trungchennuongcoty TikTok - trends start here. On a device or on the web, viewers can watch and discover millions of personalized short videos. Download the app to get started. Nhà hàng độc quyền 9872 (@rujin.c) trên TikTok |54.5K Lượt thích.9051 Follower.Xem video phổ biến của Nhà hàng độc quyền 9872: """", ""#nhachaymoingay #nha..."". Hãy tham gia cùng 9051 follower trên TikTok để xem nhiều nội dung nhachaymoingay, nhacremix, nhacchay hơn TikTok offers a platform to watch, create, and share short videos, connecting users with trends and creators worldwide. ##$++3ÿÄ± 1! A"" 2Qqa B ‘bR¡r3Á4#± áÑð$sC5 c’²ñS‚â%ÂÒ ¢t 1! A 2Qaq"" 3¡ B b# ±Á ‘rð‚ cÑ4CRÿÀ R Þ "" ÿÚ ?ój é„5ª#Ûd ,Æ, q ..."
Định Công,Hà Nội,quán ăn ở Định Công Hà Nội,7648393733783801108,duckanh0605,https://www.tiktok.com/@duckanh0605/video/7648393733783801108,Bún cá lâu đời ở Định Công - quán bún cá gió đời thường | TikTok,"Chia sẻ cảm nhận về vị nước dùng, miếng cá và không gian quán sau khi ghé để giúp người khác biết thêm về những quán ăn lâu đời ở Định Công."
Định Công,Hà Nội,quán ăn ở Định Công Hà Nội,7222938393246846213,eatwithbeann_,https://www.tiktok.com/@eatwithbeann_/video/7222938393246846213,Khám Phá Bánh Xèo và Nem Lụi Ngon Ở Định Công | TikTokTikTok - Make Your DayNhà hàng độc quyền 9872 (@rujin.c) | TikTokTikTokTikTok,"Apr 17, 2023 · Hừm, em ăn gì cũng được thì phải đến ngay quán này, món ăn vặt nào cx có 😝#eatwithbeann_ #ancungtiktok #learnontiktok #food #hanoi #trungchennuong #trungchennuongcoty TikTok - trends start here. On a device or on the web, viewers can watch and discover millions of personalized short videos. Download the app to get started. Nhà hàng độc quyền 9872 (@rujin.c) trên TikTok |54.5K Lượt thích.9051 Follower.Xem video phổ biến của Nhà hàng độc quyền 9872: """", ""#nhachaymoingay #nha..."". Hãy tham gia cùng 9051 follower trên TikTok để xem nhiều nội dung nhachaymoingay, nhacremix, nhacchay hơn TikTok offers a platform to watch, create, and share short videos, connecting users with trends and creators worldwide. ##$++3ÿÄ± 1! A"" 2Qqa B ‘bR¡r3Á4#± áÑð$sC5 c’²ñS‚â%ÂÒ ¢t 1! A 2Qaq"" 3¡ B b# ±Á ‘rð‚ cÑ4CRÿÀ R Þ "" ÿÚ ?ój é„5ª#Ûd ,Æ, q ..."
Tương Mai,Hà Nội,quán ăn ở Tương Mai Hà Nội,7662746987086761234,tungbi3456,https://www.tiktok.com/@tungbi3456/video/7662746987086761234,Won Ok Kitchen - Quán đồ ngâm tương đầu tiên ở Hà Nội | TikTok,"Lead Won Ok Kitchen — quán đồ ngâm tương đầu tiên ở Hà Nội — nổi bật với thực đơn gồm các món ngâm tương Hàn Quốc như cua ngâm tương, ghẹ ngâm tương, cá hồi ngâm tương và trứng ngâm tương."
Tương Mai,Hà Nội,quán ăn ở Tương Mai Hà Nội,7266055644891876615,.diande,https://www.tiktok.com/@.diande/video/7266055644891876615,Top 10 Quán Ăn Đêm Hà Nội Không Thể Bỏ Lỡ | TikTokQuán Mỳ Tương Đen ONGI JJAJANG Tại Hà Nội | TikTokKhám Phá Những Món Ngâm Tương Tuyệt Hảo Tại Hà Nội | TikTokKhám Phá Các Món Ngâm Tương Ngon Nhất Tại Hà Nội | TikTokMì tương đen ngon ở Hà Nội: Moonie Snacks Cầu Giấy & gợi ý ...TikTok - Make Your Day,"Aug 11, 2023 · 43.6K Lượt thích,439 Bình luận.Video TikTok từ Đi Ăn Đê (@.diande): ""Khám phá top 10 quán ăn đêm lý tưởng ở Hà Nội, từ xôi bàn thờ đến phở gánh. Thưởng thức những món ăn ngon và không gian náo nhiệt! #xuhuong #ReviewAnNgon #AnCungTikTok #diandem"". Nov 28, 2025 · Khám phá quán mỳ tương đen mới ở Hà Nội với giá chỉ 63 xu và anh chủ người Hàn dễ thương. Đừng bỏ lỡ! #langthanghanoi #hanoi #foodhanoi #mytuongden Đây là bản tóm tắt nội dung do AI tạo và không nhằm mục đích cung cấp ngữ cảnh thực tế. May 27, 2023 · 24.7K Lượt thích,172 Bình luận.Video TikTok từ Hà Bụt iu đời (@habutiudoi): ""Chắc chắn bạn sẽ yêu thích các món ngâm tương ngon từ Bếp Mẹ Gấu! Đừng bỏ lỡ cơ hội thưởng thức nhé! #cahoingamtuong #trungngamtuong #bép mẹ gấu"". Mar 18, 2025 · Tìm hiểu những món ngâm tương đỉnh nhất tại Hà Nội và cách làm trứng ngâm tương hấp dẫn. #AnCungTikTok #tiktokfood #LearnOnTikTok Đây là bản tóm tắt nội dung do AI tạo và không nhằm mục đích cung cấp ngữ cảnh thực tế. Thử tìm theo cụm từ “mì tương đen tươi” hoặc “mì tương đen topping” để lọc nhà hàng phù hợp. Bạn muốn mình liệt kê địa chỉ cụ thể hoặc so sánh giá-menu giữa vài quán nổi bật không? TikTok - trends start here. On a device or on the web, viewers can watch and discover millions of personalized short videos. Download the app to get started."
Tương Mai,Hà Nội,quán ăn ở Tương Mai Hà Nội,7577760451266678036,dichillne,https://www.tiktok.com/@dichillne/video/7577760451266678036,Quán Mỳ Tương Đen ONGI JJAJANG Tại Hà Nội | TikTokKhám Phá Những Món Ngâm Tương Tuyệt Hảo Tại Hà Nội | TikTokKhám Phá Các Món Ngâm Tương Ngon Nhất Tại Hà Nội | TikTokMì tương đen ngon ở Hà Nội: Moonie Snacks Cầu Giấy & gợi ý ...TikTok - Make Your Day,"Nov 28, 2025 · Khám phá quán mỳ tương đen mới ở Hà Nội với giá chỉ 63 xu và anh chủ người Hàn dễ thương. Đừng bỏ lỡ! #langthanghanoi #hanoi #foodhanoi #mytuongden Đây là bản tóm tắt nội dung do AI tạo và không nhằm mục đích cung cấp ngữ cảnh thực tế. May 27, 2023 · 24.7K Lượt thích,172 Bình luận.Video TikTok từ Hà Bụt iu đời (@habutiudoi): ""Chắc chắn bạn sẽ yêu thích các món ngâm tương ngon từ Bếp Mẹ Gấu! Đừng bỏ lỡ cơ hội thưởng thức nhé! #cahoingamtuong #trungngamtuong #bép mẹ gấu"". Mar 18, 2025 · Tìm hiểu những món ngâm tương đỉnh nhất tại Hà Nội và cách làm trứng ngâm tương hấp dẫn. #AnCungTikTok #tiktokfood #LearnOnTikTok Đây là bản tóm tắt nội dung do AI tạo và không nhằm mục đích cung cấp ngữ cảnh thực tế. Thử tìm theo cụm từ “mì tương đen tươi” hoặc “mì tương đen topping” để lọc nhà hàng phù hợp. Bạn muốn mình liệt kê địa chỉ cụ thể hoặc so sánh giá-menu giữa vài quán nổi bật không? TikTok - trends start here. On a device or on the web, viewers can watch and discover millions of personalized short videos. Download the app to get started."
Tương Mai,Hà Nội,quán ăn ở Tương Mai Hà Nội,7237774806945484038,habutiudoi,https://www.tiktok.com/@habutiudoi/video/7237774806945484038,Khám Phá Những Món Ngâm Tương Tuyệt Hảo Tại Hà Nội | TikTok,"May 27, 2023 · 24.7K Lượt thích,172 Bình luận.Video TikTok từ Hà Bụt iu đời (@habutiudoi): ""Chắc chắn bạn sẽ yêu thích các món ngâm tương ngon từ Bếp Mẹ Gấu! Đừng bỏ lỡ cơ hội thưởng thức nhé! #cahoingamtuong #trungngamtuong #bép mẹ gấu""."
Tương Mai,Hà Nội,quán ăn ở Tương Mai Hà Nội,7483088488615775506,eatwithmynoreo,https://www.tiktok.com/@eatwithmynoreo/video/7483088488615775506,Khám Phá Các Món Ngâm Tương Ngon Nhất Tại Hà Nội | TikTokMì tương đen ngon ở Hà Nội: Moonie Snacks Cầu Giấy & gợi ý ...TikTok - Make Your Day,"Mar 18, 2025 · Tìm hiểu những món ngâm tương đỉnh nhất tại Hà Nội và cách làm trứng ngâm tương hấp dẫn. #AnCungTikTok #tiktokfood #LearnOnTikTok Đây là bản tóm tắt nội dung do AI tạo và không nhằm mục đích cung cấp ngữ cảnh thực tế. Thử tìm theo cụm từ “mì tương đen tươi” hoặc “mì tương đen topping” để lọc nhà hàng phù hợp. Bạn muốn mình liệt kê địa chỉ cụ thể hoặc so sánh giá-menu giữa vài quán nổi bật không? TikTok - trends start here. On a device or on the web, viewers can watch and discover millions of personalized short videos. Download the app to get started."
Tương Mai,Hà Nội,quán ăn ở Tương Mai Hà Nội,7670107696468643093,kindoflvdr,https://www.tiktok.com/@kindoflvdr/video/7670107696468643093,Mì tương đen ngon ở Hà Nội: Moonie Snacks Cầu Giấy & gợi ý ...,Thử tìm theo cụm từ “mì tương đen tươi” hoặc “mì tương đen topping” để lọc nhà hàng phù hợp. Bạn muốn mình liệt kê địa chỉ cụ thể hoặc so sánh giá-menu giữa vài quán nổi bật không?
Lĩnh Nam,Hà Nội,quán ăn ở Lĩnh Nam Hà Nội,7681353858718846216,chaga321linhnam,https://www.tiktok.com/@chaga321linhnam/video/7681353858718846216,Ăn ngon Hoàng Mai Hà Nội: quán ăn Lĩnh Nam đáng thử | TikTok,"Kết luận Lĩnh Nam, Hoàng Mai là điểm đáng thử cho người muốn “ăn ngon mỗi ngày” ở Hà Nội: đa dạng món Bắc, quán địa phương phong phú và giá cả hợp lý. Thử bún, phở, cơm phần và đồ nướng buổi tối — lựa chọn dựa trên sở thích khẩu vị và thời điểm trong ngày."
Lĩnh Nam,Hà Nội,quán ăn ở Lĩnh Nam Hà Nội,7641284526395673864,chaga321linhnam,https://www.tiktok.com/@chaga321linhnam/video/7641284526395673864,"Ăn vặt Hoàng Mai: Gợi ý quán ngon ở Lĩnh Nam, Hoàng Mai | TikTok","Tổng quan Tập hợp các gợi ý ăn vặt tại khu vực Lĩnh Nam, quận Hoàng Mai — phù hợp cho người tìm quán vặt, đồ ăn nhanh và điểm dừng chân khi đi chơi quanh Hoàng Mai."
Lĩnh Nam,Hà Nội,quán ăn ở Lĩnh Nam Hà Nội,7611499605225704722,chaga321linhnam,https://www.tiktok.com/@chaga321linhnam/video/7611499605225704722,Quán Ăn Vặt Lĩnh Nam Hoàng Mai - Ngon Bổ Rẻ | TikTok,"506 Lượt thích,Video TikTok từ chaga321linhnam (@chaga321linhnam): ""Khám phá quán ăn vặt Lĩnh Nam Hoàng Mai với đa dạng món ngon, giá cả phải chăng. Trải nghiệm ẩm thực đường phố độc đáo. #changasotthai321lĩnhnam #lĩnhnam_hoangmai_hn #ănvathoangmai #anvatlinhnam #anngonmoingay""."
Lĩnh Nam,Hà Nội,quán ăn ở Lĩnh Nam Hà Nội,7665285564882521352,chaga321linhnam,https://www.tiktok.com/@chaga321linhnam/video/7665285564882521352,"Ăn vặt Lĩnh Nam Hoàng Mai: món ngon ở Lĩnh Nam, Hà Nội | TikTok","- Món nên thử: gợi ý các món ăn vặt thường xuất hiện trong video và hashtag: các đồ vặt đường phố, quán nhỏ bán bánh, đồ chiên, đồ nướng và đồ ăn nhanh kiểu Hà Nội."
Lĩnh Nam,Hà Nội,quán ăn ở Lĩnh Nam Hà Nội,7643862559828790546,chaga321linhnam,https://www.tiktok.com/@chaga321linhnam/video/7643862559828790546,"Chân gà sốt Thái - nơi ăn ngon ở Lĩnh Nam, Hoàng Mai | TikTok","Kết thúc Chân gà sốt Thái ở Lĩnh Nam, Hoàng Mai là lựa chọn ăn vặt hợp lý khi bạn muốn vị cay chua đặc trưng. Tìm quán theo hashtag và tên khu (Lĩnh Nam, Hoàng Mai) hoặc so sánh với phiên bản ở Phú Nhuận để chọn đúng khẩu vị bạn thích."
Lĩnh Nam,Hà Nội,quán ăn ở Lĩnh Nam Hà Nội,7678746996601048327,chaga321linhnam,https://www.tiktok.com/@chaga321linhnam/video/7678746996601048327,Ăn vặt Lĩnh Nam Hoàng Mai Hà Nội: món ngon đáng thử | TikTok,"- Kiểm tra vệ sinh cơ bản: quán đông khách thường có luân chuyển đồ nhanh, tươi hơn. Kết thúc Lĩnh Nam, Hoàng Mai là điểm phù hợp cho ai muốn thưởng thức đa dạng món ăn vặt Hà Nội: từ đồ nướng, bún đậu đến đồ uống truyền thống."
Lĩnh Nam,Hà Nội,quán ăn ở Lĩnh Nam Hà Nội,7671294571455958275,reviewhanoi.40,https://www.tiktok.com/@reviewhanoi.40/video/7671294571455958275,Quán Ngon Lĩnh Nam: Gà Cháy Tỏi & Combo 2 Người 150k | TikTok,"Hôm nay, chúng ta sẽ cùng nhau khám phá một quán ăn cực kỳ hấp dẫn tại Lĩnh Nam, nơi nổi tiếng với món ngan cháy tỏi thơm ngon mà ít người biết đến."
Hoàng Mai,Hà Nội,quán ăn ở Hoàng Mai Hà Nội,7322478912464997678,yeuhanoithichriviu,https://www.tiktok.com/@yeuhanoithichriviu/video/7322478912464997678,"Quán ăn vặt siêu hot ở khu Hoàng Mai | TikTokTop Những Quán Ăn Ngon Tại Hoàng Mai - Phần 1 | TikTokĐịnh Công, Hoàng Mai - Review Ăn Uống và Quán Lẩu Ngon | TikTokQuán ăn ngon tại Phố Tân Mai, Quận Hoàng Mai, Hà Nội | TikTokQuán Bún Chả ở Đền Lừ . Hoàng Mai ăn gì #miihoangmai # ...Quán Mì vằn thắn Đức Ký Mì Gia ở Trương Định , Hoàng Mai ăn ...Bún Bò Huế Dì Thẩm siêu ngon ở Mai Động, Hoàng Mai | TikTok","Jan 10, 2024 · Khám phá quán ăn vặt siêu hot tại Hoàng Mai với món ngon độc đáo! Tham gia cùng chúng tôi trong hành trình ẩm thực này! #ancungtiktok #foodreview TikTok video from Thực Đơn Hà Nội (@thucdonhanoi): “Khám phá những quán ăn ngon tại Hoàng Mai với những món đặc sản không thể bỏ lỡ! #hoangmaifood #foodhanoi #hoangmai #quanngon”. Jan 6, 2025 · Khám phá những quán ăn gợi ý ở quận Hoàng Mai, Định Công, với view hồ cực chill và lẩu gà chấm tôm sông ngon bổ rẻ. Quán dễ thương cho anh em quê Thanh Hoá, hãy đến thử ngay! #anhvuoi #chubaoanhvuoi #foodreview #metub #ancungtiktok #reviewanngon #địnhcông Sep 2, 2020 · 16K Lượt thích,181 Bình luận.Video TikTok từ Lăn Cùng Bean (@eatwithbeann_): ""Khám phá các món ngon với giá 30.000 - 40.000 vnđ tại quán ăn mới mở, đều đặn từ 7:00 - 14:00. #eatwithbeann_ #tiktokfood #foodlover"". Quán Nem Nướng Di-chi ở Dương Văn Bé . Hoàng Mai ăn gì #miihoangmai #foodtiktok #ăncungtiktok #viraltiktok #nemnuong 388 Lượt thích,22 Bình luận.Video TikTok từ Mii Hoàng Mai (@mii.hoang.mai68): ""Quán Mì vằn thắn Đức Ký Mì Gia ở Trương Định , Hoàng Mai ăn gì ? #miihoangmai #hoangmai #foodtiktok #viraltiktok"".âm thanh gốc - Mii Hoàng Mai. Không gian và vị trí Quán nằm ở khu Mai Động, dễ tìm khi đi ăn trong quận Hoàng Mai. Không gian phù hợp cho bữa sáng hoặc bữa trưa nhanh; phục vụ chủ yếu hướng đến ăn tại chỗ và mang về."
Hoàng Mai,Hà Nội,quán ăn ở Hoàng Mai Hà Nội,7456778787380858119,anhvuoi,https://www.tiktok.com/@anhvuoi/video/7456778787380858119,"Định Công, Hoàng Mai - Review Ăn Uống và Quán Lẩu Ngon | TikTokQuán ăn ngon tại Phố Tân Mai, Quận Hoàng Mai, Hà Nội | TikTokQuán Bún Chả ở Đền Lừ . Hoàng Mai ăn gì #miihoangmai # ...Quán Mì vằn thắn Đức Ký Mì Gia ở Trương Định , Hoàng Mai ăn ...Bún Bò Huế Dì Thẩm siêu ngon ở Mai Động, Hoàng Mai | TikTok","Jan 6, 2025 · Khám phá những quán ăn gợi ý ở quận Hoàng Mai, Định Công, với view hồ cực chill và lẩu gà chấm tôm sông ngon bổ rẻ. Quán dễ thương cho anh em quê Thanh Hoá, hãy đến thử ngay! #anhvuoi #chubaoanhvuoi #foodreview #metub #ancungtiktok #reviewanngon #địnhcông Sep 2, 2020 · 16K Lượt thích,181 Bình luận.Video TikTok từ Lăn Cùng Bean (@eatwithbeann_): ""Khám phá các món ngon với giá 30.000 - 40.000 vnđ tại quán ăn mới mở, đều đặn từ 7:00 - 14:00. #eatwithbeann_ #tiktokfood #foodlover"". Quán Nem Nướng Di-chi ở Dương Văn Bé . Hoàng Mai ăn gì #miihoangmai #foodtiktok #ăncungtiktok #viraltiktok #nemnuong 388 Lượt thích,22 Bình luận.Video TikTok từ Mii Hoàng Mai (@mii.hoang.mai68): ""Quán Mì vằn thắn Đức Ký Mì Gia ở Trương Định , Hoàng Mai ăn gì ? #miihoangmai #hoangmai #foodtiktok #viraltiktok"".âm thanh gốc - Mii Hoàng Mai. Không gian và vị trí Quán nằm ở khu Mai Động, dễ tìm khi đi ăn trong quận Hoàng Mai. Không gian phù hợp cho bữa sáng hoặc bữa trưa nhanh; phục vụ chủ yếu hướng đến ăn tại chỗ và mang về."
Hoàng Mai,Hà Nội,quán ăn ở Hoàng Mai Hà Nội,6867816539274431746,eatwithbeann_,https://www.tiktok.com/@eatwithbeann_/video/6867816539274431746,"Quán ăn ngon tại Phố Tân Mai, Quận Hoàng Mai, Hà Nội | TikTok","Sep 2, 2020 · 16K Lượt thích,181 Bình luận.Video TikTok từ Lăn Cùng Bean (@eatwithbeann_): ""Khám phá các món ngon với giá 30.000 - 40.000 vnđ tại quán ăn mới mở, đều đặn từ 7:00 - 14:00. #eatwithbeann_ #tiktokfood #foodlover""."
Hoàng Mai,Hà Nội,quán ăn ở Hoàng Mai Hà Nội,7688576779535142151,mii.hoang.mai68,https://www.tiktok.com/@mii.hoang.mai68/video/7688576779535142151,Quán Bún Chả ở Đền Lừ . Hoàng Mai ăn gì #miihoangmai # ...,Quán Nem Nướng Di-chi ở Dương Văn Bé . Hoàng Mai ăn gì #miihoangmai #foodtiktok #ăncungtiktok #viraltiktok #nemnuong
Hoàng Mai,Hà Nội,quán ăn ở Hoàng Mai Hà Nội,7668304558648773896,mii.hoang.mai68,https://www.tiktok.com/@mii.hoang.mai68/video/7668304558648773896,"Quán Mì vằn thắn Đức Ký Mì Gia ở Trương Định , Hoàng Mai ăn ...","388 Lượt thích,22 Bình luận.Video TikTok từ Mii Hoàng Mai (@mii.hoang.mai68): ""Quán Mì vằn thắn Đức Ký Mì Gia ở Trương Định , Hoàng Mai ăn gì ? #miihoangmai #hoangmai #foodtiktok #viraltiktok"".âm thanh gốc - Mii Hoàng Mai."
Hoàng Mai,Hà Nội,quán ăn ở Hoàng Mai Hà Nội,7676827644180188423,mii.hoang.mai68,https://www.tiktok.com/@mii.hoang.mai68/video/7676827644180188423,"Bún Bò Huế Dì Thẩm siêu ngon ở Mai Động, Hoàng Mai | TikTok","Không gian và vị trí Quán nằm ở khu Mai Động, dễ tìm khi đi ăn trong quận Hoàng Mai. Không gian phù hợp cho bữa sáng hoặc bữa trưa nhanh; phục vụ chủ yếu hướng đến ăn tại chỗ và mang về."
Hoàng Liệt,Hà Nội,quán ăn ở Hoàng Liệt Hà Nội,7499782291166743816,hanashicoffee,https://www.tiktok.com/@hanashicoffee/video/7499782291166743816,Quán Cafe Chill Ở Hoàng Liệt: Trải Nghiệm Tuyệt Vời | TikTokTikTok - Make Your DayLakafe Coffee Thanh Liệt - Quán cafe Hà Nội đẹp như Đà Lạt ...Hoàng Liệt Daily (@hoanglietdaily) | TikTokHà Nội Ăn Gì ? (@hanoiangi) | TikTokTrà Hoàng Lan ở 1000M gây sốt thu Hà Nội | TikTokTikTok,"May 2, 2025 · Khám phá quán cafe chill ở Hoàng Liệt với không gian thoải mái và món bánh ngon. Dành cho những ai yêu thích cafe và âm nhạc acoustic. #hanashicoffee #xuhuong TikTok - trends start here. On a device or on the web, viewers can watch and discover millions of personalized short videos. Download the app to get started. Đường đến và địa chỉ Tên quán: Lakafe Coffee Thanh Liệt. Địa điểm ở Hà Nội (Thanh Liệt) thuận tiện cho người ở các quận lân cận. Nên kiểm tra bản đồ hoặc mạng xã hội của quán để cập nhật giờ mở cửa và chỗ đỗ xe. Hoàng Liệt Daily (@hoanglietdaily) trên TikTok |20.4K Lượt thích.3645 Follower.Xem video phổ biến của Hoàng Liệt Daily: ""Dẹp nghỉ khỏe luôn c..."", ""chắc hẳn mọi người a..."". Hãy tham gia cùng 1M follower trên TikTok để xem nhiều nội dung vrmgr, hanoiangi, hnag hơn 932 Lượt thích,148 Bình luận.Video TikTok từ Mê Ăn Uống 😋 (@trainghiemcungnga): ""Clip giới thiệu Trà Hoàng Lan tại 1000M đang gây sốt mùa thu Hà Nội; tên quán và hashtag liên quan được nêu. AI Video Summary: Trà Hoàng Lan tại 1000M đang gây sốt mùa thu Hà Nội, với sự kết hợp độc đáo của trà San Tuyết và hoa Hoàng Lan mang ... Log in to follow creators, like videos, and view comments. Log in. Create TikTok effects, get a reward. Company. About Newsroom Contact Careers"
Hoàng Liệt,Hà Nội,quán ăn ở Hoàng Liệt Hà Nội,7640828886196047124,iamsiia_,https://www.tiktok.com/@iamsiia_/video/7640828886196047124,Lakafe Coffee Thanh Liệt - Quán cafe Hà Nội đẹp như Đà Lạt ...Hoàng Liệt Daily (@hoanglietdaily) | TikTokHà Nội Ăn Gì ? (@hanoiangi) | TikTokTrà Hoàng Lan ở 1000M gây sốt thu Hà Nội | TikTokTikTok,"Đường đến và địa chỉ Tên quán: Lakafe Coffee Thanh Liệt. Địa điểm ở Hà Nội (Thanh Liệt) thuận tiện cho người ở các quận lân cận. Nên kiểm tra bản đồ hoặc mạng xã hội của quán để cập nhật giờ mở cửa và chỗ đỗ xe. Hoàng Liệt Daily (@hoanglietdaily) trên TikTok |20.4K Lượt thích.3645 Follower.Xem video phổ biến của Hoàng Liệt Daily: ""Dẹp nghỉ khỏe luôn c..."", ""chắc hẳn mọi người a..."". Hãy tham gia cùng 1M follower trên TikTok để xem nhiều nội dung vrmgr, hanoiangi, hnag hơn 932 Lượt thích,148 Bình luận.Video TikTok từ Mê Ăn Uống 😋 (@trainghiemcungnga): ""Clip giới thiệu Trà Hoàng Lan tại 1000M đang gây sốt mùa thu Hà Nội; tên quán và hashtag liên quan được nêu. AI Video Summary: Trà Hoàng Lan tại 1000M đang gây sốt mùa thu Hà Nội, với sự kết hợp độc đáo của trà San Tuyết và hoa Hoàng Lan mang ... Log in to follow creators, like videos, and view comments. Log in. Create TikTok effects, get a reward. Company. About Newsroom Contact Careers"
Hoàng Liệt,Hà Nội,quán ăn ở Hoàng Liệt Hà Nội,7688281179664944404,trainghiemcungnga,https://www.tiktok.com/@trainghiemcungnga/video/7688281179664944404,Trà Hoàng Lan ở 1000M gây sốt thu Hà Nội | TikTok,"932 Lượt thích,148 Bình luận.Video TikTok từ Mê Ăn Uống 😋 (@trainghiemcungnga): ""Clip giới thiệu Trà Hoàng Lan tại 1000M đang gây sốt mùa thu Hà Nội; tên quán và hashtag liên quan được nêu. AI Video Summary: Trà Hoàng Lan tại 1000M đang gây sốt mùa thu Hà Nội, với sự kết hợp độc đáo của trà San Tuyết và hoa Hoàng Lan mang ..."
Yên Sở,Hà Nội,quán ăn ở Yên Sở Hà Nội,7649780702719806728,anhouseyenso,https://www.tiktok.com/@anhouseyenso/video/7649780702719806728,"Quán ăn ngon gần Công viên Yên Sở | Review địa chỉ, món ăn ...","Bài viết này tổng hợp thông tin review, món ăn và địa chỉ những quán ăn vặt, quán ngon quanh khu Yên Sở — giúp bạn biết “ăn gì gần Công viên Yên Sở” và nhanh chóng đến đúng chỗ mà tác giả video giới thiệu."
Yên Sở,Hà Nội,quán ăn ở Yên Sở Hà Nội,7599889190871928082,mii.hoang.mai68,https://www.tiktok.com/@mii.hoang.mai68/video/7599889190871928082,Quán Katinat Chill Nhất Yên Sở: Địa Điểm Chữa Lành | TikTok,"Khám phá quán Katinat chill nhất tại Yên Sở, Hoàng Mai, Hà Nội. Trải nghiệm không gian thư giãn tuyệt vời! #katinat #miihoangmai #hoangmai #hanoi #xuhuong"
Yên Sở,Hà Nội,quán ăn ở Yên Sở Hà Nội,7499697276739243271,dtpp_11,https://www.tiktok.com/@dtpp_11/video/7499697276739243271,Trải Nghiệm Quán Katinat Công Viên Yên Sở | TikTokLẨU NƯỚNG MER GARDEN - YÊN SỞ (@mer.garden) | TikTokCông Viên Yên Sở - Điểm Chill Cuối Tuần Lý Tưởng Tại Hà Nội ...#yên_sở Gắn hashtag cho các video trên TikTokKatinat Công Viên Yên Sở: Quán Chill Siêu Đông | TikTok,"May 2, 2025 · Khám phá quán trà sữa Katinat nổi tiếng ở Yên Sở. Không gian chill nhưng cực đông! #katinatyenso #katinat #congvienyenso Đây là bản tóm tắt nội dung do AI tạo và không nhằm mục đích cung cấp ngữ cảnh thực tế. Hãy tham gia cùng 1290 follower trên TikTok để xem nhiều nội dung mergarden, xuhuong, funny hơn Jun 30, 2025 · 468 Lượt thích,48 Bình luận.Video TikTok từ greencampingyenso (@greencampingyenso): ""Khám phá Công Viên Yên Sở, địa điểm lý tưởng cho camping và chill cuối tuần. Tham khảo review và chi phí tại đây! #greencampingyenso #yensopark #campinglife"". #yên_sở | 15.6K người đã xem nội dung này. Xem các video ngắn về #yên_sở trên TikTok. May 2, 2025 · TikTok video from H (@iaa_h): “Khám phá Katinat ở công viên Yên Sở với không gian chill và các góc chụp ảnh đẹp. Đừng bỏ lỡ! #xuhuong #katinat #2025 #yensopark”."
Yên Sở,Hà Nội,quán ăn ở Yên Sở Hà Nội,7521684375566699797,greencampingyenso,https://www.tiktok.com/@greencampingyenso/video/7521684375566699797,Công Viên Yên Sở - Điểm Chill Cuối Tuần Lý Tưởng Tại Hà Nội ...,"Jun 30, 2025 · 468 Lượt thích,48 Bình luận.Video TikTok từ greencampingyenso (@greencampingyenso): ""Khám phá Công Viên Yên Sở, địa điểm lý tưởng cho camping và chill cuối tuần. Tham khảo review và chi phí tại đây! #greencampingyenso #yensopark #campinglife""."
Yên Sở,Hà Nội,quán ăn ở Yên Sở Hà Nội,7499780046714916103,iaa_h,https://www.tiktok.com/@iaa_h/video/7499780046714916103,Katinat Công Viên Yên Sở: Quán Chill Siêu Đông | TikTok,"May 2, 2025 · TikTok video from H (@iaa_h): “Khám phá Katinat ở công viên Yên Sở với không gian chill và các góc chụp ảnh đẹp. Đừng bỏ lỡ! #xuhuong #katinat #2025 #yensopark”."
Phương Liệt,Hà Nội,quán ăn ở Phương Liệt Hà Nội,7154239414439349510,tuilasapne,https://www.tiktok.com/@tuilasapne/video/7154239414439349510,"Khám Phá Ốc Ngon ở Đinh Liệt Hà Nội | TikTokLakafe Coffee Thanh Liệt - Quán cafe Hà Nội đẹp như Đà Lạt ...OMNY PHƯƠNG LIỆT (@omny.phuongliet) | TikTokTikTok - Make Your DayBan công cafe - Số 2 P. Đinh Liệt, Hàng Đào, Hoàn Kiếm, Hà ...Ốc Hà Trang Đinh Liệt có đáng tiền hông #eatwithbeann_ # ...OMNY Phương Liệt khai trương hôm nay — mở cửa 10h–22h | TikTok","Oct 14, 2022 · Thử ngay các quán ốc tại Đinh Liệt Hà Nội với hương vị độc đáo không thể bỏ lỡ! #Master2022byTikTok #reviewanngon #hellohanoi Đây là bản tóm tắt nội dung do AI tạo và không nhằm mục đích cung cấp ngữ cảnh thực tế. Đường đến và địa chỉ Tên quán: Lakafe Coffee Thanh Liệt. Địa điểm ở Hà Nội (Thanh Liệt) thuận tiện cho người ở các quận lân cận. Nên kiểm tra bản đồ hoặc mạng xã hội của quán để cập nhật giờ mở cửa và chỗ đỗ xe. Hãy tham gia cùng 3227 follower trên TikTok để xem nhiều nội dung omnykygui, phoidoxinh, learnontiktok hơn TikTok - trends start here. On a device or on the web, viewers can watch and discover millions of personalized short videos. Download the app to get started. Jun 11, 2023 · Trải nghiệm quán cafe ban công tại Hà Nội với trang trí đẹp mắt, view hồ gươm cực kỳ thú vị và dịch vụ chu đáo. Khám phá ngay! #bancongcafe #cafe #coffeetiktok #quannayodau #thang6 #reviewcafe #cafehoankiem 122 Lượt thích,Video TikTok từ Lăn Cùng Bean (@eatwithbeann_): ""Ốc Hà Trang Đinh Liệt có đáng tiền hông #eatwithbeann_ #ancungtiktok #learnontiktok #food #ocluoc #nembui #hanoifood"".New Face - 69. - Theo dõi hashtag #omnykygui và #phoidoxinh để cập nhật ưu đãi hoặc hoạt động tại cửa hàng. Kết luận OMNY Phương Liệt vừa thông báo khai trương sắp diễn ra; cửa hàng mở cửa hàng ngày từ 10h đến 22h. Theo dõi các hashtag liên quan để nhận tin tức và khuyến mãi từ sự kiện."
Phương Liệt,Hà Nội,quán ăn ở Phương Liệt Hà Nội,7640828886196047124,iamsiia_,https://www.tiktok.com/@iamsiia_/video/7640828886196047124,"Lakafe Coffee Thanh Liệt - Quán cafe Hà Nội đẹp như Đà Lạt ...OMNY PHƯƠNG LIỆT (@omny.phuongliet) | TikTokTikTok - Make Your DayBan công cafe - Số 2 P. Đinh Liệt, Hàng Đào, Hoàn Kiếm, Hà ...Ốc Hà Trang Đinh Liệt có đáng tiền hông #eatwithbeann_ # ...OMNY Phương Liệt khai trương hôm nay — mở cửa 10h–22h | TikTok","Đường đến và địa chỉ Tên quán: Lakafe Coffee Thanh Liệt. Địa điểm ở Hà Nội (Thanh Liệt) thuận tiện cho người ở các quận lân cận. Nên kiểm tra bản đồ hoặc mạng xã hội của quán để cập nhật giờ mở cửa và chỗ đỗ xe. Hãy tham gia cùng 3227 follower trên TikTok để xem nhiều nội dung omnykygui, phoidoxinh, learnontiktok hơn TikTok - trends start here. On a device or on the web, viewers can watch and discover millions of personalized short videos. Download the app to get started. Jun 11, 2023 · Trải nghiệm quán cafe ban công tại Hà Nội với trang trí đẹp mắt, view hồ gươm cực kỳ thú vị và dịch vụ chu đáo. Khám phá ngay! #bancongcafe #cafe #coffeetiktok #quannayodau #thang6 #reviewcafe #cafehoankiem 122 Lượt thích,Video TikTok từ Lăn Cùng Bean (@eatwithbeann_): ""Ốc Hà Trang Đinh Liệt có đáng tiền hông #eatwithbeann_ #ancungtiktok #learnontiktok #food #ocluoc #nembui #hanoifood"".New Face - 69. - Theo dõi hashtag #omnykygui và #phoidoxinh để cập nhật ưu đãi hoặc hoạt động tại cửa hàng. Kết luận OMNY Phương Liệt vừa thông báo khai trương sắp diễn ra; cửa hàng mở cửa hàng ngày từ 10h đến 22h. Theo dõi các hashtag liên quan để nhận tin tức và khuyến mãi từ sự kiện."
Phương Liệt,Hà Nội,quán ăn ở Phương Liệt Hà Nội,7243408179973885189,quannayodau,https://www.tiktok.com/@quannayodau/video/7243408179973885189,"Ban công cafe - Số 2 P. Đinh Liệt, Hàng Đào, Hoàn Kiếm, Hà ...Ốc Hà Trang Đinh Liệt có đáng tiền hông #eatwithbeann_ # ...OMNY Phương Liệt khai trương hôm nay — mở cửa 10h–22h | TikTok","Jun 11, 2023 · Trải nghiệm quán cafe ban công tại Hà Nội với trang trí đẹp mắt, view hồ gươm cực kỳ thú vị và dịch vụ chu đáo. Khám phá ngay! #bancongcafe #cafe #coffeetiktok #quannayodau #thang6 #reviewcafe #cafehoankiem 122 Lượt thích,Video TikTok từ Lăn Cùng Bean (@eatwithbeann_): ""Ốc Hà Trang Đinh Liệt có đáng tiền hông #eatwithbeann_ #ancungtiktok #learnontiktok #food #ocluoc #nembui #hanoifood"".New Face - 69. - Theo dõi hashtag #omnykygui và #phoidoxinh để cập nhật ưu đãi hoặc hoạt động tại cửa hàng. Kết luận OMNY Phương Liệt vừa thông báo khai trương sắp diễn ra; cửa hàng mở cửa hàng ngày từ 10h đến 22h. Theo dõi các hashtag liên quan để nhận tin tức và khuyến mãi từ sự kiện."
Phương Liệt,Hà Nội,quán ăn ở Phương Liệt Hà Nội,7492651338115927303,eatwithbeann_,https://www.tiktok.com/@eatwithbeann_/video/7492651338115927303,Ốc Hà Trang Đinh Liệt có đáng tiền hông #eatwithbeann_ # ...,"122 Lượt thích,Video TikTok từ Lăn Cùng Bean (@eatwithbeann_): ""Ốc Hà Trang Đinh Liệt có đáng tiền hông #eatwithbeann_ #ancungtiktok #learnontiktok #food #ocluoc #nembui #hanoifood"".New Face - 69."
Phương Liệt,Hà Nội,quán ăn ở Phương Liệt Hà Nội,7650641752637885717,omny.phuongliet,https://www.tiktok.com/@omny.phuongliet/video/7650641752637885717,OMNY Phương Liệt khai trương hôm nay — mở cửa 10h–22h | TikTok,- Theo dõi hashtag #omnykygui và #phoidoxinh để cập nhật ưu đãi hoặc hoạt động tại cửa hàng. Kết luận OMNY Phương Liệt vừa thông báo khai trương sắp diễn ra; cửa hàng mở cửa hàng ngày từ 10h đến 22h. Theo dõi các hashtag liên quan để nhận tin tức và khuyến mãi từ sự kiện.
Khương Đình,Hà Nội,quán ăn ở Khương Đình Hà Nội,7445162415215480065,havuhuhuhu,https://www.tiktok.com/@havuhuhuhu/video/7445162415215480065,"Khám Phá Quán Bánh Mì Ngon Khương Đình | TikTokQuán Cơm Tươi Ngon Kim Giang, Khương Đình | TikTokKhám Phá Bánh Xèo Nem Lụi Ngon Nhất Khương Đình | TikTokQuán ăn ẩn giấu Khương Đình: Mì lòng ngon | TikTokMì gà tần và mì chua cay: Đánh giá quán Khương đình | TikTokAventus Coffee Khương Đình — Quán cafe sân vườn phong cách ...ThaiUmee Khương Trung | TikTok Places","Dec 6, 2024 · 1202 Lượt thích,22 Bình luận.Video TikTok từ Hà Vũ (@havuhuhuhu): ""Tìm hiểu quán bánh mì và xôi mở khu Khương Đình với những món ăn hấp dẫn. Đừng bỏ lỡ! #xoi #banhmi #reviewanngon"". Tìm quán cơm tươi ngon tại Kim Giang, Khương Đình? Khám phá các món ăn hấp dẫn như gà nướng lu, thịt rang cháy cạnh và đặc sản Lạng Sơn. #duongangi #kimgiang #khuongdinh 7895 Lượt thích,294 Bình luận.Video TikTok từ Ha Vu (@havuhuhuhu): ""Hãy cùng khám phá quán bánh xèo Hoa Trang tại Khương Đình! Đánh giá món ngon và những trải nghiệm tuyệt vời. #banhxeo #nemlui #xfood"". Khám phá quán ăn ẩn giấu tại Khương Đình với món mì lòng trứ danh. Trải nghiệm hương vị độc đáo và hấp dẫn. #duongangi #milong Apr 15, 2024 · Khám phá thực đơn mì gà tần và mì chua cay tại quán Khương đình, trải nghiệm vị ngon và giá cả hợp lý. #trunglee #thodiahanoi #miko Kết luận: nếu tìm quán cafe có vườn, vibe Châu Âu và bingsu ngon tại Hà Nội, Aventus Coffee Khương Đình là lựa chọn đáng thử. Bạn đã ghé qua đâu tương tự ở Hà Nội? Hành trình khám phá ẩm thực p40: Lẩu sườn bò kim chi 🤤🤤🤤 ui ở đây ngon nha các bà, giá cả cũng phải chăng nữa, các bà nhớ thử nghen? #cohrbeomukbang #lausuonbokimchi #thaiumee #ngon #foodlover"
Khương Đình,Hà Nội,quán ăn ở Khương Đình Hà Nội,7621549502977330453,duong_an_gi,https://www.tiktok.com/@duong_an_gi/video/7621549502977330453,"Quán Cơm Tươi Ngon Kim Giang, Khương Đình | TikTok","Tìm quán cơm tươi ngon tại Kim Giang, Khương Đình? Khám phá các món ăn hấp dẫn như gà nướng lu, thịt rang cháy cạnh và đặc sản Lạng Sơn. #duongangi #kimgiang #khuongdinh"
Khương Đình,Hà Nội,quán ăn ở Khương Đình Hà Nội,7439603579427622164,havuhuhuhu,https://www.tiktok.com/@havuhuhuhu/video/7439603579427622164,Khám Phá Bánh Xèo Nem Lụi Ngon Nhất Khương Đình | TikTokQuán ăn ẩn giấu Khương Đình: Mì lòng ngon | TikTokMì gà tần và mì chua cay: Đánh giá quán Khương đình | TikTokAventus Coffee Khương Đình — Quán cafe sân vườn phong cách ...ThaiUmee Khương Trung | TikTok Places,"7895 Lượt thích,294 Bình luận.Video TikTok từ Ha Vu (@havuhuhuhu): ""Hãy cùng khám phá quán bánh xèo Hoa Trang tại Khương Đình! Đánh giá món ngon và những trải nghiệm tuyệt vời. #banhxeo #nemlui #xfood"". Khám phá quán ăn ẩn giấu tại Khương Đình với món mì lòng trứ danh. Trải nghiệm hương vị độc đáo và hấp dẫn. #duongangi #milong Apr 15, 2024 · Khám phá thực đơn mì gà tần và mì chua cay tại quán Khương đình, trải nghiệm vị ngon và giá cả hợp lý. #trunglee #thodiahanoi #miko Kết luận: nếu tìm quán cafe có vườn, vibe Châu Âu và bingsu ngon tại Hà Nội, Aventus Coffee Khương Đình là lựa chọn đáng thử. Bạn đã ghé qua đâu tương tự ở Hà Nội? Hành trình khám phá ẩm thực p40: Lẩu sườn bò kim chi 🤤🤤🤤 ui ở đây ngon nha các bà, giá cả cũng phải chăng nữa, các bà nhớ thử nghen? #cohrbeomukbang #lausuonbokimchi #thaiumee #ngon #foodlover"
Khương Đình,Hà Nội,quán ăn ở Khương Đình Hà Nội,7629943734075084053,duong_an_gi,https://www.tiktok.com/@duong_an_gi/video/7629943734075084053,Quán ăn ẩn giấu Khương Đình: Mì lòng ngon | TikTok,Khám phá quán ăn ẩn giấu tại Khương Đình với món mì lòng trứ danh. Trải nghiệm hương vị độc đáo và hấp dẫn. #duongangi #milong
Khương Đình,Hà Nội,quán ăn ở Khương Đình Hà Nội,7358093449964326161,trunglee.review,https://www.tiktok.com/@trunglee.review/video/7358093449964326161,Mì gà tần và mì chua cay: Đánh giá quán Khương đình | TikTokAventus Coffee Khương Đình — Quán cafe sân vườn phong cách ...ThaiUmee Khương Trung | TikTok Places,"Apr 15, 2024 · Khám phá thực đơn mì gà tần và mì chua cay tại quán Khương đình, trải nghiệm vị ngon và giá cả hợp lý. #trunglee #thodiahanoi #miko Kết luận: nếu tìm quán cafe có vườn, vibe Châu Âu và bingsu ngon tại Hà Nội, Aventus Coffee Khương Đình là lựa chọn đáng thử. Bạn đã ghé qua đâu tương tự ở Hà Nội? Hành trình khám phá ẩm thực p40: Lẩu sườn bò kim chi 🤤🤤🤤 ui ở đây ngon nha các bà, giá cả cũng phải chăng nữa, các bà nhớ thử nghen? #cohrbeomukbang #lausuonbokimchi #thaiumee #ngon #foodlover"
Khương Đình,Hà Nội,quán ăn ở Khương Đình Hà Nội,7668189701559356692,troncuatho._,https://www.tiktok.com/@troncuatho._/video/7668189701559356692,Aventus Coffee Khương Đình — Quán cafe sân vườn phong cách ...,"Kết luận: nếu tìm quán cafe có vườn, vibe Châu Âu và bingsu ngon tại Hà Nội, Aventus Coffee Khương Đình là lựa chọn đáng thử. Bạn đã ghé qua đâu tương tự ở Hà Nội?"
Thanh Xuân,Hà Nội,quán ăn ở Thanh Xuân Hà Nội,7508542931364482312,,https://www.tiktok.com/@/video/7508542931364482312,TikTok - Make Your Day,TikTok - Make Your Day
Thanh Xuân,Hà Nội,quán ăn ở Thanh Xuân Hà Nội,7006467767717203206,,https://www.tiktok.com/@/_sauce90/video/7006467767717203206,TikTok,TikTok for GoodAdvertiseSell on TikTok ShopTikTok LIVE Creator NetworksDevelopersTransparencyTikTok EmbedsSoundOn Music DistributionTikTok LiveTikTok Shop
Thanh Xuân,Hà Nội,quán ăn ở Thanh Xuân Hà Nội,7345623727712914720,,https://www.tiktok.com/@/video/7345623727712914720,TikTok - Make Your Day,Log in to TikTok This post may not be comfortable for some audiences. Log in to make the most of your experience.
Thanh Xuân,Hà Nội,quán ăn ở Thanh Xuân Hà Nội,6925497998071860485,,https://www.tiktok.com/@/video/6925497998071860485/,TikTok - Make Your Day,ไม่มีหน้านี้อยู่ ขออภัยด้วย โปรดลองอีกครั้งในภายหลัง ลอง ...
Thanh Xuân,Hà Nội,quán ăn ở Thanh Xuân Hà Nội,7470274605895372078,,https://www.tiktok.com/@/video/7470274605895372078,TikTok - Make Your Day,"This account is private Looking for videos? Try browsing our trending creators, hashtags, and sounds."
Thanh Xuân,Hà Nội,quán ăn ở Thanh Xuân Hà Nội,7044390184313507118,,https://www.tiktok.com/@/video/7044390184313507118,TikTok - Make Your Day,"Video currently unavailable Looking for videos? Try browsing our trending creators, hashtags, and sounds."
Thanh Xuân,Hà Nội,quán ăn ở Thanh Xuân Hà Nội,7689969618521312533,,https://www.tiktok.com/video/7689969618521312533,TikTok,2 days ago · TikTok ... TikTok
Thanh Xuân,Hà Nội,quán ăn ở Thanh Xuân Hà Nội,7253346147761196290,,https://www.tiktok.com/video/7253346147761196290,TikTok,Redirecting to /404?fromUrl=/video/7253346147761196290.
Thanh Xuân,Hà Nội,quán ăn ở Thanh Xuân Hà Nội,7243438444293246250,,https://www.tiktok.com/video/7243438444293246250,TikTok,Redirecting to /404?fromUrl=/video/7243438444293246250.
Thanh Xuân,Hà Nội,quán ăn ở Thanh Xuân Hà Nội,7580287102248586519,,https://www.tiktok.com/video/7580287102248586519,TikTok,4 0 4 Couldn't find this page Check out more trending videos on TikTok Watch now
Thanh Xuân,Hà Nội,quán ăn ở Thanh Xuân Hà Nội,7671599976769719560,hiepkhaipha99,https://www.tiktok.com/@hiepkhaipha99/video/7671599976769719560,"Hun Garden Hà Nội: Quán chill, đồ ăn ngon ở Thanh Xuân | TikTok","- Hỏi thử suất hoặc phần ăn dành cho nhóm nếu đi đông. - Thử những món được đề xuất tại quán để có trải nghiệm đặc trưng. Kết luận Hun Garden là lựa chọn hợp lý nếu bạn tìm một quán chill, đồ ăn ngon ở Hà Nội, khu Thanh Xuân gần Lê Văn Lương."
Thanh Xuân,Hà Nội,quán ăn ở Thanh Xuân Hà Nội,7637791979115449620,kietduonglang,https://www.tiktok.com/@kietduonglang/video/7637791979115449620,"Ăn gì với 20k ở khu vực Thanh Xuân, Hà Nội? | TikTok","Lead Bạn còn 20k và đang ở khu vực Thanh Xuân, gần 215A Khương Trung (Hà Nội)? Bài viết này tổng hợp gợi ý món ăn, quán vặt và mẹo để ăn no trong tầm giá 20.000 đồng quanh khu vực đó — phù hợp cho học sinh, sinh viên hoặc ai muốn tiết kiệm."
Thanh Xuân,Hà Nội,quán ăn ở Thanh Xuân Hà Nội,7582755319260941586,holatacosvietnam,https://www.tiktok.com/@holatacosvietnam/video/7582755319260941586,Khám Phá 3 Sở Ở Thanh Xuân Đáng Nhớ! | TikTokHẻm Thanh Xuân: Quán cà phê mang đi matcha latte & trà quất ...Quán Hàn ngon rẻ ở Thanh Xuân — Miss Bistro review | TikTokBún chả Chính Kinh Hà Nội – Review quán ngon tại Thanh Xuân ...,"Dec 12, 2025 · Khám Phá 3 Sở Ở Thanh Xuân Đáng Nhớ! Cùng tìm hiểu 3 sở ăn uống nổi bật ở Thanh Xuân! Lưu lại ngay để không bỏ lỡ những món ngon hấp dẫn. #holatacos #tacos #tacosvietnam #hanoifood #bánhngon Q: Có quán cà phê mang đi nào ở Thanh Xuân giống Hẻm không? A: Video này tập trung vào các quán Hẻm tại Thanh Xuân, giới thiệu các loại đồ uống take away như matcha latte và trà quất."". Nội dung tập trung vào đồ Hàn ngon, menu Miss Bistro và trải nghiệm ăn uống giá hợp lý quanh khu Thanh Xuân. Điểm chính - Vị trí: khu Thanh Xuân, thuận tiện cho sinh viên và người đi chơi khu vực này; gần các điểm tham khảo như Beta Thanh Xuân, Da Liễu Trung Ương, Nguyễn Trãi. Kết luận và khuyến nghị Quán bún chả ở 109 Chính Kinh là lựa chọn đáng thử nếu bạn muốn ăn bún chả Hà Nội chuẩn vị tại Thanh Xuân. Thử ghi chú: đi vào giờ thấp điểm để tránh chờ, nếm nước chấm trước khi thêm gia vị."
Thanh Xuân,Hà Nội,quán ăn ở Thanh Xuân Hà Nội,7674901327679474952,hemthanhxuancuatoi,https://www.tiktok.com/@hemthanhxuancuatoi/video/7674901327679474952,Hẻm Thanh Xuân: Quán cà phê mang đi matcha latte & trà quất ...,"Q: Có quán cà phê mang đi nào ở Thanh Xuân giống Hẻm không? A: Video này tập trung vào các quán Hẻm tại Thanh Xuân, giới thiệu các loại đồ uống take away như matcha latte và trà quất.""."
Thanh Xuân,Hà Nội,quán ăn ở Thanh Xuân Hà Nội,7657518594237992213,maididate_,https://www.tiktok.com/@maididate_/video/7657518594237992213,Quán Hàn ngon rẻ ở Thanh Xuân — Miss Bistro review | TikTok,"Nội dung tập trung vào đồ Hàn ngon, menu Miss Bistro và trải nghiệm ăn uống giá hợp lý quanh khu Thanh Xuân. Điểm chính - Vị trí: khu Thanh Xuân, thuận tiện cho sinh viên và người đi chơi khu vực này; gần các điểm tham khảo như Beta Thanh Xuân, Da Liễu Trung Ương, Nguyễn Trãi."
Từ Liêm,Hà Nội,quán ăn ở Từ Liêm Hà Nội,7561441323513859346,ninhtito,https://www.tiktok.com/@ninhtito/video/7561441323513859346,Khám Phá 24 Giờ Ẩm Thực Bắc Từ Liêm HN | TikTok,"12.3K Lượt thích,259 Bình luận.Video TikTok từ Ninh Tito (@ninhtito): ""Cùng Ninh trải nghiệm 24 giờ ăn sập quận Bắc Từ Liêm với những địa điểm hấp dẫn! #ninhtito #ancungtiktok #hanoi #foodtour""."
Từ Liêm,Hà Nội,quán ăn ở Từ Liêm Hà Nội,7651538878569958676,eggybeo,https://www.tiktok.com/@eggybeo/video/7651538878569958676,Mì tôm nổi tiếng ở Nam Từ Liêm — ăn ở đâu ngon nhất? | TikTok,"Kết luận và lời khuyên Tìm quán mì tôm nổi tiếng ở Nam Từ Liêm khi bạn ở gần Vinschool để thử các phiên bản: mì trứng béo (eggy beo), mì tương đen hoặc mì kèm tôm. Ghé vào giờ vắng hơn để có chỗ ngồi và trải nghiệm trọn vẹn."
Từ Liêm,Hà Nội,quán ăn ở Từ Liêm Hà Nội,7563559160516758804,dichillne,https://www.tiktok.com/@dichillne/video/7563559160516758804,Top Quán Ăn Nướng Ngon Ở Bắc Từ Liêm | TikTok,"Oct 21, 2025 · 2005 Lượt thích,23 Bình luận.Video TikTok từ Chillne (@dichillne): ""Khám phá quán nướng Hưng Thịnh ở Bắc Từ Liêm với hương vị tuyệt vời. Đừng bỏ lỡ! #langthanghanoi #hanoi #hanoianngon #bactuliem""."
Từ Liêm,Hà Nội,quán ăn ở Từ Liêm Hà Nội,7277918099918146818,tep2002_,https://www.tiktok.com/@tep2002_/video/7277918099918146818,Buffet 139k tại Nam Từ Liêm: Thiên đường ẩm thực | TikTokĐồ ăn Hàn Quốc hấp dẫn tại Bắc Từ Liêm | TikTokBắc Từ Liêm Hà Nội: Hướng dẫn dạo phố & điểm đến nổi bật | TikTok,"Sep 12, 2023 · Khám phá buffet ngon tại Nam Từ Liêm với đồ ăn đa dạng giá student-friendly. Đừng bỏ lỡ trải nghiệm ẩm thực hấp dẫn này! #ReviewAnNgon #AnCungTikTok Sep 23, 2024 · Khám phá các quán gà rán và hải sản Hàn Quốc ngon tại Bắc Từ Liêm. Một trải nghiệm ẩm thực thú vị đang chờ đón bạn! #learnontiktok #vtmgr #ancungtiktok #bachuareview Kết luận Bắc Từ Liêm là lựa chọn phù hợp cho chuyến dạo phố ngắn trong Hà Nội, với nhiều ngõ, tuyến đường và điểm sống động để khám phá."
Từ Liêm,Hà Nội,quán ăn ở Từ Liêm Hà Nội,7417772936595000583,bachuareview,https://www.tiktok.com/@bachuareview/video/7417772936595000583,Đồ ăn Hàn Quốc hấp dẫn tại Bắc Từ Liêm | TikTokBắc Từ Liêm Hà Nội: Hướng dẫn dạo phố & điểm đến nổi bật | TikTok,"Sep 23, 2024 · Khám phá các quán gà rán và hải sản Hàn Quốc ngon tại Bắc Từ Liêm. Một trải nghiệm ẩm thực thú vị đang chờ đón bạn! #learnontiktok #vtmgr #ancungtiktok #bachuareview Kết luận Bắc Từ Liêm là lựa chọn phù hợp cho chuyến dạo phố ngắn trong Hà Nội, với nhiều ngõ, tuyến đường và điểm sống động để khám phá."
Từ Liêm,Hà Nội,quán ăn ở Từ Liêm Hà Nội,7671936949954940181,thosan_tien_thuong,https://www.tiktok.com/@thosan_tien_thuong/video/7671936949954940181,Bắc Từ Liêm Hà Nội: Hướng dẫn dạo phố & điểm đến nổi bật | TikTok,"Kết luận Bắc Từ Liêm là lựa chọn phù hợp cho chuyến dạo phố ngắn trong Hà Nội, với nhiều ngõ, tuyến đường và điểm sống động để khám phá."
Thượng Cát,Hà Nội,quán ăn ở Thượng Cát Hà Nội,7673473822372252949,29hanoi.dangcap,https://www.tiktok.com/@29hanoi.dangcap/video/7673473822372252949,"Phường Thượng Cát là một phường thuộc thành phố Hà Nội, hoạt ...","63 Lượt thích,Video TikTok từ hà nội xịn (@29hanoi.dangcap): ""Phường Thượng Cát là một phường thuộc thành phố Hà Nội, hoạt động theo mô hình chính quyền địa phương 2 cấp từ 01/07/2025."
Thượng Cát,Hà Nội,quán ăn ở Thượng Cát Hà Nội,7669724488656751893,dataland_,https://www.tiktok.com/@dataland_/video/7669724488656751893,Hạng 3 - Thượng Cát | Xếp hạng tiềm năng 126 xã phường Hà Nội ...,"881 Lượt thích,120 Bình luận.Video TikTok từ DATALAND Hà Nội (@dataland_): ""Hạng 3 - Thượng Cát | Xếp hạng tiềm năng 126 xã phường Hà Nội #dataland #hanoi #diembungphat #bds #batdongsan"".âm thanh gốc - DATALAND Hà Nội."
Đông Ngạc,Hà Nội,quán ăn ở Đông Ngạc Hà Nội,7676351577778654481,dicunglinhnao,https://www.tiktok.com/@dicunglinhnao/video/7676351577778654481,"Quán cafe ngói Đông Anh: ăn uống, không gian cuối tuần | TikTok","Quán cafe ngói ở Đông Anh là điểm đến quen thuộc cho những ai tìm không gian nhẹ nhàng kết hợp đồ ăn, đồ uống và trò chuyện cuối tuần. Video giới thiệu ngắn gọn về quán ghi nhận: quán nằm ở khu Đông Anh, nổi bật với mái ngói, phù hợp cho buổi hẹn cuối năm hoặc dịp đầu năm. Không gian và phong cách ..."
Đông Ngạc,Hà Nội,quán ăn ở Đông Ngạc Hà Nội,7680550480858074389,dng.thu.h2,https://www.tiktok.com/@dng.thu.h2/video/7680550480858074389,"Bán thịt tươi xuyên lễ tại 192 Kẻ Vẽ - Đông Ngạc, Bắc Từ Liêm ...","Mô tả ngắn gọn: chủ cửa hàng bán thịt tươi tại số 192 Kẻ Vẽ, Đông Ngạc, Bắc Từ Liêm (Hà Nội) đang gặp tình trạng chợ ế ẩm trong dịp lễ, dù vẫn mở bán như thường. Hashtag liên quan: #Emhabanthti #Xuhuong #Viral."
Đông Ngạc,Hà Nội,quán ăn ở Đông Ngạc Hà Nội,7689439676838530325,doanxtranq,https://www.tiktok.com/@doanxtranq/video/7689439676838530325,Thề ở HN k biết còn chỗ nào buffet nướng 199 mà view đỉnh ...,"220 Lượt thích,43 Bình luận.Video TikTok từ Doãn Trang ăn gì đây (@doanxtranq): ""Thề ở HN k biết còn chỗ nào buffet nướng 199🐠 mà view đỉnh như này nữa k 😭 Thịt tươi, menu đa dạng, bàn t gọi gần 20 đĩa ăn no ị luôn nhé ##hanoiangi##ytuonghenho##buffet##nướng##hadong"".âm thanh gốc - Doãn Trang ăn gì đây."
Xuân Đỉnh,Hà Nội,quán ăn ở Xuân Đỉnh Hà Nội,7680142356334578964,nguyn.hng.dim061,https://www.tiktok.com/@nguyn.hng.dim061/video/7680142356334578964,"Review 30 bữa ăn sáng tại Xuân Đỉnh: quán ngon, giá hợp lý ...","Kết luận Video và nội dung hướng đến người muốn tìm quán ăn sáng ngon, giá hợp lý tại Xuân Đỉnh; review dựa trên nhiều lần trải nghiệm (khoảng 2,5 năm và 30 bữa) giúp người xem có cơ sở tin cậy để quyết định thử quán."
Xuân Đỉnh,Hà Nội,quán ăn ở Xuân Đỉnh Hà Nội,7674545662494592276,nguyn.hng.dim061,https://www.tiktok.com/@nguyn.hng.dim061/video/7674545662494592276,"30 ngày food tour tại Xuân Đỉnh: review ăn ngon, mukbang địa ...","- Đi theo nhóm nhỏ để thử đa dạng món hơn. - Đặt câu hỏi với chủ quán về cách chế biến nếu muốn biết chi tiết món ăn. Kết luận 30 ngày food tour ở Xuân Đỉnh là cách hoàn hảo để khám phá ẩm thực địa phương, từ quán bình dân đến đồ ăn vặt hấp dẫn."
Xuân Đỉnh,Hà Nội,quán ăn ở Xuân Đỉnh Hà Nội,7548800170780036360,hanoiangi,https://www.tiktok.com/@hanoiangi/video/7548800170780036360,"Quán nướng đông nhất Xuân Đỉnh ở Hà Nội | TikTokBéo Nướng - Quán Nướng Hút Khách Ở Xuân Đỉnh | TikTokỐc Minh Việt: Quán Nướng Ngon Tại Xuân Đỉnh | TikTokQuán Mì Chua Cay Nổi Bật Tại Xuân Đỉnh, Hà Nội | TikTokTê Tê Bunsik CS7 Xuân La: review quán ăn muộn ở Hà Nội | TikTok","Khám phá quán nướng nổi tiếng ở Xuân Đỉnh - nơi phục vụ món nướng ngon nhất. Đến và cảm nhận! #vrmgr #hanoiangi #xuhuong 2124 Lượt thích,23 Bình luận.Video TikTok từ Eatwithmynoreo (@eatwithmynoreo): ""Khám phá quán nướng Béo tại Xuân Đỉnh, nơi tạo nên bữa tiệc ẩm thực đáng nhớ. Hãy đến và thưởng thức ngay hôm nay! #AnCungTikTok #eatwithmynoreo #tiktokfood #LearnOnTikTok"". Khám phá quán ốc Minh Việt tại Xuân Đỉnh với món nướng hấp dẫn. Ghé thăm ngay để thưởng thức ẩm thực độc đáo! #xuhuongtiktok #foodtiktok #foodreview #athuongne #quanocngon #ocnong Keywords: quán mì chua cay Hà Nội, mì chua cay Xuân Đỉnh, ăn mì chua cay ngon, review quán mì chua cay, ẩm thực Hà Nội nổi bật, mì cay lẩu nướng ngon, địa điểm ăn đêm Hà Nội Giới thiệu ngắn Quán thuộc chuỗi Tê Tê Bunsik, được người đăng nhắc kèm hashtag #tetebunsik và #motminhlangthang, gợi ý đây là trải nghiệm ăn vặt/ăn nhanh phù hợp cho buổi tối hoặc ăn muộn."
Xuân Đỉnh,Hà Nội,quán ăn ở Xuân Đỉnh Hà Nội,7592202314425879828,eatwithmynoreo,https://www.tiktok.com/@eatwithmynoreo/video/7592202314425879828,Béo Nướng - Quán Nướng Hút Khách Ở Xuân Đỉnh | TikTok,"2124 Lượt thích,23 Bình luận.Video TikTok từ Eatwithmynoreo (@eatwithmynoreo): ""Khám phá quán nướng Béo tại Xuân Đỉnh, nơi tạo nên bữa tiệc ẩm thực đáng nhớ. Hãy đến và thưởng thức ngay hôm nay! #AnCungTikTok #eatwithmynoreo #tiktokfood #LearnOnTikTok""."
Xuân Đỉnh,Hà Nội,quán ăn ở Xuân Đỉnh Hà Nội,7552496970305146120,athuongne,https://www.tiktok.com/@athuongne/video/7552496970305146120,"Ốc Minh Việt: Quán Nướng Ngon Tại Xuân Đỉnh | TikTokQuán Mì Chua Cay Nổi Bật Tại Xuân Đỉnh, Hà Nội | TikTokTê Tê Bunsik CS7 Xuân La: review quán ăn muộn ở Hà Nội | TikTok","Khám phá quán ốc Minh Việt tại Xuân Đỉnh với món nướng hấp dẫn. Ghé thăm ngay để thưởng thức ẩm thực độc đáo! #xuhuongtiktok #foodtiktok #foodreview #athuongne #quanocngon #ocnong Keywords: quán mì chua cay Hà Nội, mì chua cay Xuân Đỉnh, ăn mì chua cay ngon, review quán mì chua cay, ẩm thực Hà Nội nổi bật, mì cay lẩu nướng ngon, địa điểm ăn đêm Hà Nội Giới thiệu ngắn Quán thuộc chuỗi Tê Tê Bunsik, được người đăng nhắc kèm hashtag #tetebunsik và #motminhlangthang, gợi ý đây là trải nghiệm ăn vặt/ăn nhanh phù hợp cho buổi tối hoặc ăn muộn."
Xuân Đỉnh,Hà Nội,quán ăn ở Xuân Đỉnh Hà Nội,7595549638489328904,.banhsukem,https://www.tiktok.com/@.banhsukem/video/7595549638489328904,"Quán Mì Chua Cay Nổi Bật Tại Xuân Đỉnh, Hà Nội | TikTokTê Tê Bunsik CS7 Xuân La: review quán ăn muộn ở Hà Nội | TikTok","Keywords: quán mì chua cay Hà Nội, mì chua cay Xuân Đỉnh, ăn mì chua cay ngon, review quán mì chua cay, ẩm thực Hà Nội nổi bật, mì cay lẩu nướng ngon, địa điểm ăn đêm Hà Nội Giới thiệu ngắn Quán thuộc chuỗi Tê Tê Bunsik, được người đăng nhắc kèm hashtag #tetebunsik và #motminhlangthang, gợi ý đây là trải nghiệm ăn vặt/ăn nhanh phù hợp cho buổi tối hoặc ăn muộn."
Xuân Đỉnh,Hà Nội,quán ăn ở Xuân Đỉnh Hà Nội,7665714650289409300,motminhlangthang7,https://www.tiktok.com/@motminhlangthang7/video/7665714650289409300,Tê Tê Bunsik CS7 Xuân La: review quán ăn muộn ở Hà Nội | TikTok,"Giới thiệu ngắn Quán thuộc chuỗi Tê Tê Bunsik, được người đăng nhắc kèm hashtag #tetebunsik và #motminhlangthang, gợi ý đây là trải nghiệm ăn vặt/ăn nhanh phù hợp cho buổi tối hoặc ăn muộn."
Tây Tựu,Hà Nội,quán ăn ở Tây Tựu Hà Nội,7677218743583329557,nguyetoi_,https://www.tiktok.com/@nguyetoi_/video/7677218743583329557,Hanane Coffee and Tea Hà Nội: review quán 78 phố Nhổn - Tây ...,"Kết luận Hanane Coffee and Tea tại 78 phố Nhổn, Tây Tựu, Hà Nội là điểm tham khảo cho ai tìm quán cà phê/ trà ở khu vực này. Thông tin mô tả kèm hashtag cho thấy quán đang được chú ý trên Tiktok — đáng để ghé thử nếu muốn trải nghiệm đồ uống và không gian được chia ..."
Tây Tựu,Hà Nội,quán ăn ở Tây Tựu Hà Nội,7317202194535550215,bachuareview,https://www.tiktok.com/@bachuareview/video/7317202194535550215,Izakaya Matsuki: Quán Nhậu Kiểu Nhật Ở Hồ Tây | TikTok,"Dec 27, 2023 · Khám phá quán nhậu kiểu Nhật Izakaya Matsuki mở tới 1h sáng tại Hồ Tây, Hà Nội. Thưởng thức món ngon và không gian thoải mái! #bachuareview #LearnOnTikTok #vtmgr #ancungtiktok"
Tây Tựu,Hà Nội,quán ăn ở Tây Tựu Hà Nội,7346567107703868673,donicchillchuanchinh,https://www.tiktok.com/@donicchillchuanchinh/video/7346567107703868673,Matsuki Izakaya - Quán nhậu Nhật Bản view Hồ Tây cực chill ...,"Mar 15, 2024 · 6825 Lượt thích,197 Bình luận.Video TikTok từ Chill Chuẩn Chỉnh (@donicchillchuanchinh): ""Khám phá quán nhậu Nhật Bản tại Hồ Tây với không khí cực kỳ ấm cúng và món ăn ngon. Nơi đậm chất Nhật Bản với món xiên gà Pinto tan và sashimi cá hồi hấp dẫn. Ăn uống đa dạng, từ salad ..."
Tây Tựu,Hà Nội,quán ăn ở Tây Tựu Hà Nội,7649330497960627464,vitditrenphao,https://www.tiktok.com/@vitditrenphao/video/7649330497960627464,Sushi Hokkaido Sachi Lotte Mall Tây Hồ review | TikTok,"Địa điểm và vị trí Sushi Hokkaido Sachi nằm ở Tầng 3, Lotte Mall Tây Hồ, Hà Nội. Video/clip gắn thẻ cửa hàng này với các hashtag #sushihokkaidosachi #hokkaido #unisashimi #hanoi #foodreview #vitditrenphao, cho thấy trọng tâm là trải nghiệm ẩm thực tại nhà hàng sushi phong cách Hokkaido."
Tây Tựu,Hà Nội,quán ăn ở Tây Tựu Hà Nội,7651563594882108692,changa.nhatminh,https://www.tiktok.com/@changa.nhatminh/video/7651563594882108692,"Chân gà sốt Thái & chân gà xả tắc ở số 9 phố Nhổn, đường Tây ...Tây Tựu Hà Nội | TikTokHoa tươi tây tựu Hà Nội (@zalo0972167429) | TikTok","Nếu bạn ở khu vực Đại học Công nghiệp Hà Nội, rẽ phải từ đường Cầu Diễn vào đường Tây Tựu, ngã tư Nhổn có một địa chỉ ăn vặt nổi bật: số 9 phố Nhổn, đường Tây Tựu. Quán tập trung hai món chân gà được ưa chuộng: chân gà sốt Thái và chân gà xả tắc. 34 Lượt thích,Video TikTok từ Thợ Săn Tiền Thưởng (@thosan_tien_thuong): ""Tây Tựu Hà Nội"".original sound - panda mun. Hoa tươi tây tựu Hà Nội (@zalo0972167429) trên TikTok |239 Follower.No bio yet.Xem video mới nhất từ Hoa tươi tây tựu Hà Nội (@zalo0972167429)."
Tây Tựu,Hà Nội,quán ăn ở Tây Tựu Hà Nội,7673062333572287764,thosan_tien_thuong,https://www.tiktok.com/@thosan_tien_thuong/video/7673062333572287764,Tây Tựu Hà Nội | TikTok,"34 Lượt thích,Video TikTok từ Thợ Săn Tiền Thưởng (@thosan_tien_thuong): ""Tây Tựu Hà Nội"".original sound - panda mun."
Phú Diễn,Hà Nội,quán ăn ở Phú Diễn Hà Nội,7598388102293474568,the1ngoan,https://www.tiktok.com/@the1ngoan/video/7598388102293474568,Khám Phá Xưởng 193 Phú Diễn - Nhà Hàng Đáng Trải Nghiệm | TikTokKhám Phá Buffet Xiên Ngõ 83 Phú Diễn | TikTokPhú Diễn | TikTok PlacesĐánh giá quán buffet Nướng Vũ Phú Diễn | TikTokQuán Vũ Buffet Nướng Chảo Gang (@quanvu171phudien) | TikTokBuffet nem nướng Phú Diễn | Nem Nướng Nhật Hạ 19k | TikTokYihetang 103 Phú Diễn-Hà Nội (@yihetang.ph.din) | TikTok,"Khám Phá Xưởng 193 Phú Diễn - Nhà Hàng Đáng Trải Nghiệm Tìm hiểu về Xưởng 193 Phú Diễn với không gian đẹp và đồ ăn chất lượng. Khám phá ngay hôm nay! #xuongnhau193phudien Khám Phá Buffet Xiên Ngõ 83 Phú Diễn Tìm hiểu về Buffet Xiên Ngõ 83 Phú Diễn với món Chân Gà Nướng độc đáo. Cùng khám phá nhé! #ChanGaNuongCoThai #ChanGa #QuanAP tiem.xam.phu.dien2.193 #CapCut không biết lên video đã nét cho ae ngắm chưa nữa,ae nhớ luu khi cần nhé #Hình Xăm Rồng Nữa Cánh Tay Và Bụng #hinhxammatquy #hinhxamnghethuat Sep 27, 2023 · Đánh giá quán buffet Nướng Vũ Phú Diễn Craving some familiar flavors? 🤔 Made a rare trip to this area and, of course, had to stop by my go-to spot! 😜 At Vũ Nướng Phú Diễn, I tend to stick to what I love: a few slices of beef 🥩 and some short ribs – simple and satisfying! Quán Vũ Buffet Nướng Chảo Gang (@quanvu171phudien) trên TikTok |654 Lượt thích.95 Follower.Hotline đặt bàn 0974832230 Quán Vũ 171 Phú Diễn.Xem video mới nhất từ Quán Vũ Buffet Nướng Chảo Gang (@quanvu171phudien). - Thử hỏi về các món ăn kèm và nước chấm đặc trưng để có trải nghiệm nem nướng đầy đủ hương vị Nha Trang. Kết thúc Buffet nem nướng Phú Diễn giá 19k của Nem Nướng Nhật Hạ là lựa chọn tiết kiệm cho người thích nem nướng Nha Trang. Yihetang 103 Phú Diễn-Hà Nội (@yihetang.ph.din) trên TikTok |6349 Lượt thích.167 Follower.Yi He Tang 103 -Phú Diễn- Bắc Từ Liêm 📞: 1.9.0.0.9.9.9.9.0.6.Xem video mới nhất từ Yihetang 103 Phú Diễn-Hà Nội (@yihetang.ph.din)."
Phú Diễn,Hà Nội,quán ăn ở Phú Diễn Hà Nội,7553614353623190802,changanuong.cothai,https://www.tiktok.com/@changanuong.cothai/video/7553614353623190802,Khám Phá Buffet Xiên Ngõ 83 Phú Diễn | TikTokPhú Diễn | TikTok PlacesĐánh giá quán buffet Nướng Vũ Phú Diễn | TikTokQuán Vũ Buffet Nướng Chảo Gang (@quanvu171phudien) | TikTokBuffet nem nướng Phú Diễn | Nem Nướng Nhật Hạ 19k | TikTokYihetang 103 Phú Diễn-Hà Nội (@yihetang.ph.din) | TikTok,"Khám Phá Buffet Xiên Ngõ 83 Phú Diễn Tìm hiểu về Buffet Xiên Ngõ 83 Phú Diễn với món Chân Gà Nướng độc đáo. Cùng khám phá nhé! #ChanGaNuongCoThai #ChanGa #QuanAP tiem.xam.phu.dien2.193 #CapCut không biết lên video đã nét cho ae ngắm chưa nữa,ae nhớ luu khi cần nhé #Hình Xăm Rồng Nữa Cánh Tay Và Bụng #hinhxammatquy #hinhxamnghethuat Sep 27, 2023 · Đánh giá quán buffet Nướng Vũ Phú Diễn Craving some familiar flavors? 🤔 Made a rare trip to this area and, of course, had to stop by my go-to spot! 😜 At Vũ Nướng Phú Diễn, I tend to stick to what I love: a few slices of beef 🥩 and some short ribs – simple and satisfying! Quán Vũ Buffet Nướng Chảo Gang (@quanvu171phudien) trên TikTok |654 Lượt thích.95 Follower.Hotline đặt bàn 0974832230 Quán Vũ 171 Phú Diễn.Xem video mới nhất từ Quán Vũ Buffet Nướng Chảo Gang (@quanvu171phudien). - Thử hỏi về các món ăn kèm và nước chấm đặc trưng để có trải nghiệm nem nướng đầy đủ hương vị Nha Trang. Kết thúc Buffet nem nướng Phú Diễn giá 19k của Nem Nướng Nhật Hạ là lựa chọn tiết kiệm cho người thích nem nướng Nha Trang. Yihetang 103 Phú Diễn-Hà Nội (@yihetang.ph.din) trên TikTok |6349 Lượt thích.167 Follower.Yi He Tang 103 -Phú Diễn- Bắc Từ Liêm 📞: 1.9.0.0.9.9.9.9.0.6.Xem video mới nhất từ Yihetang 103 Phú Diễn-Hà Nội (@yihetang.ph.din)."
Phú Diễn,Hà Nội,quán ăn ở Phú Diễn Hà Nội,7283494011132726546,trangvau10,https://www.tiktok.com/@trangvau10/video/7283494011132726546,Đánh giá quán buffet Nướng Vũ Phú Diễn | TikTok,"Sep 27, 2023 · Đánh giá quán buffet Nướng Vũ Phú Diễn Craving some familiar flavors? 🤔 Made a rare trip to this area and, of course, had to stop by my go-to spot! 😜 At Vũ Nướng Phú Diễn, I tend to stick to what I love: a few slices of beef 🥩 and some short ribs – simple and satisfying!"
Phú Diễn,Hà Nội,quán ăn ở Phú Diễn Hà Nội,7662247370737847570,nongdantaplamdoanhnghiep,https://www.tiktok.com/@nongdantaplamdoanhnghiep/video/7662247370737847570,Buffet nem nướng Phú Diễn | Nem Nướng Nhật Hạ 19k | TikTok,- Thử hỏi về các món ăn kèm và nước chấm đặc trưng để có trải nghiệm nem nướng đầy đủ hương vị Nha Trang. Kết thúc Buffet nem nướng Phú Diễn giá 19k của Nem Nướng Nhật Hạ là lựa chọn tiết kiệm cho người thích nem nướng Nha Trang.
Xuân Phương,Hà Nội,quán ăn ở Xuân Phương Hà Nội,7678568334677331218,ongchauchimmoi,https://www.tiktok.com/@ongchauchimmoi/video/7678568334677331218,Phở Tíu Bà Phương — Đánh giá quán ngon giữa chợ Đồng Xuân ...,"95 Lượt thích,Video TikTok từ Ông cháu chim mồi 🐤 (@ongchauchimmoi): ""Đánh giá chi tiết Phở Tíu Bà Phương: hương vị, không gian và trải nghiệm ăn giữa chợ Đồng Xuân. #ongchauchimmoireview #reviewfood #photiubaphuong #quananngon AI Video Summary: Khám phá Phở Tíu Bà Phương, một quán ăn độc đáo giữa lòng chợ Đồng Xuân, Hà ..."
Xuân Phương,Hà Nội,quán ăn ở Xuân Phương Hà Nội,7201124974520831259,phuc2_4,https://www.tiktok.com/@phuc2_4/video/7201124974520831259,Golden Coffee: Quán Cà Phê Chill Ở Xuân Phương | TikTok,"Feb 17, 2023 · Keywords: quán cà phê ở Xuân Phương, không gian cafe vintage, Golden Coffee Phúc Diễn, cafe học bài, nơi check-in tại Hà Nội, quán cà phê mở đêm, đồ uống ngon tại cafe, địa điểm chill ở Xuân Phương, quán cà phê yên tĩnh"
Xuân Phương,Hà Nội,quán ăn ở Xuân Phương Hà Nội,7670799776161598727,tphuongg105,https://www.tiktok.com/@tphuongg105/video/7670799776161598727,Gợi ý quán ăn cho Phương — quán ngon nên thử | TikTok,"Kết luận Đề xuất quán ăn cho Phương nên linh hoạt theo vị trí, ngân sách và tâm trạng. Gợi ý kết hợp: một quán ấm cúng cho bữa chính, một quán nhanh nếu cần gấp, và một địa điểm đặc sản cho dịp muốn đổi vị."
Xuân Phương,Hà Nội,quán ăn ở Xuân Phương Hà Nội,7592202314425879828,eatwithmynoreo,https://www.tiktok.com/@eatwithmynoreo/video/7592202314425879828,Béo Nướng - Quán Nướng Hút Khách Ở Xuân Đỉnh | TikTok,"2124 Lượt thích,23 Bình luận.Video TikTok từ Eatwithmynoreo (@eatwithmynoreo): ""Khám phá quán nướng Béo tại Xuân Đỉnh, nơi tạo nên bữa tiệc ẩm thực đáng nhớ. Hãy đến và thưởng thức ngay hôm nay! #AnCungTikTok #eatwithmynoreo #tiktokfood #LearnOnTikTok""."
Xuân Phương,Hà Nội,quán ăn ở Xuân Phương Hà Nội,7674545662494592276,nguyn.hng.dim061,https://www.tiktok.com/@nguyn.hng.dim061/video/7674545662494592276,"30 ngày food tour tại Xuân Đỉnh: review ăn ngon, mukbang địa ...","- Đi theo nhóm nhỏ để thử đa dạng món hơn. - Đặt câu hỏi với chủ quán về cách chế biến nếu muốn biết chi tiết món ăn. Kết luận 30 ngày food tour ở Xuân Đỉnh là cách hoàn hảo để khám phá ẩm thực địa phương, từ quán bình dân đến đồ ăn vặt hấp dẫn."
Đại Mỗ,Hà Nội,quán ăn ở Đại Mỗ Hà Nội,7664261466316492039,kencoffee_daimo,https://www.tiktok.com/@kencoffee_daimo/video/7664261466316492039,Kén Coffee Đại Mỗ - Quán cà phê gần Aeon Hà Đông (mùa sen ...,"33 Lượt thích,Video TikTok từ Kén Coffee Đại Mỗ (@kencoffee_daimo): ""Giới thiệu Kén Coffee Đại Mỗ gần Aeon Hà Đông: địa chỉ, không gian, và chọn món mùa sen trước khi kết thúc. #KenCoffee_Dai_Mo #ca_phe_gan_aeon #kencoffee_tpgiaoluu""."
Thanh Liệt,Hà Nội,quán ăn ở Thanh Liệt Hà Nội,7640828886196047124,iamsiia_,https://www.tiktok.com/@iamsiia_/video/7640828886196047124,"Lakafe Coffee Thanh Liệt - Quán cafe Hà Nội đẹp như Đà Lạt ...Thanh Liệt Hà Nội #hottrend #xuhuong | TikTokQuán Lakafe Thanh Liệt Hà Nội – cà phê thơ, vừa chanh vừa xả ...Ban Công Coffee - Quán cafe chụp ảnh mùa thu Hà Nội (Số 2 ...HÀ NỘI TÔI ĂN GÌ? (@todaytiteat) | TikTokTrung thu Hà Nội sớm hẳn 1 tháng Bánh mì Gác - 1 Đinh Liệt ...Khám Phá Quán Phở Anh Hai Tê Liệt | TikTok","So sánh với quán ở Đà Lạt Lakafe Coffee Thanh Liệt được so sánh với nhiều quán Đà Lạt nhờ: cây xanh, tông màu ấm, không gian thư giãn. Điểm khác biệt là vị trí trong Hà Nội, dễ tiếp cận hơn cho cư dân thủ đô. Video TikTok từ Thợ Săn Tiền Thưởng (@thosan_tien_thuong): ""Thanh Liệt Hà Nội #hottrend #xuhuong"".original sound - panda mun. Điểm nhanh bạn cần biết - Tên quán: Lakafe - Địa điểm: phường Vũ Đức Uy, Thanh Liệt, Hà Nội - Ấn tượng: không gian thơ, thức uống tươi, hương chanh xả rõ - Hashtag liên quan: #caffe #xhuongtiktok Lý do nên thử - Không gian phù hợp để ""lạc"" thư giãn theo cảm nhận người đăng. Lead Ban Công Coffee (Số 2 Đinh Liệt, Hoàn Kiếm) là địa điểm đáng ghé khi muốn chụp ảnh mùa thu Hà Nội. Video ghi lại trải nghiệm thu Hà Nội trên ban công quán, phù hợp cho những ai tìm quán cafe chụp ảnh trung ở Hà Nội hoặc chụp ảnh hoa mùa thu. Hãy tham gia cùng 386.2K follower trên TikTok để xem nhiều nội dung todaytiteat, reviewanngon, vtmgr hơn 55 Lượt thích,Video TikTok từ Cán bộ ham ăn (@canbohaman): ""Trung thu Hà Nội sớm hẳn 1 tháng🌝🌎📍Bánh mì Gác - 1 Đinh Liệt #hanoi #viral #banhmi #hanoiangi #hanoifood"".Sandwich & Story - MONO & EmceeDan. Trải nghiệm phở Anh Hai Tê Liệt - món ăn độc đáo xứ Việt với hương vị thơm ngon. #art #brotherhaiphorestaurant #phoanhhai #vietnam #việtnam"
Thanh Liệt,Hà Nội,quán ăn ở Thanh Liệt Hà Nội,7677610232364780821,thosan_tien_thuong,https://www.tiktok.com/@thosan_tien_thuong/video/7677610232364780821,Thanh Liệt Hà Nội #hottrend #xuhuong | TikTok,"Video TikTok từ Thợ Săn Tiền Thưởng (@thosan_tien_thuong): ""Thanh Liệt Hà Nội #hottrend #xuhuong"".original sound - panda mun."
Thanh Liệt,Hà Nội,quán ăn ở Thanh Liệt Hà Nội,7642988859319471368,anh.min91,https://www.tiktok.com/@anh.min91/video/7642988859319471368,"Quán Lakafe Thanh Liệt Hà Nội – cà phê thơ, vừa chanh vừa xả ...","Điểm nhanh bạn cần biết - Tên quán: Lakafe - Địa điểm: phường Vũ Đức Uy, Thanh Liệt, Hà Nội - Ấn tượng: không gian thơ, thức uống tươi, hương chanh xả rõ - Hashtag liên quan: #caffe #xhuongtiktok Lý do nên thử - Không gian phù hợp để ""lạc"" thư giãn theo cảm nhận người đăng."
Thanh Liệt,Hà Nội,quán ăn ở Thanh Liệt Hà Nội,7674151758779649287,hieulum,https://www.tiktok.com/@hieulum/video/7674151758779649287,Ban Công Coffee - Quán cafe chụp ảnh mùa thu Hà Nội (Số 2 ...,"Lead Ban Công Coffee (Số 2 Đinh Liệt, Hoàn Kiếm) là địa điểm đáng ghé khi muốn chụp ảnh mùa thu Hà Nội. Video ghi lại trải nghiệm thu Hà Nội trên ban công quán, phù hợp cho những ai tìm quán cafe chụp ảnh trung ở Hà Nội hoặc chụp ảnh hoa mùa thu."
Thanh Liệt,Hà Nội,quán ăn ở Thanh Liệt Hà Nội,7679295488352374023,canbohaman,https://www.tiktok.com/@canbohaman/video/7679295488352374023,Trung thu Hà Nội sớm hẳn 1 tháng Bánh mì Gác - 1 Đinh Liệt ...,"55 Lượt thích,Video TikTok từ Cán bộ ham ăn (@canbohaman): ""Trung thu Hà Nội sớm hẳn 1 tháng🌝🌎📍Bánh mì Gác - 1 Đinh Liệt #hanoi #viral #banhmi #hanoiangi #hanoifood"".Sandwich & Story - MONO & EmceeDan."
Thanh Liệt,Hà Nội,quán ăn ở Thanh Liệt Hà Nội,7571071453777464597,naed751,https://www.tiktok.com/@naed751/video/7571071453777464597,Khám Phá Quán Phở Anh Hai Tê Liệt | TikTok,Trải nghiệm phở Anh Hai Tê Liệt - món ăn độc đáo xứ Việt với hương vị thơm ngon. #art #brotherhaiphorestaurant #phoanhhai #vietnam #việtnam
Hà Đông,Hà Nội,quán ăn ở Hà Đông Hà Nội,7473427972939107591,hanoiangi,https://www.tiktok.com/@hanoiangi/video/7473427972939107591,Khám Phá Top 3 Quán Ăn Đêm Ở Hà Đông | TikTokTop 3 Quán Ăn Sáng Ngon Nhất Hà Đông | TikToknotes.tiktok.comNhững Địa Điểm Ăn Ngon Ở Hà Đông | TikTokKhám Phá Quán Ăn Ngon Tại Hà Đông | TikTokGợi Ý Địa Điểm Ăn Sáng Ngon Ở Hà Nội | TikTokTop 10 Quán Ăn Đêm Hà Nội Không Thể Bỏ Lỡ | TikTok,"Tìm hiểu những quán ăn đêm ngon nhất ở Hà Đông, Hà Nội với Người Hà Đông. Tham gia ngay! #vrmgr #hanoiangi #xuhuong #nguoihadong #hadong Khám phá 3 quán ăn sáng tuyệt vời ở Hà Đông! Cùng mình xem có thiếu quán nào không nhé! #vrmgr #hanoiangi #xuhuong #nguoihadong #hadong Nước mía trân châu ở Hà Trung nó cứ bị cuốn thế nào ý nhể #ther_nguyen_boc_food #ancungtiktok #learnontiktok #reviewanngon #vtmgr Ther Nguyen 0 lượt thích Chị chủ quán Mì trộn Indomie bắn ráp trấn động thật #ther_nguyen_boc_food #ancungtiktok #learnontiktok #reviewanngon #vtmgr Ther Nguyen 0 lượt ... Xem ngay review về các quán ăn ngon ở Hà Đông, được đánh giá cao bởi Team Hà Đông. Ăn ngon, mê mẩn không gian tại Hà Đông với những món ngon ngon. #hadongpho #hadongban #hadongdidau #hadongangi #mmfood Nov 12, 2024 · Tìm hiểu địa điểm ăn uống thú vị tại Hà Đông với bài review chi tiết và hữu ích. #bittet #bosotvang #hanoiangi #foodreview #foodreviewhanoi Khám phá các địa điểm ăn sáng ngon tại Thủ Đô Hà Nội với các món phở hấp dẫn. Xem ngay để biết thêm chi tiết! #reviewhanoi #hanoiangi #foodtourhanoi #hanoi #hanoifood Aug 11, 2023 · 43.6K Lượt thích,439 Bình luận.Video TikTok từ Đi Ăn Đê (@.diande): ""Khám phá top 10 quán ăn đêm lý tưởng ở Hà Nội, từ xôi bàn thờ đến phở gánh. Thưởng thức những món ăn ngon và không gian náo nhiệt! #xuhuong #ReviewAnNgon #AnCungTikTok #diandem""."
Hà Đông,Hà Nội,quán ăn ở Hà Đông Hà Nội,7474595476478741777,hanoiangi,https://www.tiktok.com/@hanoiangi/video/7474595476478741777,Top 3 Quán Ăn Sáng Ngon Nhất Hà Đông | TikToknotes.tiktok.comNhững Địa Điểm Ăn Ngon Ở Hà Đông | TikTokKhám Phá Quán Ăn Ngon Tại Hà Đông | TikTokGợi Ý Địa Điểm Ăn Sáng Ngon Ở Hà Nội | TikTokTop 10 Quán Ăn Đêm Hà Nội Không Thể Bỏ Lỡ | TikTok,"Khám phá 3 quán ăn sáng tuyệt vời ở Hà Đông! Cùng mình xem có thiếu quán nào không nhé! #vrmgr #hanoiangi #xuhuong #nguoihadong #hadong Nước mía trân châu ở Hà Trung nó cứ bị cuốn thế nào ý nhể #ther_nguyen_boc_food #ancungtiktok #learnontiktok #reviewanngon #vtmgr Ther Nguyen 0 lượt thích Chị chủ quán Mì trộn Indomie bắn ráp trấn động thật #ther_nguyen_boc_food #ancungtiktok #learnontiktok #reviewanngon #vtmgr Ther Nguyen 0 lượt ... Xem ngay review về các quán ăn ngon ở Hà Đông, được đánh giá cao bởi Team Hà Đông. Ăn ngon, mê mẩn không gian tại Hà Đông với những món ngon ngon. #hadongpho #hadongban #hadongdidau #hadongangi #mmfood Nov 12, 2024 · Tìm hiểu địa điểm ăn uống thú vị tại Hà Đông với bài review chi tiết và hữu ích. #bittet #bosotvang #hanoiangi #foodreview #foodreviewhanoi Khám phá các địa điểm ăn sáng ngon tại Thủ Đô Hà Nội với các món phở hấp dẫn. Xem ngay để biết thêm chi tiết! #reviewhanoi #hanoiangi #foodtourhanoi #hanoi #hanoifood Aug 11, 2023 · 43.6K Lượt thích,439 Bình luận.Video TikTok từ Đi Ăn Đê (@.diande): ""Khám phá top 10 quán ăn đêm lý tưởng ở Hà Nội, từ xôi bàn thờ đến phở gánh. Thưởng thức những món ăn ngon và không gian náo nhiệt! #xuhuong #ReviewAnNgon #AnCungTikTok #diandem""."
Hà Đông,Hà Nội,quán ăn ở Hà Đông Hà Nội,7495625562052955410,tp.hadong,https://www.tiktok.com/@tp.hadong/video/7495625562052955410,Những Địa Điểm Ăn Ngon Ở Hà Đông | TikTok,"Xem ngay review về các quán ăn ngon ở Hà Đông, được đánh giá cao bởi Team Hà Đông. Ăn ngon, mê mẩn không gian tại Hà Đông với những món ngon ngon. #hadongpho #hadongban #hadongdidau #hadongangi #mmfood"
Hà Đông,Hà Nội,quán ăn ở Hà Đông Hà Nội,7436353562096962834,congchuahayann,https://www.tiktok.com/@congchuahayann/video/7436353562096962834,Khám Phá Quán Ăn Ngon Tại Hà Đông | TikTokGợi Ý Địa Điểm Ăn Sáng Ngon Ở Hà Nội | TikTokTop 10 Quán Ăn Đêm Hà Nội Không Thể Bỏ Lỡ | TikTok,"Nov 12, 2024 · Tìm hiểu địa điểm ăn uống thú vị tại Hà Đông với bài review chi tiết và hữu ích. #bittet #bosotvang #hanoiangi #foodreview #foodreviewhanoi Khám phá các địa điểm ăn sáng ngon tại Thủ Đô Hà Nội với các món phở hấp dẫn. Xem ngay để biết thêm chi tiết! #reviewhanoi #hanoiangi #foodtourhanoi #hanoi #hanoifood Aug 11, 2023 · 43.6K Lượt thích,439 Bình luận.Video TikTok từ Đi Ăn Đê (@.diande): ""Khám phá top 10 quán ăn đêm lý tưởng ở Hà Nội, từ xôi bàn thờ đến phở gánh. Thưởng thức những món ăn ngon và không gian náo nhiệt! #xuhuong #ReviewAnNgon #AnCungTikTok #diandem""."
Hà Đông,Hà Nội,quán ăn ở Hà Đông Hà Nội,7508677019404651783,thodiahanois,https://www.tiktok.com/@thodiahanois/video/7508677019404651783,Gợi Ý Địa Điểm Ăn Sáng Ngon Ở Hà Nội | TikTokTop 10 Quán Ăn Đêm Hà Nội Không Thể Bỏ Lỡ | TikTok,"Khám phá các địa điểm ăn sáng ngon tại Thủ Đô Hà Nội với các món phở hấp dẫn. Xem ngay để biết thêm chi tiết! #reviewhanoi #hanoiangi #foodtourhanoi #hanoi #hanoifood Aug 11, 2023 · 43.6K Lượt thích,439 Bình luận.Video TikTok từ Đi Ăn Đê (@.diande): ""Khám phá top 10 quán ăn đêm lý tưởng ở Hà Nội, từ xôi bàn thờ đến phở gánh. Thưởng thức những món ăn ngon và không gian náo nhiệt! #xuhuong #ReviewAnNgon #AnCungTikTok #diandem""."
Hà Đông,Hà Nội,quán ăn ở Hà Đông Hà Nội,7266055644891876615,.diande,https://www.tiktok.com/@.diande/video/7266055644891876615,Top 10 Quán Ăn Đêm Hà Nội Không Thể Bỏ Lỡ | TikTok,"Aug 11, 2023 · 43.6K Lượt thích,439 Bình luận.Video TikTok từ Đi Ăn Đê (@.diande): ""Khám phá top 10 quán ăn đêm lý tưởng ở Hà Nội, từ xôi bàn thờ đến phở gánh. Thưởng thức những món ăn ngon và không gian náo nhiệt! #xuhuong #ReviewAnNgon #AnCungTikTok #diandem""."
